name,label,Sum,location1,location2,location3,location4,location5,location6,location7,location8,location9,size1,size2,focus1,focus2,location,bright1,bright2,yaw,pitch,roll,contrast1,contrast2
(0)007wnN54ly1gdogtayabyj30hi0ncjub.jpg,1,28,0,0,0,4,10,8,2,2,2,1.0,0.0016455010066594394,0.1539421748947958,0.6542343467086928,8,0.7195886749541385,0.6990993271715916,35.681915283203125,11.54534912109375,-0.7315750122070312,0.9903544354929964,1.0924384092654906
(1)007wnN54ly1gdogtayabyj30hi0ncjub.jpg,1,28,0,0,0,4,10,8,2,2,2,0.8470588235294118,0.0013938361468174075,0.2256007054432179,0.9587738398754658,8,0.6896102642649009,0.6699745125768437,34.36198425292969,3.7823333740234375,-6.764434814453125,0.9835215849103052,1.0849012405976004
(2)007wnN54ly1gdogtayabyj30hi0ncjub.jpg,1,28,0,0,0,4,10,8,2,2,2,0.4235294117647059,0.0006969180734087037,0.2524155287331604,1.0727333731170456,4,0.6520637183059601,0.6334970554806969,30.375030517578125,8.073532104492188,0.59783935546875,0.9871374926298171,1.0888898696536091
(3)007wnN54ly1gdogtayabyj30hi0ncjub.jpg,1,28,0,0,0,4,10,8,2,2,2,0.9388235294117647,0.0015448350627226266,0.27575495804009537,1.1719229311157648,9,1.0,0.9715263059360228,26.792160034179688,0.16042327880859375,-4.210304260253906,0.9797864834648325,1.0807811315383562
(4)007wnN54ly1gdogtayabyj30hi0ncjub.jpg,1,28,0,0,0,4,10,8,2,2,2,0.49411764705882355,0.0008130710856434877,0.1525393453979291,0.648272502658786,5,0.5670123924013677,0.5508674550096475,45.182342529296875,10.425636291503906,3.3602447509765625,1.0,1.1030782214063364
(5)007wnN54ly1gdogtayabyj30hi0ncjub.jpg,1,28,0,0,0,4,10,8,2,2,2,0.7152941176470589,0.0011770171906458108,0.13023316997259052,0.5534741401116862,9,0.7447137876055299,0.7235090350520245,47.886322021484375,4.094818115234375,-1.1468124389648438,0.992712294795949,1.0950393125117182
(6)007wnN54ly1gdogtayabyj30hi0ncjub.jpg,1,28,0,0,0,4,10,8,2,2,2,0.5270588235294118,0.0008672758246863868,0.22110486692814976,0.9396671072609404,4,0.7165473580862142,0.6961446078297162,-10.061210632324219,10.892463684082031,-9.150314331054688,0.9862639815317045,1.0879263185851245
(7)007wnN54ly1gdogtayabyj30hi0ncjub.jpg,1,28,0,0,0,4,10,8,2,2,2,0.72,0.0011847607247947964,0.16292961997064034,0.6924298266789722,7,0.6756704062926905,0.6564315738558293,20.542144775390625,12.14337158203125,2.1315536499023438,0.991822025664977,1.0940572760221525
(8)007wnN54ly1gdogtayabyj30hi0ncjub.jpg,1,28,0,0,0,4,10,8,2,2,2,0.5505882352941176,0.0009059934954313148,0.18358764757725876,0.7802237740149927,5,0.5619478162103874,0.5459470860116927,24.15991973876953,12.356163024902344,-2.467071533203125,0.997054638271727,1.0998292570297146
(9)007wnN54ly1gdogtayabyj30hi0ncjub.jpg,1,28,0,0,0,4,10,8,2,2,2,0.3952941176470588,0.0006504568685147901,0.35811429129727346,1.521939452746024,6,0.6592519363140833,0.6404805983683916,43.00904846191406,8.229743957519531,-3.024871826171875,0.9573284443837082,1.0560081577324756
(10)007wnN54ly1gdogtayabyj30hi0ncjub.jpg,1,28,0,0,0,4,10,8,2,2,2,0.76,0.001250580765061174,0.13175433674194773,0.5599389022749173,7,0.60701389051402,0.5897299627029393,26.904556274414062,8.357940673828125,-0.165740966796875,0.9842805635844964,1.0857384534436127
(11)007wnN54ly1gdogtayabyj30hi0ncjub.jpg,1,28,0,0,0,4,10,8,2,2,2,0.6,0.0009873006039956636,0.276817562705471,1.1764388636049397,5,0.7124336860916655,0.6921480672730198,49.606903076171875,3.557403564453125,2.8014678955078125,0.9825726625307469,1.0838545049869046
(12)007wnN54ly1gdogtayabyj30hi0ncjub.jpg,1,28,0,0,0,4,10,8,2,2,2,0.4235294117647059,0.0006969180734087037,1.0,4.249870752805702,4,0.8995615804570786,0.873947739223436,21.27202606201172,8.169113159179688,5.245719909667969,0.8930605510708263,0.9851156442833696
(13)007wnN54ly1gdogtayabyj30hi0ncjub.jpg,1,28,0,0,0,4,10,8,2,2,2,0.38823529411764707,0.0006388415672913117,0.29346730724375275,1.24719812595987,6,0.511091555371309,0.49653889078498414,42.593963623046875,10.58624267578125,-0.08667755126953125,0.9968065239535969,1.0995555675289663
(14)007wnN54ly1gdogtayabyj30hi0ncjub.jpg,1,28,0,0,0,4,10,8,2,2,2,0.52,0.0008556605234629085,0.5253579526208118,2.232703397597071,5,0.7362582440205419,0.71529425202822,25.44408416748047,11.46685791015625,0.9529953002929688,0.941588086312476,1.038645311546962
(15)007wnN54ly1gdogtayabyj30hi0ncjub.jpg,1,28,0,0,0,4,10,8,2,2,2,0.38823529411764707,0.0006388415672913117,0.4289034494184111,1.822784225460785,5,0.6017107930950483,0.5845778640574669,4.8394775390625,13.37725830078125,-4.990608215332031,0.9422996476531491,1.039430219365053
(16)007wnN54ly1gdogtayabyj30hi0ncjub.jpg,1,28,0,0,0,4,10,8,2,2,2,0.5270588235294118,0.0008672758246863868,0.2858306583132856,1.2147433550208324,4,0.7766231400681858,0.754509810374879,14.352882385253906,7.6572113037109375,-0.6540985107421875,0.9857027796648405,1.0873072690279741
(17)007wnN54ly1gdogtayabyj30hi0ncjub.jpg,1,28,0,0,0,4,10,8,2,2,2,0.3058823529411765,0.0005033297196840638,0.3948322671469151,1.6779861044116422,5,0.6682487779485919,0.6492212666866571,23.432899475097656,7.890594482421875,-0.5069961547851562,0.9460600070425732,1.0435781899121876
(18)007wnN54ly1gdogtayabyj30hi0ncjub.jpg,1,28,0,0,0,4,10,8,2,2,2,0.4588235294117647,0.0007549945795260957,0.6502231594229747,2.763364388028619,6,0.8158652029163933,0.7926345067311072,10.611717224121094,2.8802490234375,2.54962158203125,0.9219726726132381,1.0170079758914572
(19)007wnN54ly1gdogtayabyj30hi0ncjub.jpg,1,28,0,0,0,4,10,8,2,2,2,0.3623529411764706,0.000596252129471891,0.2619879491906199,1.113414922852762,5,0.6501443948722322,0.6316323822752307,43.849945068359375,11.777435302734375,0.58782958984375,0.9715112491571022,1.0716529007964644
(20)007wnN54ly1gdogtayabyj30hi0ncjub.jpg,1,28,0,0,0,4,10,8,2,2,2,0.33647058823529413,0.0005536626916524702,0.3081108728037886,1.309431386950259,5,0.8307271407063751,0.8070732702512594,-4.780143737792969,15.010223388671875,-0.990509033203125,0.9519044096599298,1.050025023156524
(21)007wnN54ly1gdogtayabyj30hi0ncjub.jpg,1,28,0,0,0,4,10,8,2,2,2,0.5270588235294118,0.0008672758246863868,0.19164137519612354,0.8144510754734695,6,0.6626311559496058,0.6437635991378372,57.68980407714844,-0.72216796875,5.3451995849609375,0.978898352010407,1.0798014530732336
(22)007wnN54ly1gdogtayabyj30hi0ncjub.jpg,1,28,0,0,0,4,10,8,2,2,2,0.5647058823529412,0.0009292240978782717,0.5071695156418434,2.1554048912409045,6,0.6365110430068444,0.6183872222999245,41.42277526855469,-3.1948013305664062,-2.71429443359375,0.9402246747668046,1.0371413619641179
(23)007wnN54ly1gdogtayabyj30hi0ncjub.jpg,1,28,0,0,0,4,10,8,2,2,2,0.42823529411764705,0.0007046616075576894,0.49343980138293003,2.097055380167569,6,0.9054368972243952,0.8796557640185911,5.0395355224609375,4.0213165283203125,-1.0992431640625,0.9243310601191053,1.019609461786816
(24)007wnN54ly1gdogtayabyj30hi0ncjub.jpg,1,28,0,0,0,4,10,8,2,2,2,0.33647058823529413,0.0005536626916524702,0.46477115758934845,1.9752173493866216,5,0.5772659366155756,0.5608290429428284,13.25579833984375,0.466033935546875,-2.0079116821289062,0.9591150777383514,1.0579789540756206
(25)007wnN54ly1gdogtayabyj30hi0ncjub.jpg,1,28,0,0,0,4,10,8,2,2,2,0.36705882352941177,0.0006039956636208765,0.25219117636166016,1.0717799045350842,5,0.6011186898622697,0.5840026201909927,13.133087158203125,14.073471069335938,0.61468505859375,0.9780594537432176,1.0788760826647212
(26)007wnN54ly1gdogtayabyj30hi0ncjub.jpg,1,28,0,0,0,4,10,8,2,2,2,0.36705882352941177,0.0006039956636208765,0.44214087737127533,1.8790415833600354,6,0.7069074403668166,0.6867791741782628,47.70365905761719,13.299911499023438,0.05490875244140625,0.9646543360459937,1.064089189277525
(0)cs1+1+1.jpg,0,2,0,0,0,0,1,0,0,0,1,0.33877231230412863,0.00776953125,0.34809184150040234,0.4195093392460849,9,1.0,1.8607238961125234,-4.7327728271484375,23.538482666015625,0.8548583984375,1.0,1.0608292964016368
(1)cs1+1+1.jpg,1,2,0,0,0,0,1,0,0,0,1,1.0,0.022934375,1.0,1.2051685481562773,5,0.69827637140114,1.2992995303568446,52.849517822265625,-31.671798706054688,-7.6640777587890625,0.9316167774615682,0.9882863705505157
(0)cwq1+2+1.jpg,1,3,0,0,0,1,1,1,0,0,0,0.7024793388429752,0.0018684056271981242,1.0,3.435706547896677,5,0.9888791924752625,0.7840158127290808,-13.393180847167969,-0.77032470703125,6.6962432861328125,0.9864342183727661,1.1599209630500251
(1)cwq1+2+1.jpg,0,3,0,0,0,1,1,1,0,0,0,1.0,0.002659730363423212,0.26085603043911054,0.896224771837987,4,0.7381857885094195,0.5852578710596621,36.02870178222656,-4.059539794921875,-6.2517852783203125,0.9650051499556687,1.1347231087859795
(2)cwq1+2+1.jpg,1,3,0,0,0,1,1,1,0,0,0,0.9090909090909091,0.002417936694021102,0.6746258577802405,2.3178164769559846,6,1.0,0.7928327531764641,21.075958251953125,4.652374267578125,-2.8754653930664062,1.0,1.175872593880051
(0)cwq10+1+1.jpg,0,2,0,0,1,0,1,0,0,0,0,0.3616116116116116,0.009407552083333333,1.0,3.3230864746291675,3,0.4606380037184453,0.7941623335860243,-9.779182434082031,-7.94140625,-0.7787017822265625,1.0,1.1000701286365613
(1)cwq10+1+1.jpg,1,2,0,0,1,0,1,0,0,0,0,1.0,0.026015625,0.18756389138476798,0.6232910305895366,5,1.0,1.7240486611509334,-16.513458251953125,-15.723434448242188,2.13494873046875,0.960681720316031,1.0568172636468494
(0)cwq11+1+3.jpg,1,4,0,2,2,0,0,0,0,0,0,1.0,0.01953125,1.0,2.2046496589171976,2,0.9382641574463585,1.003619237550574,-11.0260009765625,-2.7546157836914062,-1.2765655517578125,1.0,1.3082907217979698
(1)cwq11+1+3.jpg,0,4,0,2,2,0,0,0,0,0,0,0.1395,0.002724609375,0.9211595120988966,2.0308340041571644,2,0.7001977350276409,0.7489702248412444,-21.087432861328125,2.054290771484375,-0.29898834228515625,0.9931416679561685,1.2993180296180156
(2)cwq11+1+3.jpg,0,4,0,2,2,0,0,0,0,0,0,0.18683333333333332,0.003649088541666667,0.17211209723078877,0.37944687645538205,3,1.0,1.0696553093129872,10.71527099609375,7.947998046875,2.675994873046875,0.9023099651627954,1.1804837556083345
(0)cwq12+2+2.jpg,1,4,2,1,1,0,0,0,0,0,0,1.0,0.0093603515625,0.301321568094339,1.4329491186760275,3,1.0,1.360228359300083,8.51763916015625,-3.0788803100585938,-21.962005615234375,0.9891149554478414,1.0229701921751138
(1)cwq12+2+2.jpg,0,4,2,1,1,0,0,0,0,0,0,0.32133541992696923,0.0030078125,0.33524062224183804,1.5942528018287914,1,0.8676236091528181,1.1801662383679543,-0.08718109130859375,-4.389984130859375,-7.0673370361328125,1.0,1.0342278079416398
(2)cwq12+2+2.jpg,1,4,2,1,1,0,0,0,0,0,0,0.6757085724221874,0.006324869791666667,1.0,4.755547794797729,2,0.7948806488204613,1.0812192007844414,-8.394508361816406,-49.1834716796875,-0.86688232421875,0.985955150714278,1.0197022342519968
(3)cwq12+2+2.jpg,0,4,2,1,1,0,0,0,0,0,0,0.2709094070596418,0.0025358072916666667,0.29486653427536524,1.4022518968328619,1,0.8578808289630164,1.166913832455359,-1.1460113525390625,-19.93316650390625,5.145904541015625,0.9912958514885902,1.025225735506686
(0)cwq13+1+1.jpg,0,2,0,0,0,0,1,1,0,0,0,0.216,0.0011458333333333333,0.3936083104531073,0.32506426158166407,6,1.0,0.8129477178438004,3.4988861083984375,10.222625732421875,1.7148284912109375,1.0,1.0513112701269518
(1)cwq13+1+1.jpg,1,2,0,0,0,0,1,1,0,0,0,1.0,0.005304783950617284,1.0,0.8258572112145248,5,0.8761011266135501,0.712224411480868,-5.0531463623046875,3.9809722900390625,-4.2637176513671875,0.9945034273769859,1.0455326613813059
(0)cwq2+2+1.jpg,0,4,0,0,0,1,2,1,0,0,0,0.17991004497751126,0.000778816199376947,0.3371223829139995,0.728952821755496,5,0.666834193028113,0.814026765095946,-2.0211868286132812,1.8581390380859375,4.454383850097656,0.9937866607685802,1.0531561127844344
(1)cwq2+2+1.jpg,1,4,0,0,0,1,2,1,0,0,0,0.7016491754122939,0.0030373831775700934,0.24501047387075361,0.5297811279807504,5,0.7308175661559506,0.8921334050849137,1.3884201049804688,-8.144187927246094,-4.6841583251953125,0.9964756447328621,1.056005738374068
(2)cwq2+2+1.jpg,1,4,0,0,0,1,2,1,0,0,0,1.0,0.004328920041536864,0.16991983392419477,0.36741417564927703,4,1.0,1.2207333901092075,16.647384643554688,-17.436805725097656,-5.4727630615234375,1.0,1.0597406408835661
(3)cwq2+2+1.jpg,0,4,0,0,0,1,2,1,0,0,0,0.053598200899550225,0.00023202232606438214,1.0,2.162279512426955,6,0.8637296257047264,1.0543835941242876,-2.7497406005859375,16.406494140625,1.6662139892578125,0.9554719902631857,1.012552499307805
(0)cwq3+2+1.jpg,0,3,0,0,0,1,2,0,0,0,0,0.2960133683456672,0.0020119418483904466,1.0,4.73103007968234,5,0.992787377670751,0.9792265219530389,27.240158081054688,-1.1941986083984375,-7.00262451171875,0.9885952040439336,1.1226914804271206
(1)cwq3+2+1.jpg,1,3,0,0,0,1,2,0,0,0,0,1.0,0.006796793873312565,0.3496951107078314,1.6544180874765961,4,1.0,0.9863406243645764,-34.879364013671875,-4.805816650390625,9.146987915039062,1.0,1.135643260087298
(2)cwq3+2+1.jpg,1,3,0,0,0,1,2,0,0,0,0,0.7686798758653617,0.005224558670820353,0.781101399182021,3.6954142148121045,5,0.8662152963772735,0.8543833362629065,40.74470520019531,18.908180236816406,29.402801513671875,0.9855297391944275,1.1192102059317444
(0)cwq4+1+1.jpg,0,5,0,0,0,1,4,0,0,0,0,0.11851851851851852,0.00044132917964693667,0.763903510756538,2.698722593468321,5,0.8339915737342739,0.9315421495483509,-28.0032958984375,-16.31053924560547,11.504951477050781,0.9770638656221157,1.1805954544320518
(1)cwq4+1+1.jpg,0,5,0,0,0,1,4,0,0,0,0,0.2196078431372549,0.0008177570093457944,0.8971164185108487,3.169337898720854,5,0.8247115896888328,0.9211767015537661,9.265892028808594,-28.27849578857422,-11.721038818359375,0.9667059931311538,1.1680799397244948
(2)cwq4+1+1.jpg,0,5,0,0,0,1,4,0,0,0,0,0.3664488017429194,0.0013645508826583593,0.5593732399026172,1.9761569091516946,4,1.0,1.116968299064804,23.804916381835938,-0.39635467529296875,-11.978828430175781,0.9891147259509786,1.195156622260311
(3)cwq4+1+1.jpg,1,5,0,0,0,1,4,0,0,0,0,1.0,0.003723714953271028,0.39694445388023797,1.402327585819874,5,0.9435013023011175,1.0538610447967065,7.4781951904296875,-7.1244964599609375,2.0608978271484375,1.0,1.2083094012286941
(4)cwq4+1+1.jpg,0,5,0,0,0,1,4,0,0,0,0,0.2196078431372549,0.0008177570093457944,1.0,3.5328055905851508,5,0.8036059895935062,0.8976024153145472,23.716140747070312,-19.317237854003906,-6.4004058837890625,0.9577617972528659,1.1572725837583284
(0)cwq5+7+2.jpg,0,9,0,0,0,1,5,3,0,0,0,0.2672413793103448,0.0017604491173416406,0.33032840979255107,0.31578248101785195,4,0.3542362641588616,0.46017992107665134,-16.13482666015625,-14.741310119628906,8.650390625,0.9468970624066644,1.0589682403825713
(1)cwq5+7+2.jpg,1,9,0,0,0,1,5,3,0,0,0,1.0,0.0065874870197300105,0.9419204595699676,0.9004432280931441,5,0.8668272679106825,1.1260747249619174,-9.357437133789062,8.147254943847656,28.093521118164062,0.9851804215603381,1.1017826740612013
(2)cwq5+7+2.jpg,1,9,0,0,0,1,5,3,0,0,0,0.638423645320197,0.004205607476635514,0.3648869337792493,0.3488192290580461,6,0.6942652975415818,0.9019035659366178,7.22052001953125,-2.4480972290039062,4.1249542236328125,1.0,1.1183562421147057
(3)cwq5+7+2.jpg,1,9,0,0,0,1,5,3,0,0,0,0.6896551724137931,0.004543094496365524,0.47239742992275524,0.4515955274363095,5,0.6303090960423083,0.8188195829113811,2.371124267578125,-6.341758728027344,-0.1808624267578125,0.9699169342128503,1.0847126577096997
(4)cwq5+7+2.jpg,1,9,0,0,0,1,5,3,0,0,0,0.8645320197044335,0.005695093457943925,0.7848695147443208,0.7503079822800882,6,0.8980182326204207,1.1665941667319868,-12.48260498046875,0.1581878662109375,-16.666244506835938,0.9790175141883151,1.0948903481321246
(5)cwq5+7+2.jpg,1,9,0,0,0,1,5,3,0,0,0,0.7566502463054188,0.004984423676012461,1.0,0.9559652505098363,5,0.6212457478021975,0.8070456023796929,-21.630752563476562,-7.415046691894531,-3.9149322509765625,0.9719122773691691,1.0869441621837295
(6)cwq5+7+2.jpg,0,9,0,0,0,1,5,3,0,0,0,0.4236453201970443,0.0027907580477673937,0.4361525947744611,0.4169467245240828,6,0.7763230792893124,1.0085028821248136,-45.59626770019531,-17.46588134765625,19.67951202392578,0.9660161653360595,1.0803502084872938
(7)cwq5+7+2.jpg,1,9,0,0,0,1,5,3,0,0,0,0.6502463054187192,0.004283489096573208,0.7690910743102795,0.7352243415179054,5,0.9290236351430553,1.2068725490701009,10.839889526367188,20.739395141601562,7.57373046875,0.9744032550909938,1.089729962667901
(8)cwq5+7+2.jpg,1,9,0,0,0,1,5,3,0,0,0,0.9125615763546798,0.00601148753894081,0.6691272572866637,0.6396624061350051,5,1.0,1.2990762596521683,-11.202781677246094,-6.647041320800781,2.9451446533203125,0.9871446950963281,1.1039794316313964
(0)cwq6+2+1.jpg,1,3,0,2,0,1,0,0,0,0,0,0.8685604236880116,0.008781152647975079,1.0,1.6369942142410314,2,0.835802020462645,0.7608393928479366,-2.9083251953125,10.305343627929688,6.0659027099609375,0.9895318206384308,1.2002727884778321
(1)cwq6+2+1.jpg,0,3,0,2,0,1,0,0,0,0,0,0.10014443909484834,0.0010124610591900312,0.7534744202257355,1.2334332664881444,4,1.0,0.9103105451058686,12.435836791992188,13.698005676269531,-3.0650863647460938,1.0,1.2129703799756884
(2)cwq6+2+1.jpg,1,3,0,2,0,1,0,0,0,0,0,1.0,0.010110007788161993,0.5716594532216642,0.9358032174400558,2,0.9806695502568603,0.8927138328630494,3.2848663330078125,-0.05806732177734375,1.5768585205078125,0.9690635777844141,1.1754454161657608
(0)cwq8+1+1.jpg,1,2,0,1,0,1,0,0,0,0,0,1.0,0.0204638671875,1.0,0.7453538791488356,2,0.9898631671153437,0.8332436330585624,1.6586380004882812,6.115058898925781,2.9383544921875,0.9825650883018044,1.14365063691755
(1)cwq8+1+1.jpg,0,2,0,1,0,1,0,0,0,0,0,0.1737055595323312,0.0035546875,0.7580662394913001,0.5650276122566108,4,1.0,0.8417765815923816,-17.19805908203125,1.23095703125,-1.7180557250976562,1.0,1.1639438959653599
(0)cwq9+1+1.jpg,0,2,1,1,0,0,0,0,0,0,0,0.2116350275566442,0.005625,0.3459443054229386,0.7814948133366564,1,0.4922425678937003,0.7202005382480395,57.34007263183594,-28.556930541992188,-45.24360656738281,0.8815161911181152,1.1838530648847856
(1)cwq9+1+1.jpg,1,2,1,1,0,0,0,0,0,0,0,1.0,0.026578776041666665,1.0,2.2590191573791913,2,1.0,1.4631008881043517,7.935310363769531,-8.826629638671875,-4.3608245849609375,1.0,1.34297370463858
(0)cxr2+1+2.jpg,0,4,0,0,0,2,2,0,0,0,0,0.3980952380952381,0.002267795138888889,0.1868861297178448,0.6022553364422127,4,0.7254233373023143,0.9261156300070469,13.195770263671875,6.0023040771484375,2.313079833984375,0.9833793298889499,1.2531825342740914
(1)cxr2+1+2.jpg,1,4,0,0,0,2,2,0,0,0,0,1.0,0.005696614583333333,1.0,3.22257910392537,5,1.0,1.276655412618874,0.762603759765625,0.12835693359375,5.4922637939453125,0.9536669216129636,1.2153181314226589
(2)cxr2+1+2.jpg,0,4,0,0,0,2,2,0,0,0,0,0.26666666666666666,0.0015190972222222222,0.7894546997730458,2.544080218984294,5,0.8954239150936765,1.1431477877927252,3.3847274780273438,8.051628112792969,1.3339920043945312,1.0,1.2743633063912474
(3)cxr2+1+2.jpg,0,4,0,0,0,2,2,0,0,0,0,0.5028571428571429,0.002864583333333333,0.15852829123722773,0.5108699587220855,4,0.6203105739479429,0.7919228517353617,7.022575378417969,5.3641204833984375,0.842926025390625,0.9882178351166263,1.2593485477940245
(0)cxr3+1+1.jpg,0,2,0,0,0,0,1,1,0,0,0,0.22841864018334607,0.0024588815789473683,1.0,3.2672257490770042,6,0.8024820687677812,0.6678114222473251,-6.983428955078125,1.4031600952148438,-4.5393829345703125,1.0,1.5042289898267485
(1)cxr3+1+1.jpg,1,2,0,0,0,0,1,1,0,0,0,1.0,0.010764802631578948,0.11873162363132438,0.38792301795798273,5,1.0,0.8321823605015324,-36.128814697265625,8.495933532714844,8.709121704101562,0.9772429338445392,1.4699971511922991
(0)cxr4+2+1.jpg,1,4,0,1,1,0,2,0,0,0,0,1.0,0.03219962599345488,0.47158157920393634,2.5034147971459277,2,1.0,1.1885222966207967,-84.03561401367188,7.204559326171875,11.692611694335938,0.8060397466820466,1.2034722744995752
(1)cxr4+2+1.jpg,0,4,0,1,1,0,2,0,0,0,0,0.06436781609195402,0.0020726196041764063,0.9881671976387253,5.245735825387728,5,0.7140977980687702,0.8487211549725486,72.83065795898438,3.8155746459960938,1.2542953491210938,0.9797873640058751,1.4628893083001082
(2)cxr4+2+1.jpg,0,4,0,1,1,0,2,0,0,0,0,0.060980036297640657,0.0019635343618513326,1.0,5.308550858521387,5,0.6310600271480035,0.7500289127715273,16.954856872558594,17.311912536621094,8.116928100585938,1.0,1.4930681513579271
(3)cxr4+2+1.jpg,1,4,0,1,1,0,2,0,0,0,0,0.8309739866908651,0.026757051581736014,0.17200134433741604,0.9130778841492225,3,0.6285118983961455,0.7470004049352837,47.328582763671875,-4.719329833984375,-6.730018615722656,0.9248234063984314,1.3808243737238468
(0)cxr5+4+1.jpg,0,7,0,0,0,2,4,1,0,0,0,0.07706169678000664,0.004173729901885242,0.25693525747939583,0.9913861458233102,4,0.8060329317696159,1.433739096146652,-66.92803955078125,-0.41510009765625,9.801933288574219,0.816651727356427,1.1009568721158025
(1)cxr5+4+1.jpg,0,7,0,0,0,2,4,1,0,0,0,0.0034855598235879926,0.00018878101402373246,0.4457559813498669,1.7199519780331045,5,0.9202358595110383,1.636878690006433,-0.44762420654296875,11.945343017578125,0.03704833984375,1.0,1.3481351171321172
(2)cxr5+4+1.jpg,0,7,0,0,0,2,4,1,0,0,0,0.0022762839664248113,0.00012328556017876408,1.0,3.8585056622788,5,0.9923737643554607,1.7651947059072786,-2.8640670776367188,11.767021179199219,-0.299652099609375,0.9868070995320168,1.3303493047144004
(3)cxr5+4+1.jpg,1,7,0,0,0,2,4,1,0,0,0,1.0,0.05416088765603329,0.15589716339204093,0.6015300876813932,6,0.9210637114499305,1.6383512398785638,16.94598388671875,6.363250732421875,-3.22052001953125,0.8160072236868495,1.1000879940857247
(4)cxr5+4+1.jpg,1,7,0,0,0,2,4,1,0,0,0,0.28793806610708017,0.015594981250321056,0.49447593054595035,1.907938177872128,5,0.7906781511172809,1.406426627305365,-1.680450439453125,10.23870849609375,-1.7877655029296875,0.8786173386746265,1.1844948887884268
(5)cxr5+4+1.jpg,1,7,0,0,0,2,4,1,0,0,0,0.2871437378479632,0.015551959726717008,0.22599554111021608,0.87200507502353,5,0.6420258804273962,1.1420099219591617,6.6762847900390625,-28.077743530273438,6.1673583984375,0.8079747805260203,1.089259175384243
(6)cxr5+4+1.jpg,1,7,0,0,0,2,4,1,0,0,0,0.6197183098591549,0.03356449375866852,0.08757305064620532,0.33790111178141136,4,1.0,1.7787599484290675,-14.864555358886719,-5.045310974121094,6.383262634277344,0.7608314463013628,1.0257035909772858
(0)cxr6+2+1.jpg,1,4,0,0,2,1,1,0,0,0,0,1.0,0.06660117121282169,0.18981080364840414,0.9462003107665253,5,0.7650188291740943,1.3371767812277875,4.65478515625,-4.115653991699219,-2.8041000366210938,0.8158159288934634,1.1471202805082035
(1)cxr6+2+1.jpg,1,4,0,0,2,1,1,0,0,0,0,0.8814427026088969,0.05870511635074742,0.25717359800480455,1.2820015176998982,4,1.0,1.7479004832748868,4.6664886474609375,-4.035552978515625,0.35662078857421875,0.7734899281716565,1.0876056129205718
(2)cxr6+2+1.jpg,0,4,0,0,2,1,1,0,0,0,0,0.008021441931316403,0.000534237427441311,1.0,4.9849655160789395,3,0.518710692009109,0.9066546692425728,-33.47926330566406,10.870330810546875,11.548072814941406,0.9799437298299568,1.377900683760236
(3)cxr6+2+1.jpg,0,4,0,0,2,1,1,0,0,0,0,0.014635275062185458,0.0009747264601633534,0.6129523633232168,3.0555463941653254,3,0.8395634273420339,1.4674733203910615,-29.00860595703125,12.813560485839844,6.588890075683594,1.0,1.4061018421938718
(0)cxr7+2+2.jpg,1,4,0,1,0,0,1,2,0,0,0,1.0,0.0871307854317563,0.3128804176115566,0.642911890300196,5,1.0,1.036295337461127,9.296463012695312,1.640594482421875,1.2384185791015625,0.8262040647063662,1.0108827448327913
(1)cxr7+2+2.jpg,1,4,0,1,0,0,1,2,0,0,0,0.4397762612937934,0.038318051060769506,0.4963122355964253,1.0198306432924815,2,0.8930551359153269,0.9254688734447665,2.7509994506835938,-0.88568115234375,1.0093841552734375,0.9141899789341439,1.1185358613940235
(2)cxr7+2+2.jpg,0,4,0,1,0,0,1,2,0,0,0,0.08592126402051675,0.007486387219396928,0.6320805035369528,1.298809540248556,6,0.808568782950467,0.837916059788187,-0.27056121826171875,13.414901733398438,-2.2199554443359375,0.9949075859988264,1.2172960099717003
(3)cxr7+2+2.jpg,0,4,0,1,0,0,1,2,0,0,0,0.044335047975592144,0.0038629475522679404,1.0,2.0548166459505817,6,0.9998993606108171,1.0361910453313519,-65.25997924804688,14.506690979003906,-2.548248291015625,1.0,1.2235267145436521
(0)cxy1+41+1.jpg,1,42,0,0,0,12,20,10,0,0,0,0.6111111111111112,0.0012755102040816326,0.33297010944678007,1.9883178944601754,5,0.8935698672000966,2.0245001686912434,12.315673828125,9.6029052734375,-6.452568054199219,0.9748926408279726,1.5242485475051628
(1)cxy1+41+1.jpg,1,42,0,0,0,12,20,10,0,0,0,0.3148148148148148,0.0006570810142238713,0.19833776677818138,1.1843661627391777,6,0.42588196961527974,0.9648916676547031,40.026275634765625,7.772941589355469,-3.762969970703125,0.9898108761125909,1.5475732681068155
(2)cxy1+41+1.jpg,1,42,0,0,0,12,20,10,0,0,0,0.4666666666666667,0.000974025974025974,0.3507779889045824,2.094656945275178,5,0.5926262132167315,1.3426727026813017,-7.8956756591796875,11.530197143554688,3.2121047973632812,0.9558426471726794,1.4944638061469737
(3)cxy1+41+1.jpg,1,42,0,0,0,12,20,10,0,0,0,0.34629629629629627,0.0007227891156462585,0.2849475850397351,1.7015532813412322,6,0.6276618153658183,1.4220504716332423,-6.950798034667969,8.332504272460938,2.5081024169921875,0.9843593354353397,1.5390497624294024
(4)cxy1+41+1.jpg,1,42,0,0,0,12,20,10,0,0,0,0.2638888888888889,0.0005507884972170686,0.2320362842848207,1.3855955328065226,5,0.4150095533849556,0.940258777379047,23.79559326171875,5.0097198486328125,1.9694976806640625,0.9875365147015807,1.5440172949339235
(5)cxy1+41+1.jpg,1,42,0,0,0,12,20,10,0,0,0,0.2833333333333333,0.0005913729128014842,0.3784998286847168,2.260196819691471,5,0.5853983631482006,1.3262970568363204,22.098426818847656,9.550987243652344,0.8943557739257812,0.9731274132793315,1.5214886071647096
(6)cxy1+41+1.jpg,1,42,0,0,0,12,20,10,0,0,0,0.33055555555555555,0.000689935064935065,0.2594094381711295,1.5490532431409065,5,0.520817953131454,1.1799816362159694,4.068695068359375,10.806106567382812,-5.2299041748046875,0.9911359983607437,1.5496451020477287
(7)cxy1+41+1.jpg,1,42,0,0,0,12,20,10,0,0,0,0.36203703703703705,0.0007556431663574521,0.03313081330528732,0.19783934678812676,4,0.2928977742252214,0.6635984662131255,3.4256973266601562,4.457908630371094,1.3531646728515625,0.9648045203885132,1.5084757308041938
(8)cxy1+41+1.jpg,1,42,0,0,0,12,20,10,0,0,0,0.5296296296296297,0.0011054421768707484,0.08217564710672604,0.490708640191811,4,0.34725290986586227,0.7867471816219356,31.951339721679688,-0.9220733642578125,7.7686309814453125,0.93609138715999,1.4635826320310525
(9)cxy1+41+1.jpg,1,42,0,0,0,12,20,10,0,0,0,0.26666666666666666,0.0005565862708719852,1.0,5.971460614779226,5,0.8581234430180057,1.944191628340615,-19.885971069335938,9.300399780273438,-0.520111083984375,0.9397282074838167,1.4692688151695592
(10)cxy1+41+1.jpg,1,42,0,0,0,12,20,10,0,0,0,0.3851851851851852,0.0008039579468150897,0.43772368516498983,2.6138497461187584,4,0.6663428422346619,1.5096874301919496,-2.2728424072265625,15.28369140625,4.439964294433594,0.9722702164735264,1.5201483765265287
(11)cxy1+41+1.jpg,1,42,0,0,0,12,20,10,0,0,0,0.3111111111111111,0.0006493506493506494,0.2256484030118733,1.3474505513732316,5,0.567074388074264,1.2847816790354576,-16.712738037109375,11.765945434570312,-0.30196380615234375,0.992107020416224,1.5511632989195443
(12)cxy1+41+1.jpg,1,42,0,0,0,12,20,10,0,0,0,0.34629629629629627,0.0007227891156462585,0.3347512011066843,1.9989536131586054,5,0.4609231651117873,1.044282109071565,11.741020202636719,13.567222595214844,5.800048828125,0.9920483716468467,1.551071601333787
(13)cxy1+41+1.jpg,1,42,0,0,0,12,20,10,0,0,0,0.2361111111111111,0.0004928107606679035,0.5431636116261651,3.2434801142068848,6,0.5282864708679369,1.1969025463455378,-15.056930541992188,13.151435852050781,-0.25554656982421875,0.9663094674557591,1.5108287215697962
(14)cxy1+41+1.jpg,1,42,0,0,0,12,20,10,0,0,0,0.45740740740740743,0.000954700061842919,0.45267813472516893,2.7031496526830705,6,0.5276303896441829,1.1954161079629109,62.17724609375,-0.8378753662109375,3.1328887939453125,0.9690527244454648,1.5151178148574846
(15)cxy1+41+1.jpg,1,42,0,0,0,12,20,10,0,0,0,0.36944444444444446,0.0007711038961038961,0.574879273714852,3.4328689412411255,6,0.7176398422949916,1.6259075368534435,2.0995101928710938,12.72161865234375,4.0607757568359375,0.9737822571025999,1.5225124581044518
(16)cxy1+41+1.jpg,1,42,0,0,0,12,20,10,0,0,0,0.4666666666666667,0.000974025974025974,0.25081412767010464,1.4977266850122382,5,0.5447140217182495,1.2341213254118584,-30.162376403808594,9.735969543457031,7.618438720703125,0.9717487527199445,1.519333065859809
(17)cxy1+41+1.jpg,1,42,0,0,0,12,20,10,0,0,0,1.0,0.0020871985157699443,0.288091276754171,1.7203257125989941,4,0.8714490603781452,1.9743825687290248,-42.54862976074219,4.1741180419921875,0.16390228271484375,0.9665669502439884,1.5112312969401802
(18)cxy1+41+1.jpg,1,42,0,0,0,12,20,10,0,0,0,0.5185185185185185,0.0010822510822510823,0.21170393297682302,1.2641816977649596,4,0.6528504189687673,1.4791185690647863,7.927734375,8.355026245117188,2.285003662109375,1.0,1.5635040041030819
(19)cxy1+41+1.jpg,1,42,0,0,0,12,20,10,0,0,0,0.5537037037037037,0.0011556895485466915,0.23960700531649165,1.4308037952726265,4,0.39842578085402935,0.9026860575293978,-4.4657745361328125,1.7106399536132812,0.7031707763671875,0.9701344544473272,1.5168091040467548
(20)cxy1+41+1.jpg,1,42,0,0,0,12,20,10,0,0,0,0.5092592592592593,0.0010629251700680273,0.5000159716695817,2.9858256815854722,4,0.6513424299478948,1.4757020214178669,13.621101379394531,8.932785034179688,0.8340682983398438,0.9587330966201486,1.4989830354317493
(21)cxy1+41+1.jpg,1,42,0,0,0,12,20,10,0,0,0,0.5703703703703704,0.0011904761904761906,0.2426968820564002,1.4492548725295127,4,0.49518061948975395,1.1218968818082955,-35.05439758300781,8.942062377929688,-2.0869674682617188,0.9786171445341473,1.5300718239630637
(22)cxy1+41+1.jpg,1,42,0,0,0,12,20,10,0,0,0,0.4,0.0008348794063079778,0.457353657272545,2.731069351428239,5,0.5900677721323587,1.3368762175971205,-15.882415771484375,8.258354187011719,8.942855834960938,0.9651953635570015,1.5090868156631019
(23)cxy1+41+1.jpg,0,42,0,0,0,12,20,10,0,0,0,0.55,0.0011479591836734695,0.4186913009106872,2.500198613138846,6,0.7060490557533975,1.599647084067308,11.015106201171875,15.220115661621094,-3.9620437622070312,0.9586071193884024,1.4987860695254882
(24)cxy1+41+1.jpg,1,42,0,0,0,12,20,10,0,0,0,0.4925925925925926,0.0010281385281385282,0.4723431459622471,2.8205784927744735,5,0.9039249276304143,2.0479609212943655,4.019187927246094,3.2689132690429688,5.534454345703125,0.9639886619153979,1.5072001328146967
(25)cxy1+41+1.jpg,1,42,0,0,0,12,20,10,0,0,0,0.4444444444444444,0.0009276437847866419,0.11122727715014188,0.6641893047912056,4,0.279191811055378,0.6325458023219758,-3.6330642700195312,7.285064697265625,2.8799057006835938,0.9372597992926059,1.4654094490788403
(26)cxy1+41+1.jpg,1,42,0,0,0,12,20,10,0,0,0,0.7175925925925926,0.0014977581941867657,0.3313899276226041,1.9788819009329186,4,0.6441947589919454,1.459508031907667,-11.560287475585938,12.375,-1.04290771484375,0.981829031881813,1.535093622691867
(27)cxy1+41+1.jpg,1,42,0,0,0,12,20,10,0,0,0,0.46296296296296297,0.000966295609152752,0.04323774267779009,0.2581924774723824,4,0.31079396836015866,0.7041446499812031,7.195770263671875,9.416778564453125,2.1459503173828125,0.9332972368463801,1.4592139668276578
(28)cxy1+41+1.jpg,1,42,0,0,0,12,20,10,0,0,0,0.31666666666666665,0.0006609461966604824,0.6303261356862652,3.7639676937165185,6,0.614524697793782,1.3922866023299498,-0.430877685546875,8.901329040527344,2.3288726806640625,0.9669948655021711,1.5119003441597656
(29)cxy1+41+1.jpg,1,42,0,0,0,12,20,10,0,0,0,0.45740740740740743,0.000954700061842919,0.04994855895628906,0.29826585257245825,5,0.2873736123779576,0.6510827503164984,2.690093994140625,4.333465576171875,-0.583465576171875,0.9346648453281943,1.4613522281650195
(30)cxy1+41+1.jpg,1,42,0,0,0,12,20,10,0,0,0,0.38333333333333336,0.0008000927643784787,0.5502657842054658,3.2858904580435437,5,0.752510386558084,1.7049113454355178,-11.44403076171875,8.417793273925781,0.739532470703125,0.9466244140066922,1.4800510616811968
(31)cxy1+41+1.jpg,1,42,0,0,0,12,20,10,0,0,0,0.2962962962962963,0.0006184291898577613,0.18818889484685997,1.1237625737168535,6,0.4324346840575789,0.9797377048598156,-23.28082275390625,9.940582275390625,-1.4447250366210938,0.9997258574013757,1.5630753810524376
(32)cxy1+41+1.jpg,1,42,0,0,0,12,20,10,0,0,0,0.36944444444444446,0.0007711038961038961,0.3043247582057691,1.8172633077279612,6,0.46761761598375945,1.0594492688170805,-9.887855529785156,6.725486755371094,1.9286270141601562,0.941694830403851,1.4723436379795938
(33)cxy1+41+1.jpg,1,42,0,0,0,12,20,10,0,0,0,0.5092592592592593,0.0010629251700680273,0.15680646638967224,0.9363636381886302,4,0.4685681060279051,1.0616027291399333,26.02613067626953,4.1756591796875,-0.6621856689453125,0.9921125854773298,1.5511719999148663
(34)cxy1+41+1.jpg,1,42,0,0,0,12,20,10,0,0,0,0.37777777777777777,0.0007884972170686456,0.9804533956240217,5.8547388365954,5,1.0,2.2656316456090813,22.404067993164062,-1.4565811157226562,3.231842041015625,0.9314227629055947,1.4562832193156527
(35)cxy1+41+1.jpg,1,42,0,0,0,12,20,10,0,0,0,0.8611111111111112,0.0017973098330241188,0.18978900473583968,1.1333175668982147,5,0.7102172093680114,1.6090905848003372,52.49684143066406,4.777610778808594,-3.1228256225585938,0.9411765103454166,1.4715332424928247
(36)cxy1+41+1.jpg,1,42,0,0,0,12,20,10,0,0,0,0.48148148148148145,0.001004947433518862,0.04533035056647257,0.2706884030618261,5,0.2811279443684026,0.6369323672260823,56.626190185546875,10.877174377441406,-1.8682098388671875,0.934179775196643,1.4605938190720684
(37)cxy1+41+1.jpg,1,42,0,0,0,12,20,10,0,0,0,0.2518518518518518,0.0005256648113790971,0.11254042868576998,0.6720307374674457,5,0.3215758139629857,0.7285723405770391,36.18406677246094,-0.09651947021484375,-1.3169403076171875,0.987516168221159,1.5439854831303146
(38)cxy1+41+1.jpg,1,42,0,0,0,12,20,10,0,0,0,0.7787037037037037,0.001625309214594929,0.3510989846161275,2.0965737585241824,5,0.5956763240544897,1.3495831303179417,-12.822257995605469,0.11080169677734375,-1.7051849365234375,0.9564919934242825,1.4954790616114044
(0)cyk1+1+3.jpg,0,7,0,2,0,4,1,0,0,0,0,0.08815266879783008,0.006667643610785463,0.524918938984256,1.3054659721701227,4,0.7656597425886167,0.8008390207903607,25.786651611328125,-7.5374603271484375,-22.706558227539062,0.9909849205606475,1.1824370179524302
(1)cyk1+1+3.jpg,1,7,0,2,0,4,1,0,0,0,0,1.0,0.07563745603751465,0.353347893600667,0.8787712105154111,5,0.8581088310435027,0.8975358083488413,-10.855659484863281,-6.6271209716796875,-20.131729125976562,0.9180703023506899,1.0954357508972814
(2)cyk1+1+3.jpg,0,7,0,2,0,4,1,0,0,0,0,0.06645355032451807,0.005026377491207503,0.28758741422491185,0.7152258290041938,4,0.6614549006132393,0.6918463456275851,9.740036010742188,-1.8063125610351562,-2.14373779296875,0.9664875305406183,1.1532068851805681
(3)cyk1+1+3.jpg,0,7,0,2,0,4,1,0,0,0,0,0.011697181052019761,0.0008847450175849942,0.6471761655126127,1.6095179642615172,2,0.7413550501896672,0.7754176162437675,-5.988029479980469,7.188423156738281,1.11175537109375,0.9974800182549022,1.1901869279556614
(4)cyk1+1+3.jpg,0,7,0,2,0,4,1,0,0,0,0,0.05163227743872905,0.0039053341148886284,0.7305127278713216,1.816774815400186,2,1.0,1.0459463600408276,-10.192840576171875,-7.283538818359375,-18.174591064453125,1.0,1.193193754435203
(5)cyk1+1+3.jpg,0,7,0,2,0,4,1,0,0,0,0,0.011140172430495011,0.0008426143024618992,1.0,2.4869858471791164,4,0.6041908614372912,0.6319512322902668,7.0323333740234375,5.345558166503906,0.6050949096679688,0.9987678985642073,1.1917236186971845
(6)cyk1+1+3.jpg,0,7,0,2,0,4,1,0,0,0,0,0.03814298169136879,0.002885038100820633,0.24459513547857248,0.6083046402240684,4,0.21147868816772555,0.2211953641152418,6.2586822509765625,-7.8034820556640625,-8.2198486328125,0.7844481826463593,0.9359986722116812
(0)cym1+1+1.jpg,1,2,0,0,0,0,1,1,0,0,0,1.0,0.025464035087719297,0.284937377949874,0.5639555688667148,5,1.0,1.0998915363510748,-0.1156768798828125,1.47552490234375,7.403709411621094,0.9043487533177423,1.0568780829409268
(1)cym1+1+1.jpg,0,2,0,0,0,0,1,1,0,0,0,0.05387715732543319,0.0013719298245614036,1.0,1.9792263581716736,6,0.7053640600179221,0.7758239596599442,-8.598793029785156,9.930694580078125,0.39090728759765625,1.0,1.1686620665574063
(0)cym2+1+2.jpg,1,3,0,0,0,2,1,0,0,0,0,1.0,0.020255263157894738,0.3333880499549197,0.9203123954055138,5,0.8837901958574647,1.2510321437072771,19.025924682617188,0.22968292236328125,9.284957885742188,0.9207860427372535,1.1309363083166086
(1)cym2+1+2.jpg,0,3,0,0,0,2,1,0,0,0,0,0.03429907756268676,0.0006947368421052632,0.9764333845578217,2.6954287870181095,4,0.7776563560058243,1.1007964363959273,-4.8881988525390625,12.465202331542969,-1.2382049560546875,0.9984769334404615,1.2263585291623116
(2)cym2+1+2.jpg,0,3,0,0,0,2,1,0,0,0,0,0.07210601533064831,0.0014605263157894737,1.0,2.76048405313255,4,1.0,1.4155306876803602,51.1383056640625,-3.5325088500976562,-22.68280029296875,1.0,1.228229203990358
(0)cym3+1+1.jpg,1,2,0,0,0,0,1,0,1,0,0,1.0,0.00934752344665885,0.539296756060209,0.6629362009935619,5,0.8616407472807736,1.0774983175112756,-22.511436462402344,-4.006317138671875,-6.2795867919921875,1.0,1.0596205591152712
(1)cym3+1+1.jpg,0,2,0,0,0,0,1,0,1,0,0,0.5618263766411915,0.005251685228604924,1.0,1.2292605018368574,7,1.0,1.2505192226710733,-6.9476165771484375,10.67938232421875,-3.3597259521484375,0.9851008486877955,1.04383311207149
(0)cz1+3+2.jpg,1,5,0,0,0,2,2,1,0,0,0,1.0,0.028795427901524034,0.30390810118471734,1.0455301878179903,6,1.0,0.6912774353303145,-15.726943969726562,18.11876678466797,-20.60938262939453,0.9468930394300217,1.7158648617536896
(1)cz1+3+2.jpg,1,5,0,0,0,2,2,1,0,0,0,0.9618320610687023,0.027696365767878078,0.3410140742095934,1.173185274321551,4,0.7363119098452939,0.5089958086410206,-16.511688232421875,8.48492431640625,14.14764404296875,0.909229638269042,1.6476150131064136
(2)cz1+3+2.jpg,0,5,0,0,0,2,2,1,0,0,0,0.24274809160305344,0.006990035169988276,0.436276188046107,1.5009140034444763,5,0.7267140529212641,0.5023610267219099,3.0774307250976562,-6.121376037597656,-10.806365966796875,1.0,1.8120999841614078
(3)cz1+3+2.jpg,0,5,0,0,0,2,2,1,0,0,0,0.3374045801526718,0.009715709261430247,1.0,3.4402840323842176,4,0.6935700856863211,0.4794493500550664,13.439094543457031,-4.967994689941406,8.180770874023438,0.9462013569745457,1.7146114639870766
(4)cz1+3+2.jpg,1,5,0,0,0,2,2,1,0,0,0,0.6857506361323156,0.019746483001172332,0.3490107911111959,1.200696251789631,5,0.7651027612828017,0.528898274583717,-10.071884155273438,18.39019775390625,2.9978790283203125,0.999736941205768,1.8116232953245464
(0)cz2+1+2.jpg,0,5,0,1,1,1,2,0,0,0,0,0.07735917333440553,0.007048651817116061,0.5668457965850359,0.46215179245428656,4,0.8567360221246296,0.8477025451335611,28.21240234375,-12.851425170898438,-8.34564208984375,0.961575677372333,1.1733315768477368
(1)cz2+1+2.jpg,0,5,0,1,1,1,2,0,0,0,0,0.13292589763177998,0.01211166471277843,0.44765817698458465,0.3649776185104124,2,0.8063202707029794,0.7978183804769048,-3.23333740234375,7.261436462402344,-0.7569808959960938,0.9194519008579061,1.1219314028588139
(2)cz2+1+2.jpg,0,5,0,1,1,1,2,0,0,0,0,0.02894937879458003,0.002637749120750293,0.6654013048602689,0.5425045181515465,5,1.0,0.9894559388682336,15.435859680175781,5.60150146484375,0.7957305908203125,0.936282579237382,1.142468493040184
(0)cz3+1+1.jpg,0,5,0,0,0,2,2,1,0,0,0,0.24855875831485588,0.006162049252418645,0.3692013323134027,2.073563477651351,6,0.5484884226002646,0.4099874647853487,-32.572265625,-4.931404113769531,-3.640167236328125,0.9473786250509055,1.7973088821443783
(1)cz3+1+1.jpg,1,5,0,0,0,2,2,1,0,0,0,1.0,0.024791116974494282,0.2325478080485645,1.3060696139851808,5,0.5731673495423302,0.42843461931713045,62.09019470214844,9.810127258300781,-8.210113525390625,0.7296111353443983,1.3841736971799097
(2)cz3+1+1.jpg,0,5,0,0,0,2,2,1,0,0,0,0.032926829268292684,0.000816292875989446,1.0,5.61634884863084,4,1.0,0.747486087020191,75.71792602539062,0.7631149291992188,-0.453582763671875,1.0,1.8971389417275522
(3)cz3+1+1.jpg,0,5,0,0,0,2,2,1,0,0,0,0.05155210643015521,0.0012780343007915568,0.5066927131170255,2.8457630359244424,4,0.4085793942693265,0.3054074126594587,64.78367614746094,-5.7754669189453125,-27.399688720703125,0.9011462578087559,1.709599657881047
(4)cz3+1+1.jpg,0,5,0,0,0,2,2,1,0,0,0,0.021674057649667407,0.0005373240985048373,0.43343125137985483,2.4343011096478717,5,0.42030265491933266,0.3141703868898496,75.04507446289062,-0.9209976196289062,-9.9327392578125,0.997652232024505,1.8926848996750998
(0)dbj1+1+2.jpg,1,2,0,0,0,0,1,1,0,0,0,1.0,0.050240827733840754,0.5011973751392736,0.22095668723936776,5,1.0,1.3620662457267978,5.385978698730469,6.905433654785156,2.4810333251953125,0.9691867084424627,0.9918775394520415
(1)dbj1+1+2.jpg,0,2,0,0,0,0,1,1,0,0,0,0.15339093383832406,0.007706487482904204,1.0,0.44085763054518773,6,0.6753667995968448,0.9198943212153968,-2.454345703125,17.706710815429688,18.382492065429688,1.0,1.023412239160857
(0)dby1+1+2.jpg,0,14,0,0,0,9,2,3,0,0,0,0.08838095238095238,0.0004475308641975309,0.42666935128931543,2.269843069330188,4,0.7904384883725485,1.3086058875959994,41.08357238769531,-4.030303955078125,-12.607200622558594,0.9811451325869331,1.1408595865862874
(1)dby1+1+2.jpg,0,14,0,0,0,9,2,3,0,0,0,0.09053968253968254,0.0004584619341563786,0.2630707480019469,1.3995130240578888,4,0.675167505862352,1.1177696763021956,-12.502220153808594,-5.312187194824219,5.3018798828125,1.0,1.1627837194465243
(2)dby1+1+2.jpg,0,14,0,0,0,9,2,3,0,0,0,0.0380952380952381,0.00019290123456790122,0.41958371292512037,2.2321481022927205,6,0.6523505199075631,1.0799951465989315,-4.6987457275390625,6.2940673828125,7.8691253662109375,0.9702451142092571,1.1281852226750577
(3)dby1+1+2.jpg,0,14,0,0,0,9,2,3,0,0,0,0.060444444444444446,0.00030606995884773663,0.3904559142913873,2.077190799515206,4,0.6439322072907774,1.0660582576240143,-42.36414337158203,11.087799072265625,-2.860809326171875,0.9806287969412443,1.1402591999037104
(4)dby1+1+2.jpg,0,14,0,0,0,9,2,3,0,0,0,0.08126984126984127,0.00041152263374485596,0.35016755936997,1.8628603281167935,4,0.7201313050279555,1.1922092350817024,2.9653244018554688,2.0170135498046875,-1.6683425903320312,0.9876388767814995,1.1484104066139795
(5)dby1+1+2.jpg,0,14,0,0,0,9,2,3,0,0,0,0.10666666666666667,0.0005401234567901234,0.653866438610156,3.4785114034133855,4,0.7849158078506238,1.2994628456609056,20.904266357421875,7.1429595947265625,-11.434707641601562,0.9608735294627706,1.1172880965064298
(6)dby1+1+2.jpg,0,14,0,0,0,9,2,3,0,0,0,0.0761904761904762,0.00038580246913580245,0.14470076615139965,0.7697952294511284,4,0.5851328146960753,0.9687132618167885,-25.719039916992188,-6.576286315917969,12.976890563964844,0.9871186164226217,1.147805456338803
(7)dby1+1+2.jpg,1,14,0,0,0,9,2,3,0,0,0,1.0,0.005063657407407407,0.024484348584977757,0.13025456076171615,5,0.3162303047599125,0.5235332599974017,-6.1246337890625,-1.613189697265625,3.0051422119140625,0.9450731364559538,1.0989156567572467
(8)dby1+1+2.jpg,0,14,0,0,0,9,2,3,0,0,0,0.06628571428571428,0.0003356481481481481,0.5314501625871075,2.827267683037246,4,0.4859100913354116,0.8044456535422835,-31.753280639648438,-18.25513458251953,1.7183303833007812,0.9384547088167446,1.0912198568500393
(9)dby1+1+2.jpg,0,14,0,0,0,9,2,3,0,0,0,0.06298412698412699,0.0003189300411522634,1.0,5.3199112204125845,4,0.5951654611985184,0.9853227519597819,-6.3369598388671875,-1.5696563720703125,3.045684814453125,0.9639427818987009,1.1208569732698013
(10)dby1+1+2.jpg,0,14,0,0,0,9,2,3,0,0,0,0.028444444444444446,0.0001440329218106996,0.4754251819036724,2.5292197596760406,4,1.0,1.6555442413872297,17.55303955078125,2.5827713012695312,5.687049865722656,0.9738016980247446,1.1323207604325536
(11)dby1+1+2.jpg,0,14,0,0,0,9,2,3,0,0,0,0.029714285714285714,0.00015046296296296297,0.937304925124119,4.986378988115778,6,0.8110254633443214,1.342688535458101,16.8233642578125,3.9080657958984375,2.3384628295898438,0.9606586715571487,1.1170382632317784
(12)dby1+1+2.jpg,0,14,0,0,0,9,2,3,0,0,0,0.038603174603174605,0.0001954732510288066,0.5829600908811703,3.101295928531478,5,0.6118995281454287,1.0130267401287276,76.10067749023438,0.7613067626953125,-9.041900634765625,0.9707240217959527,1.1287420886199868
(13)dby1+1+2.jpg,0,14,0,0,0,9,2,3,0,0,0,0.022857142857142857,0.00011574074074074075,0.8377899426845833,4.4569681164365305,6,0.7561953754574049,1.2519148992021607,50.12022399902344,3.6438674926757812,-2.7048797607421875,0.938488065404913,1.0912586433476978
(0)dby2+1+1.jpg,1,2,0,1,0,1,0,0,0,0,0,1.0,0.09209688049209139,0.5840843528547797,0.32537983690332994,2,1.0,0.8194991592636982,7.574729919433594,-9.489570617675781,8.302581787109375,0.7550043828509722,0.937740414028973
(1)dby2+1+1.jpg,0,2,0,1,0,1,0,0,0,0,0,0.04717037390422804,0.004344244288224956,1.0,0.5570767909001474,4,0.5278139111996408,0.4325430564757899,1.90185546875,-6.791847229003906,3.6910247802734375,1.0,1.2420330733551126
(0)dlf1+1+1.jpg,1,2,0,0,0,1,1,0,0,0,0,1.0,0.010177221172022684,1.0,2.1593321136199175,5,0.8730501189551638,0.7872782402521381,6.130989074707031,-27.759422302246094,-4.145843505859375,0.9981577922989237,1.1871470702201854
(1)dlf1+1+1.jpg,0,2,0,0,0,1,1,0,0,0,0,0.150452751335036,0.0015311909262759925,0.8541829008069208,1.8444645686174006,4,1.0,0.9017560654986513,15.577629089355469,-6.789207458496094,-7.1215362548828125,1.0,1.1893380779866356
(0)hg+1+1.jpg,0,2,0,0,0,1,0,1,0,0,0,0.08,0.00462565963060686,1.0,0.9076503241009257,4,1.0,0.9034939678485377,36.93446350097656,5.927925109863281,-1.2218856811523438,1.0,1.0858512895174341
(1)hg+1+1.jpg,1,2,0,0,0,1,0,1,0,0,0,1.0,0.057820745382585755,0.4346913447999447,0.394547739991537,6,0.9953115911099637,0.8992580186975825,-63.57126998901367,-13.5380859375,25.616958618164062,0.9018227318406746,0.9792453762853318
(0)hm1+2+2.jpg,0,4,0,0,0,2,1,1,0,0,0,0.13831225642249265,0.003356300542334935,0.44399483448790983,0.7506441062217674,6,0.9137966052116892,0.9794571824516115,-12.270751953125,2.5294647216796875,6.488548278808594,1.0,1.3915480856616942
(1)hm1+2+2.jpg,0,4,0,0,0,2,1,1,0,0,0,0.22474747474747475,0.005453747129098875,0.336664608600254,0.5691852350280449,4,1.0,1.071854695963454,50.43467712402344,-5.64520263671875,-37.78963851928711,0.859370770584518,1.195855750680501
(2)hm1+2+2.jpg,0,4,0,0,0,2,1,1,0,0,0,0.016026405790185317,0.0003888985389767047,1.0,1.6906595480723048,4,0.7147093484103421,0.7660645713426055,-6.725616455078125,13.465621948242188,-1.6978607177734375,0.9425485021742646,1.311601563843895
(3)hm1+2+2.jpg,1,4,0,0,0,2,1,1,0,0,0,1.0,0.024266110821608476,0.13979990301177736,0.23635404084644357,5,0.5899127037045594,0.6323007016742296,47.222442626953125,-29.13115692138672,11.676841735839844,0.67524783370318,0.939639830336866
(0)hm2+4+1.jpg,1,5,0,0,0,0,4,1,0,0,0,0.39,0.00814405041031653,0.39835084887752514,0.7185798091426882,5,0.7429910291174895,1.1734718731059284,22.450721740722656,-18.921630859375,-32.087646484375,0.96299738997171,1.0327860019184538
(1)hm2+4+1.jpg,1,5,0,0,0,0,4,1,0,0,0,0.7087719298245614,0.014800703399765533,0.6724883309523542,1.2130927745430784,5,0.8852238281270438,1.398112794099401,5.342170715332031,-3.507781982421875,-0.0892791748046875,0.9578136014219271,1.0272265431838064
(2)hm2+4+1.jpg,1,5,0,0,0,0,4,1,0,0,0,1.0,0.020882180539273154,0.45614984305481343,0.8228426475967482,5,1.0,1.5793890196759923,8.825454711914062,-9.422454833984375,-0.0677032470703125,0.9536356726604202,1.0227458390958923
(3)hm2+4+1.jpg,1,5,0,0,0,0,4,1,0,0,0,0.703421052631579,0.014688965416178194,0.354028733464221,0.638627733417893,5,0.9316077921311918,1.4713711175365987,7.719062805175781,2.43133544921875,18.72901153564453,0.9737830407479385,1.044353290946721
(4)hm2+4+1.jpg,0,5,0,0,0,0,4,1,0,0,0,0.07982456140350877,0.0016669109026963658,1.0,1.8038867274100345,6,0.8627992857161951,1.362695718044448,-30.19983673095703,6.0863189697265625,3.6925277709960938,1.0,1.0724701984382263
(0)hyp1+1+2.jpg,0,4,0,1,0,3,0,0,0,0,0,0.09273182957393483,0.002672222222222222,1.0,0.9539756785011803,4,0.9048646437689934,1.4876762811343847,-62.345497131347656,-6.482444763183594,1.909393310546875,0.9968947532133133,1.0170239715429243
(1)hyp1+1+2.jpg,0,4,0,1,0,3,0,0,0,0,0,0.11336032388663968,0.003266666666666667,0.23312623623687784,0.222396759390502,4,1.0,1.6440870923388398,15.988494873046875,2.2453155517578125,-2.6377487182617188,1.0,1.0201919192218918
(2)hyp1+1+2.jpg,1,4,0,1,0,3,0,0,0,0,0,0.23423944476576056,0.00675,0.5227069828069496,0.49864974858056454,4,0.971719762720528,1.5975919192593802,-5.8221588134765625,2.01092529296875,-12.723388671875,0.9906857862408032,1.010689633610854
(3)hyp1+1+2.jpg,0,4,0,1,0,3,0,0,0,0,0,1.0,0.028816666666666668,0.2810247789575116,0.26809080418163633,2,0.6525166503958273,1.072794202451955,40.80841064453125,18.11908721923828,19.197463989257812,0.9521428890856708,0.9713684813897874
(0)hyp2+4+4.jpg,0,12,0,0,0,2,4,3,0,0,3,0.14035087719298245,0.0007111111111111111,0.4342749192184261,0.7022813627138588,9,0.7594111333330877,1.1524863444978999,-2.2225189208984375,10.196853637695312,1.0461044311523438,1.0,1.0677638900108197
(1)hyp2+4+4.jpg,1,12,0,0,0,2,4,3,0,0,3,0.7867324561403509,0.003986111111111111,0.6035834258409852,0.9760761491222705,5,0.8178068914226871,1.2411080552166804,4.289825439453125,-3.9029922485351562,0.6715621948242188,0.9849310054776158,1.051673761801047
(2)hyp2+4+4.jpg,0,12,0,0,0,2,4,3,0,0,3,0.08552631578947369,0.0004333333333333333,0.6422734965088006,1.038643233588004,6,0.5981057099155773,0.9076883824688217,18.648353576660156,7.71337890625,-1.9194488525390625,0.998582204325636,1.0662500189863202
(3)hyp2+4+4.jpg,0,12,0,0,0,2,4,3,0,0,3,0.27960526315789475,0.0014166666666666668,0.3961411723852286,0.6406139292373852,6,0.6352613974738215,0.9640760500335067,12.998680114746094,13.419921875,2.3375244140625,0.9874028471093783,1.0543131050372683
(4)hyp2+4+4.jpg,0,12,0,0,0,2,4,3,0,0,3,0.31524122807017546,0.0015972222222222223,0.7071347668829597,1.1435326926147775,5,0.8990655292636379,1.3644265929278208,-26.768798828125,22.006057739257812,-10.543365478515625,0.9759589402207665,1.0420937145009626
(5)hyp2+4+4.jpg,1,12,0,0,0,2,4,3,0,0,3,1.0,0.005066666666666666,0.3701592229544411,0.598597598004039,4,0.964552826054488,1.4638104602123054,-2.6558685302734375,-0.598846435546875,6.440162658691406,0.9919806453139296,1.0592011126558447
(6)hyp2+4+4.jpg,1,12,0,0,0,2,4,3,0,0,3,0.625,0.0031666666666666666,0.3653939340461386,0.5908914804270194,5,0.8219949461894857,1.2474638692374205,-5.235565185546875,-5.1122283935546875,0.32924652099609375,0.9809997337684663,1.047476091828196
(7)hyp2+4+4.jpg,1,12,0,0,0,2,4,3,0,0,3,0.805921052631579,0.004083333333333333,0.35605778705344376,0.5757936662490174,5,0.8476263379047434,1.2863622045997947,4.332763671875,1.0052261352539062,-5.5654296875,0.9912650311676767,1.0584370057112948
(8)hyp2+4+4.jpg,0,12,0,0,0,2,4,3,0,0,3,0.30701754385964913,0.0015555555555555555,0.5171289570758864,0.8362675637074666,9,0.7862206504565717,1.1931726091985333,25.87763214111328,7.967628479003906,-0.5087890625,0.9923644942067503,1.0596109726428193
(9)hyp2+4+4.jpg,0,12,0,0,0,2,4,3,0,0,3,0.2236842105263158,0.0011333333333333334,0.8115630017975658,1.3124072922661238,4,1.0,1.5176052784999192,46.117095947265625,8.446884155273438,1.7274856567382812,0.9753033805384863,1.0413937315444768
(10)hyp2+4+4.jpg,0,12,0,0,0,2,4,3,0,0,3,0.1425438596491228,0.0007222222222222222,0.24189902800640334,0.39118349117014084,9,0.3258926432167294,0.4945763955699995,8.165382385253906,-0.204986572265625,-2.4952926635742188,0.9552988780171674,1.0200336461145822
(0)hyp3+1+1.jpg,0,2,0,0,0,0,2,0,0,0,0,0.16334072431633406,0.0008308583029437197,1.0,2.107700702864971,5,1.0,1.0868130442846338,24.60491180419922,6.547607421875,1.7865753173828125,0.9920253950520375,1.1445321125902772
(1)hyp3+1+1.jpg,1,2,0,0,0,0,2,0,0,0,0,1.0,0.0050866573931350806,0.6828637965780181,1.4392725040085312,5,0.9545234799862066,1.0373885691249718,1.14019775390625,4.408515930175781,0.180938720703125,1.0,1.1537326748880656
(0)hyp4+1+2.jpg,0,4,0,0,0,2,2,0,0,0,0,0.06465517241379311,0.0004205607476635514,0.6722751227092624,0.9660423876065423,5,0.8178716951325188,0.7961570134234363,4.435203552246094,12.727676391601562,-0.25142669677734375,0.9851563457994468,1.2369886330916051
(1)hyp4+1+2.jpg,0,4,0,0,0,2,2,0,0,0,0,0.06321839080459771,0.00041121495327102806,0.6432472269426539,0.9243300338598223,4,0.7484310245117825,0.7285600085869159,-7.147552490234375,11.259590148925781,-0.60003662109375,1.0,1.2556267219573138
(2)hyp4+1+2.jpg,1,4,0,0,0,2,2,0,0,0,0,1.0,0.006504672897196261,0.8200894625751701,1.1784478641487712,5,0.744533071086728,0.7247655467222683,-7.32257080078125,4.612586975097656,-5.209495544433594,0.9581538400928084,1.203083565366545
(3)hyp4+1+2.jpg,0,4,0,0,0,2,2,0,0,0,0,0.07004310344827586,0.000455607476635514,1.0,1.4369747666898642,4,1.0,0.9734497698865052,-23.649032592773438,14.203193664550781,-0.6069183349609375,0.9870734192350694,1.2393957617253275
(0)hyp5+4+1.jpg,0,9,4,0,1,0,3,1,0,0,0,0.33572488866897576,0.0017451131687242797,0.13061060763627363,0.6984384103923295,3,0.683841885760758,0.7157893220081556,19.910751342773438,-10.640144348144531,-14.382675170898438,0.9940072416911149,1.4280567459879063
(1)hyp5+4+1.jpg,1,9,4,0,1,0,3,1,0,0,0,0.4962889658584859,0.0025797325102880657,0.16440233963331502,0.8791392279411067,5,0.5822138724179238,0.6094134940829958,2.346771240234375,-3.1419830322265625,-3.8391571044921875,0.9756469216589119,1.4016790922035367
(2)hyp5+4+1.jpg,1,9,4,0,1,0,3,1,0,0,0,0.7856259277585353,0.0040837191358024695,0.043799425032859315,0.23421681706924674,5,0.6654464193287791,0.6965344639487934,1.4311676025390625,-2.0085906982421875,5.0420989990234375,0.9200333044273277,1.3217808802737765
(3)hyp5+4+1.jpg,0,9,4,0,1,0,3,1,0,0,0,0.054057397328055416,0.00028099279835390944,0.08851787692121324,0.47334811748464745,1,0.41939560869964576,0.438988755522562,-2.5126876831054688,8.28009033203125,1.2650299072265625,1.0,1.436666340134845
(4)hyp5+4+1.jpg,1,9,4,0,1,0,3,1,0,0,0,1.0,0.005198045267489712,0.13079282284986918,0.6994128037163954,6,0.6657083873232184,0.6968086704532969,19.49420928955078,-19.872634887695312,-7.392036437988281,0.9233687296548032,1.3265727734281272
(5)hyp5+4+1.jpg,1,9,4,0,1,0,3,1,0,0,0,0.5357496288965858,0.0027848508230452675,0.0872956654100373,0.46681235840291835,5,0.4438062597501819,0.4645398130536501,1.8174362182617188,2.71868896484375,-5.907958984375,0.9442033439179299,1.3565051624496547
(6)hyp5+4+1.jpg,0,9,4,0,1,0,3,1,0,0,0,0.03525482434438397,0.00018325617283950618,0.07221144915182644,0.3861497214543326,1,0.5473011933261137,0.5728697792024514,-5.0298614501953125,10.69757080078125,-0.7457122802734375,0.9957295023525691,1.4305310599091559
(7)hyp5+4+1.jpg,0,9,4,0,1,0,3,1,0,0,0,0.0475012370113805,0.0002469135802469136,1.0,5.347486111827541,1,0.6370334998176748,0.6667941616704378,79.30538940429688,2.6601333618164062,15.3770751953125,0.9501126360284362,1.3649948435188435
(8)hyp5+4+1.jpg,0,9,4,0,1,0,3,1,0,0,0,0.05875804057397328,0.0003054269547325103,0.4650304211766638,2.486743718819522,1,1.0,1.0467175774292574,-5.690093994140625,0.5923004150390625,-1.242462158203125,0.9791025764478527,1.4066437151219338
(0)hyp6+5+1.jpg,1,8,0,0,0,1,4,3,0,0,0,0.8138275276125744,0.004927340534979424,0.09921713604170311,0.6914252769765102,4,0.9611252496274031,1.3551131535943142,-47.09674072265625,1.3932952880859375,2.6725311279296875,0.9011217372704706,1.2709163336292641
(1)hyp6+5+1.jpg,1,8,0,0,0,1,4,3,0,0,0,0.568712829226848,0.0034432870370370372,0.094831221698524,0.6608606773467323,5,0.9945110228822807,1.402184542571079,11.168472290039062,-5.4126739501953125,-0.498779296875,0.9346604215764108,1.3182183350458176
(2)hyp6+5+1.jpg,0,8,0,0,0,1,4,3,0,0,0,0.07009345794392523,0.0004243827160493827,0.2153613911736588,1.50081241490084,5,0.652051551252583,0.9193428580369692,-22.42169189453125,9.082733154296875,-3.1949615478515625,0.9805839004904973,1.3829874966751674
(3)hyp6+5+1.jpg,1,8,0,0,0,1,4,3,0,0,0,0.7686915887850467,0.004654063786008231,0.22480137502376613,1.566597859921857,6,0.8770263405476348,1.2365401185594878,3.6394271850585938,-1.3161468505859375,-5.97076416015625,0.9479218146137822,1.3369218246197396
(4)hyp6+5+1.jpg,1,8,0,0,0,1,4,3,0,0,0,1.0,0.006054526748971193,0.09671267406407527,0.6739721596457438,5,0.9697580456030126,1.3672847362089418,4.1454620361328125,-0.533660888671875,-0.79400634765625,0.9434034753548297,1.3305492881159868
(5)hyp6+5+1.jpg,1,8,0,0,0,1,4,3,0,0,0,0.6589847068819031,0.003989840534979424,0.105970592161098,0.7384888231963751,5,0.9310136011552895,1.312658030355394,-1.2505035400390625,-9.623489379882812,1.2044219970703125,0.9672355273444558,1.3641613328428877
(6)hyp6+5+1.jpg,0,8,0,0,0,1,4,3,0,0,0,0.027081563296516568,0.00016396604938271605,0.5820059714322529,4.055888489165674,6,0.7838178419507552,1.1051232584526762,9.984672546386719,0.243316650390625,0.8798675537109375,1.0,1.4103714082837624
(7)hyp6+5+1.jpg,0,8,0,0,0,1,4,3,0,0,0,0.016992353440951572,0.00010288065843621399,1.0,6.968809064251656,6,1.0,1.409923580844065,4.0722503662109375,3.43292236328125,0.985137939453125,0.9514840588204952,1.341945911998212
(0)jj1+1+1.jpg,0,1,0,0,0,1,0,0,0,0,0,1.0,0.0011407349062133646,1.0,0.5545809201825436,4,1.0,0.6529528950982815,53.772308349609375,-22.128158569335938,-26.51813507080078,1.0,1.3059950069466575
(0)jj2+1+1.jpg,0,2,1,1,0,0,0,0,0,0,0,0.41703204719387754,0.009582447977725674,1.0,0.5424974405128207,1,0.9488489864284011,1.1661692452876944,18.77350616455078,-30.649124145507812,-15.220771789550781,1.0,1.4163548034918967
(1)jj2+1+1.jpg,1,2,1,1,0,0,0,0,0,0,0,1.0,0.022977725674091443,0.8090717863385932,0.43891937327982256,2,1.0,1.2290356652825407,-11.719154357910156,-10.033882141113281,-6.9749603271484375,0.9400942283482557,1.3315069760560598
(0)jj3+1+1.jpg,0,2,0,0,0,0,1,1,0,0,0,0.06875,0.00279296875,1.0,1.6852283491260442,6,0.6945144315431844,0.7857412673431043,32.532958984375,13.649765014648438,18.97723388671875,1.0,1.2770338132920487
(1)jj3+1+1.jpg,1,2,0,0,0,0,1,1,0,0,0,1.0,0.040625,0.45833782645447224,0.7724038986178897,5,1.0,1.1313534055688625,17.039031982421875,-2.81072998046875,-13.648300170898438,0.969971544905325,1.2386864607752268
(0)jj4+2+1.jpg,1,3,0,0,0,1,2,0,0,0,0,1.0,0.009485677083333333,0.15649996552460618,0.192718530445322,5,0.8869294787448379,0.5766740474747457,-4.2337799072265625,1.1309967041015625,2.2189788818359375,0.962575575391423,1.3141293598778014
(1)jj4+2+1.jpg,1,3,0,0,0,1,2,0,0,0,0,0.9584763212079616,0.009091796875,0.2842236125863019,0.3500010798844581,5,0.9587249141261954,0.6233548324794014,17.034286499023438,-8.050277709960938,-14.721794128417969,0.9497740921345462,1.2966524932006007
(2)jj4+2+1.jpg,0,3,0,0,0,1,2,0,0,0,0,0.2964996568291009,0.0028125,1.0,1.2314285808262446,4,1.0,0.6501915443050124,5.27032470703125,14.051162719726562,5.7688446044921875,1.0,1.3652220079897854
(0)jj5+4+2.jpg,1,8,0,0,0,3,2,2,0,1,0,0.49155778294851143,0.026819661458333335,0.26100761967243674,0.39973977464030624,6,0.7716465402661347,1.1125277217876492,-37.193931579589844,22.956130981445312,-10.388031005859375,0.9602620455272681,1.0573234644504437
(1)jj5+4+2.jpg,1,8,0,0,0,3,2,2,0,1,0,0.7363522462860211,0.04017578125,0.028392708954518106,0.04348415227551856,4,0.7991138872925345,1.1521289944121493,-32.435546875,0.5260162353515625,-6.844947814941406,0.929009358373519,1.0229118164959066
(2)jj5+4+2.jpg,1,8,0,0,0,3,2,2,0,1,0,0.5348129586540182,0.0291796875,0.45738819876502534,0.7005016011675269,5,1.0,1.4417581933354453,-40.362178802490234,3.143524169921875,-5.4543609619140625,0.9520765286306135,1.0483105714346248
(3)jj5+4+2.jpg,0,8,0,0,0,3,2,2,0,1,0,0.03257562197959549,0.00177734375,0.33244834617283175,0.5091530551692326,5,0.6231740731451085,0.8984663258311822,21.637413024902344,9.165786743164062,-1.0491943359375,1.0,1.1010780540325118
(4)jj5+4+2.jpg,0,8,0,0,0,3,2,2,0,1,0,0.02881689636656524,0.001572265625,0.8561845434874694,1.3112682951314518,4,0.6245495783110916,0.9004494716742136,22.862823486328125,11.01654052734375,0.7459716796875,0.9919564100347019,1.0922214336460858
(5)jj5+4+2.jpg,1,8,0,0,0,3,2,2,0,1,0,1.0,0.054560546875,0.10836856771736414,0.16596920385618366,8,0.7830163458015112,1.1289202320749092,-65.45619201660156,8.542282104492188,-40.12798309326172,0.926995003844525,1.0206938549309903
(6)jj5+4+2.jpg,0,8,0,0,0,3,2,2,0,1,0,0.058469065091581646,0.0031901041666666666,1.0,1.5315253062036183,6,0.8726986116273685,1.2582203736262263,-42.813926696777344,18.1575927734375,9.548431396484375,0.9932033863565217,1.09359445190794
(7)jj5+4+2.jpg,0,8,0,0,0,3,2,2,0,1,0,0.1706342103693097,0.009309895833333333,0.1620555318678833,0.2481921480659502,4,0.7361307061990152,1.0613224770282377,-32.96138000488281,-3.9203033447265625,11.764556884765625,0.9904652501457869,1.0905795502173479
(0)lcj1+2+2.jpg,1,5,0,2,3,0,0,0,0,0,0,0.695679012345679,0.008695987654320987,0.7686074154599147,0.6731524370598645,2,0.9525663649850715,0.9918950426022228,-17.366249084472656,-5.7561492919921875,-13.404045104980469,0.9880726703582845,1.2486225501151182
(1)lcj1+2+2.jpg,1,5,0,2,3,0,0,0,0,0,0,1.0,0.0125,0.21595184517666563,0.18913232938464725,2,0.8372583723798023,0.8718263204199391,43.54930114746094,-26.384750366210938,-10.833053588867188,0.8912043933921832,1.1262105872715222
(2)lcj1+2+2.jpg,0,5,0,2,3,0,0,0,0,0,0,0.10293209876543209,0.0012866512345679013,0.6067403705876043,0.5313880023903464,3,0.8920220477231819,0.9288510276576624,-20.1461181640625,9.661582946777344,0.692413330078125,0.9247089474181631,1.1685501266023888
(3)lcj1+2+2.jpg,0,5,0,2,3,0,0,0,0,0,0,0.059027777777777776,0.0007378472222222222,0.6120973013856925,0.536079644637561,3,1.0,1.041287073596985,1.472808837890625,9.427780151367188,-1.6899948120117188,1.0,1.2636950576341273
(4)lcj1+2+2.jpg,0,5,0,2,3,0,0,0,0,0,0,0.027546296296296298,0.0003443287037037037,1.0,0.8758078877720267,3,0.8696841807353969,0.9055908955115529,-2.043182373046875,14.250381469726562,-1.3784866333007812,0.9378067169391312,1.1851017132120671
(0)lgl1+12+1.jpg,1,19,0,2,5,2,6,2,0,2,0,0.9606625258799172,0.00764947245017585,0.25356723777784296,0.8841050636209415,8,0.7426827544948761,0.5265216125537135,2.3861618041992188,-2.076385498046875,-8.37078857421875,0.9827210576960957,1.31159768194731
(1)lgl1+12+1.jpg,1,19,0,2,5,2,6,2,0,2,0,1.0,0.007962705158264947,0.22826982582843333,0.7959013579806529,6,0.6568479435313349,0.4656694077485747,31.51806640625,-7.4315185546875,-14.596359252929688,0.9342321267355894,1.2468814850673906
(2)lgl1+12+1.jpg,0,19,0,2,5,2,6,2,0,2,0,0.0478490913273522,0.0003810082063305979,0.6543633684151194,2.2815485649243255,3,0.7358166479152853,0.5216539170452719,0.7156524658203125,9.333236694335938,-0.6277084350585938,0.9701262318552122,1.2947878820065608
(3)lgl1+12+1.jpg,0,19,0,2,5,2,6,2,0,2,0,0.07430411778237865,0.0005916617819460727,0.16964152766019,0.591483879854259,3,0.7268751464659472,0.515314879638972,8.357711791992188,5.784393310546875,-3.0708847045898438,0.9983862864154488,1.3325054232789626
(4)lgl1+12+1.jpg,1,19,0,2,5,2,6,2,0,2,0,0.36783988957902003,0.0029290005861664714,0.3045027471545667,1.0617003324447771,5,0.6886459767593333,0.48821248099204767,9.280258178710938,-17.72528076171875,-3.8361358642578125,0.9783382606975031,1.305748141694986
(5)lgl1+12+1.jpg,1,19,0,2,5,2,6,2,0,2,0,0.6671267540832758,0.005312133645955452,0.22303933832186199,0.777664378588949,5,0.9244327585266756,0.6553724639102294,1.2155685424804688,-0.19268798828125,5.4005584716796875,0.9778658496023489,1.3051176338896653
(6)lgl1+12+1.jpg,0,19,0,2,5,2,6,2,0,2,0,0.07246376811594203,0.0005770076201641266,0.4070406420826637,1.4192160466727612,3,0.7762088711457976,0.5502898028003189,-4.3103790283203125,10.807876586914062,0.727935791015625,0.9938104017063618,1.3263981767411024
(7)lgl1+12+1.jpg,1,19,0,2,5,2,6,2,0,2,0,0.6183574879227053,0.00492379835873388,0.26535772310277916,0.9252145849837026,5,0.7023011573366852,0.497893260105048,2.788055419921875,0.5075454711914062,0.8653717041015625,0.9731139794936998,1.2987755068225701
(8)lgl1+12+1.jpg,1,19,0,2,5,2,6,2,0,2,0,0.5925925925925926,0.004718640093786635,0.1563546942251941,0.545157087709054,5,0.7742790685856855,0.5489216779183139,-15.314315795898438,-12.559356689453125,-1.4207763671875,0.9642787030009442,1.286983423935459
(9)lgl1+12+1.jpg,1,19,0,2,5,2,6,2,0,2,0,0.5060961582700713,0.00402989449003517,0.16272272653574846,0.567360309467519,5,0.6329190829171106,0.44870514918605636,2.15167236328125,-12.529205322265625,-6.4565277099609375,0.9682247624556509,1.2922500684151788
(10)lgl1+12+1.jpg,1,19,0,2,5,2,6,2,0,2,0,0.35426731078904994,0.002820926143024619,0.1780486123442965,0.6207966026044301,6,0.4448472854967109,0.31537249072004186,7.484275817871094,-0.18486785888671875,1.9426116943359375,0.9690565137114439,1.2933601728649728
(11)lgl1+12+1.jpg,1,19,0,2,5,2,6,2,0,2,0,0.36783988957902003,0.0029290005861664714,0.06273433946975548,0.21873388563201998,2,0.6000463084589092,0.4254001429608631,-0.23714447021484375,0.317840576171875,-4.546241760253906,0.9905857726929879,1.3220943960233098
(12)lgl1+12+1.jpg,1,19,0,2,5,2,6,2,0,2,0,0.32298136645962733,0.0025718053927315356,0.12471777247902034,0.4348496088790118,5,0.5959252427914065,0.42247853191286044,16.795578002929688,7.3956756591796875,-4.758018493652344,0.9778541733561309,1.3051020500804515
(13)lgl1+12+1.jpg,1,19,0,2,5,2,6,2,0,2,0,0.4396135265700483,0.003500512895662368,0.3229465248767212,1.126007683107887,4,1.0,0.7089455213105345,2.9776458740234375,-6.72149658203125,-5.2063751220703125,0.9611587841691205,1.2828193956228091
(14)lgl1+12+1.jpg,0,19,0,2,5,2,6,2,0,2,0,0.040487692661605706,0.0003223915592028136,0.4529568773820554,1.5793107674511964,3,0.7492309961320741,0.5311639591348642,8.509963989257812,10.959617614746094,0.5728607177734375,0.9855507143027262,1.3153743091162287
(15)lgl1+12+1.jpg,0,19,0,2,5,2,6,2,0,2,0,0.08695652173913043,0.000692409144196952,1.0,3.486669142941604,4,0.7394909350146245,0.5242587864283574,41.353179931640625,-3.7708053588867188,-2.7543487548828125,0.968900306204058,1.2931516890811101
(16)lgl1+12+1.jpg,0,19,0,2,5,2,6,2,0,2,0,0.07729468599033816,0.000615474794841735,0.4063408606124794,1.4167761402138674,3,0.6133352682198676,0.4348212914662705,6.4705047607421875,5.2679290771484375,4.789604187011719,1.0,1.3346591809299753
(17)lgl1+12+1.jpg,1,19,0,2,5,2,6,2,0,2,0,0.7186565447435013,0.005722450175849941,0.3816335582161243,1.330629951343169,8,0.7858479534395694,0.5571233870220321,50.095489501953125,-21.339149475097656,11.736442565917969,0.9787968961631436,1.3063602637299032
(18)lgl1+12+1.jpg,0,19,0,2,5,2,6,2,0,2,0,0.03542673107890499,0.0002820926143024619,0.6436330407642546,2.2441354626104024,2,0.8637603444120798,0.6123590276565887,14.408317565917969,3.9566116333007812,-0.08837127685546875,0.987301595928625,1.317711139352956
(0)ljl1+1+2.jpg,0,2,0,0,0,1,1,0,0,0,0,0.008047799048896477,0.0021629213483146067,0.9374598821975177,1.2754479451066238,4,1.0,1.1493837224087626,22.86870574951172,11.672744750976562,-0.47298431396484375,1.0,1.6321160036316855
(1)ljl1+1+2.jpg,1,2,0,0,0,1,1,0,0,0,0,1.0,0.2687593632958801,1.0,1.3605360286104422,5,0.7743934516715372,0.8900752280912017,28.02703857421875,-4.224189758300781,-39.223331451416016,0.7502930323575974,1.2245652655241808
(0)lr1+3+1.jpg,0,7,0,0,0,4,1,2,0,0,0,0.052873563218390804,0.00032536008230452676,0.20421088649392044,1.343762354754475,4,0.7100925718324963,0.6506941398075103,-0.9205780029296875,6.493621826171875,-0.0444793701171875,0.9970667404363828,1.4443196499543678
(1)lr1+3+1.jpg,1,7,0,0,0,4,1,2,0,0,0,0.9454545454545454,0.005817901234567901,0.28469596937704694,1.8733757674109006,4,0.8309925212591471,0.7614809466486658,-7.305473327636719,3.640380859375,5.925628662109375,0.9595103364823305,1.3899166195326318
(2)lr1+3+1.jpg,1,7,0,0,0,4,1,2,0,0,0,0.8476489028213167,0.005216049382716049,0.16950985782662986,1.1154202874193473,6,0.9404738872234147,0.8618043214830599,-1.8049850463867188,-0.761810302734375,6.363304138183594,0.9540806852565502,1.382051396835141
(3)lr1+3+1.jpg,1,7,0,0,0,4,1,2,0,0,0,1.0,0.006153549382716049,0.06252087945692772,0.41140414031189776,5,1.0,0.9163511429619666,6.301513671875,3.3882293701171875,5.548896789550781,0.9541604403506456,1.3821669275663493
(4)lr1+3+1.jpg,0,7,0,0,0,4,1,2,0,0,0,0.26332288401253917,0.0016203703703703703,0.06727617878362922,0.44269528414129894,6,0.5151804717218698,0.4720862140940204,46.3377685546875,-3.8155899047851562,-15.122589111328125,0.8640855376024489,1.251687244782015
(5)lr1+3+1.jpg,0,7,0,0,0,4,1,2,0,0,0,0.023824451410658306,0.00014660493827160494,0.23809709284213365,1.5667426728851965,4,0.61674121145464,0.5651515140282073,15.724021911621094,12.578338623046875,1.4628524780273438,1.0,1.4485686778823224
(0)lrx1+3+9.jpg,0,15,10,2,1,0,2,0,0,0,0,0.0647887323943662,0.001213888888888889,0.37926815511166156,0.5054672868737503,1,0.6718456877389187,0.7650547567705188,-3.3134918212890625,7.602264404296875,0.0528717041015625,0.9947788266678332,1.0757947199246545
(1)lrx1+3+9.jpg,0,15,10,2,1,0,2,0,0,0,0,0.04536693847294292,0.00085,0.38993449239862427,0.5196827818913429,2,0.6844309530566164,0.7793860493161744,-0.74755859375,8.042144775390625,-0.29257965087890625,1.0,1.0814411114158877
(2)lrx1+3+9.jpg,0,15,10,2,1,0,2,0,0,0,0,0.054558932542624165,0.0010222222222222223,0.19074437914010034,0.25421339100293994,1,0.6173992692581394,0.703054669238476,-0.8750152587890625,7.1275482177734375,0.7398529052734375,0.9654806775658574,1.0441104969973851
(3)lrx1+3+9.jpg,0,15,10,2,1,0,2,0,0,0,0,0.05604151223128243,0.00105,0.5516797352233062,0.7352477534119747,1,0.688812586431107,0.7843755722330518,1.21435546875,9.622947692871094,2.012725830078125,0.9779303380168067,1.0575740716322102
(4)lrx1+3+9.jpg,0,15,10,2,1,0,2,0,0,0,0,0.0647887323943662,0.001213888888888889,0.7446726580958932,0.9924578771607535,1,0.6966137216706567,0.7932590044439718,21.63379669189453,8.845916748046875,5.011199951171875,0.9620217554351653,1.0403698764040685
(5)lrx1+3+9.jpg,0,15,10,2,1,0,2,0,0,0,0,0.05070422535211268,0.00095,0.42978710520257046,0.5727961050041417,1,0.6160462703209074,0.7015139608708768,10.219688415527344,8.259086608886719,1.1589202880859375,0.9892489520718774,1.0698144861956134
(6)lrx1+3+9.jpg,1,15,10,2,1,0,2,0,0,0,0,0.8317272053372868,0.015583333333333333,0.32751800176218426,0.4364975902189928,5,0.9906923036549429,1.1281368225462105,-7.131988525390625,-4.839866638183594,1.33612060546875,0.9578065900220895,1.03581142323495
(7)lrx1+3+9.jpg,0,15,10,2,1,0,2,0,0,0,0,0.07412898443291327,0.001388888888888889,0.5143711598422117,0.6855249804323807,1,0.8288299430729824,0.9438183530445415,26.59636688232422,8.022926330566406,-0.2641754150390625,0.9763828443666248,1.0559005483792485
(8)lrx1+3+9.jpg,0,15,10,2,1,0,2,0,0,0,0,0.06048925129725723,0.0011333333333333334,0.7009791897337243,0.9342256775693398,1,0.9043426727564956,1.0298074039462841,22.505401611328125,10.430809020996094,0.8777618408203125,0.9815318900719826,1.0614689380895819
(9)lrx1+3+9.jpg,0,15,10,2,1,0,2,0,0,0,0,0.05930318754633061,0.0011111111111111111,1.0,1.332743812158271,1,0.887466888771531,1.0105903440654949,60.67169189453125,10.872367858886719,-0.871307373046875,0.9439687021676433,1.0208465624139893
(10)lrx1+3+9.jpg,0,15,10,2,1,0,2,0,0,0,0,0.0681986656782802,0.0012777777777777779,0.3575211363231523,0.47648408215047494,1,0.5825110652348882,0.6633262212774599,12.411598205566406,11.401626586914062,1.871917724609375,0.9747173147859922,1.0540993762184732
(11)lrx1+3+9.jpg,1,15,10,2,1,0,2,0,0,0,0,1.0,0.01873611111111111,0.3568486942737939,0.4755878891701575,3,0.7824701795314746,0.8910268292356249,-4.5712738037109375,-1.6236648559570312,-1.47552490234375,0.9597002254436637,1.0378592784298737
(12)lrx1+3+9.jpg,1,15,10,2,1,0,2,0,0,0,0,0.8468495181616011,0.015866666666666668,0.4382283715382597,0.5840461504798115,5,1.0,1.1387358298678572,16.96856689453125,-1.0465164184570312,2.3907012939453125,0.936881722020045,1.0131824107265883
(13)lrx1+3+9.jpg,0,15,10,2,1,0,2,0,0,0,0,0.2668643439584878,0.005,0.18127538639711394,0.24159364951735324,2,0.48490104792274696,0.5521741972101029,33.67138671875,7.563812255859375,4.6536712646484375,0.931660218442214,1.0075356620941167
(0)lrx10+1+1.jpg,1,4,0,0,0,2,1,1,0,0,0,1.0,0.011351315173013854,0.18776677588519242,0.8261211773959399,5,1.0,0.8184034401557464,-5.038215637207031,4.2194061279296875,3.3145294189453125,0.9750619290143178,1.5084331989604893
(1)lrx10+1+1.jpg,0,4,0,0,0,2,1,1,0,0,0,0.05306603773584906,0.0006023693193226692,1.0,4.399719670859455,6,0.7640289167549991,0.6252838938507597,7.198905944824219,8.341567993164062,0.72564697265625,0.9901275975667575,1.5317399797226183
(2)lrx10+1+1.jpg,0,4,0,0,0,2,1,1,0,0,0,0.045990566037735846,0.0005220534100796466,0.774277446663348,3.4066037127875646,4,0.5723273959368878,0.4683947097301289,-7.760597229003906,2.2193527221679688,3.0592575073242188,0.9999222488836498,1.5468924298173294
(3)lrx10+1+1.jpg,0,4,0,0,0,2,1,1,0,0,0,0.05365566037735849,0.0006090623117595877,0.7424927868172091,3.2667601196309306,4,0.5674431759398586,0.4643974472820827,4.3985595703125,6.6803131103515625,-0.2199554443359375,1.0,1.5470127117826786
(0)lrx11+1+1.jpg,0,2,0,0,1,0,1,0,0,0,0,0.0678973717146433,0.001931693421560191,0.9556931180348704,0.5860021326274747,3,0.9279679407025052,0.7346847926809064,10.361503601074219,7.8533477783203125,0.0850677490234375,1.0,1.2336187233703597
(1)lrx11+1+1.jpg,1,2,0,0,1,0,1,0,0,0,0,1.0,0.028450194356250555,1.0,0.6131697734021908,5,1.0,0.7917135500658821,8.561965942382812,-14.207450866699219,-15.033622741699219,0.9748533485628739,1.2025973433274528
(0)lrx12+1+6.jpg,1,8,0,1,1,4,0,2,0,0,0,1.0,0.01813131651161234,0.9345982183718714,3.3373509600239064,2,1.0,1.3050441218793503,43.92277526855469,-0.6591796875,-5.0080718994140625,0.9413555095467417,1.1993391462135587
(1)lrx12+1+6.jpg,0,8,0,1,1,4,0,2,0,0,0,0.132890365448505,0.0024094772772906767,0.14722230286052276,0.5257152048122111,4,0.24117589906964923,0.31474518941981316,52.13768005371094,-6.105766296386719,-2.5998992919921875,0.952890124048063,1.2140348850365865
(2)lrx12+1+6.jpg,0,8,0,1,1,4,0,2,0,0,0,0.47711332595053524,0.008650692724717222,0.8716313561572749,3.1125029837163356,3,0.597937845046557,0.780335269927215,2.8669281005859375,3.9989471435546875,-11.630355834960938,0.972789166385032,1.2393873689864379
(3)lrx12+1+6.jpg,0,8,0,1,1,4,0,2,0,0,0,0.2117017349575489,0.003838431162572786,0.17970127298682323,0.6416941570516292,4,0.3693891147198714,0.48206909285138516,3.9599151611328125,4.014106750488281,2.2298126220703125,0.9752610975450214,1.242536746428705
(4)lrx12+1+6.jpg,0,8,0,1,1,4,0,2,0,0,0,0.23624953857511996,0.00428351515962787,0.21238580821928657,0.7584071604489828,6,0.3035217602139807,0.39610928902972914,30.360183715820312,-5.666587829589844,-0.596649169921875,0.9651112945242528,1.2296053342621944
(5)lrx12+1+6.jpg,0,8,0,1,1,4,0,2,0,0,0,0.21853082318198597,0.00396225152265578,0.1334968523204809,0.4767030789209726,4,0.3551600881740572,0.4634995853977051,-3.508148193359375,0.01384735107421875,-15.955162048339844,1.0,1.274055480687668
(6)lrx12+1+6.jpg,0,8,0,1,1,4,0,2,0,0,0,0.29365079365079366,0.005324275483568703,0.1827909444412747,0.65272704561484,4,0.45690261353086836,0.5962780700597723,-17.383682250976562,-17.611602783203125,-6.6609954833984375,0.9859193670268389,1.2561159730766607
(7)lrx12+1+6.jpg,0,8,0,1,1,4,0,2,0,0,0,0.28755998523440385,0.005213841108359547,1.0,3.570893774907661,6,0.5565060610692963,0.7262649637887159,5.2745361328125,7.5698089599609375,-7.785301208496094,0.9645758265188811,1.2289231183152178
(0)lrx13+2+2.jpg,1,4,0,2,2,0,0,0,0,0,0,0.9928780896522832,0.015862392075496955,1.0,1.0685299199584242,2,1.0,1.4540481552622426,9.541641235351562,11.518051147460938,-1.1714324951171875,0.9920019392630969,1.214717335507781
(1)lrx13+2+2.jpg,1,4,0,2,2,0,0,0,0,0,0,1.0,0.01597617294692457,0.922563461016087,0.9857866611560863,2,0.8044199298884902,1.1696653151105416,-30.578567504882812,3.8822479248046875,1.8434906005859375,0.9424313352268966,1.1540175831473227
(2)lrx13+2+2.jpg,0,4,0,2,2,0,0,0,0,0,0,0.2547130289065773,0.0040693394016464764,0.2688077959835202,0.2872291727264713,3,0.36579018715816947,0.5318765468503668,3.1353302001953125,5.75091552734375,0.329193115234375,1.0,1.2245110492527131
(3)lrx13+2+2.jpg,0,4,0,2,2,0,0,0,0,0,0,0.3519061583577713,0.005622113647011579,0.11328762941847169,0.12105122159479918,3,0.33951751503059185,0.4936748164094528,15.217559814453125,-1.15863037109375,2.313629150390625,0.9774297269146109,1.196873500475003
(0)lrx14+1+4.jpg,0,5,0,1,0,2,0,2,0,0,0,0.4336734693877551,0.0034134261428284585,0.10164663132290709,0.3326940075415218,4,0.34724278613214077,0.4564492771271029,22.070571899414062,3.9604644775390625,3.8160324096679688,0.9928315298682361,1.1929316097188418
(1)lrx14+1+4.jpg,0,5,0,1,0,2,0,2,0,0,0,0.48767006802721086,0.003838431162572786,0.29828231248762127,0.9762914582482107,4,0.4817406139846489,0.6332461430383239,9.380401611328125,11.750152587890625,-20.924087524414062,1.0,1.2015448480742368
(2)lrx14+1+4.jpg,0,5,0,1,0,2,0,2,0,0,0,0.35374149659863946,0.002784284853758115,0.4977220450628518,1.629066695655509,6,0.4414267610399447,0.5802537418432243,-8.453819274902344,8.689544677734375,-2.0169296264648438,0.9889328465731938,1.1882471668914107
(3)lrx14+1+4.jpg,1,5,0,1,0,2,0,2,0,0,0,1.0,0.00787095910581621,1.0,3.273045089754448,2,1.0,1.3144960683312927,1.1582183837890625,-7.6634674072265625,-4.1421051025390625,0.9935304460696807,1.1937713888799233
(4)lrx14+1+4.jpg,0,5,0,1,0,2,0,2,0,0,0,0.39540816326530615,0.003112241483167124,0.36435849494179645,1.1925617827795678,6,0.4493185571332274,0.5906274767799168,24.312896728515625,8.072494506835938,-26.992935180664062,0.9973245021577167,1.1983301174258076
(0)lrx15+4+3.jpg,1,7,1,1,0,2,0,2,1,0,0,1.0,0.01188006157553042,1.0,3.9853581520059973,1,0.9988462137314847,1.1924420156775368,-36.14741134643555,14.017959594726562,5.72412109375,0.9425533893873468,1.2452195521266458
(1)lrx15+4+3.jpg,0,7,1,1,0,2,0,2,1,0,0,0.2123943661971831,0.002523258148718292,0.33905650841388785,1.3512616197979779,4,0.25843966206384983,0.30853028957397005,-4.868659973144531,-4.543663024902344,-2.4582595825195312,0.9618877085369318,1.2707623728338833
(2)lrx15+4+3.jpg,1,7,1,1,0,2,0,2,1,0,0,0.7943661971830986,0.00943711933605515,0.48868404662578446,1.947580948975349,6,1.0,1.1938194281408125,-27.640419006347656,8.25341796875,-2.3726577758789062,0.9712627608532717,1.2831478764859412
(3)lrx15+4+3.jpg,1,7,1,1,0,2,0,2,1,0,0,0.7774647887323943,0.009236329562947595,0.4849459022300731,1.9326831047345254,6,0.936723455983069,1.118278660547793,5.670440673828125,8.005813598632812,-14.282020568847656,0.9798188683604416,1.2944514614902354
(4)lrx15+4+3.jpg,0,7,1,1,0,2,0,2,1,0,0,0.2123943661971831,0.002523258148718292,0.10864659462651662,0.43299559158247897,7,0.3376872890779691,0.4031376463374823,-12.992630004882812,3.96429443359375,-5.17236328125,1.0,1.321113017201105
(5)lrx15+4+3.jpg,1,7,1,1,0,2,0,2,1,0,0,0.7385915492957746,0.008774513084800215,0.5306577932234169,2.1148613621484573,2,0.9273703563184256,1.1071127484548045,-18.67540740966797,14.159744262695312,3.4653854370117188,0.9598706366928668,1.268097592964059
(6)lrx15+4+3.jpg,0,7,1,1,0,2,0,2,1,0,0,0.15549295774647887,0.0018472659125895188,0.16488853992107433,0.6571398867468199,4,0.33101681544821815,0.39517430532338466,0.9212493896484375,5.2489471435546875,5.429740905761719,0.9923057864547439,1.310948091529342
(0)lrx16+1+1.jpg,0,2,0,0,0,2,0,0,0,0,0,0.31288819875776397,0.0035945769162157343,1.0,0.7861257504573387,4,1.0,1.5752505184947212,12.493728637695312,-0.6029891967773438,-2.0995559692382812,0.9873944178121634,1.0139774242425392
(1)lrx16+1+1.jpg,1,2,0,0,0,2,0,0,0,0,0,1.0,0.01148837485877386,0.6576010064517402,0.5169570846983755,4,0.8671354554914026,1.3659555758679882,-20.901824951171875,-15.952545166015625,-4.8777923583984375,1.0,1.0269223786876147
(0)lrx17+1+1.jpg,1,2,0,0,0,1,0,0,1,0,0,1.0,0.015032407682702028,0.8647101941359311,0.7934970875426115,4,1.0,1.729635424266937,-13.58721923828125,0.317138671875,-23.349327087402344,0.9778220438991149,0.9975659375700133
(1)lrx17+1+1.jpg,0,2,0,0,0,1,0,0,1,0,0,0.14556962025316456,0.0021882618778616874,1.0,0.9176451173164671,7,0.8528735107816938,1.4751602366669272,36.40144348144531,3.6262969970703125,-5.503387451171875,1.0,1.02019170440479
(0)lrx18+1+1.jpg,0,4,0,0,0,0,2,2,0,0,0,0.15073446327683615,0.0026476659256906955,0.5321075269140098,1.2365163784386033,6,0.5721260652469674,0.43884843723900635,39.15673828125,9.888229370117188,2.0443267822265625,1.0,1.3078077393933158
(1)lrx18+1+1.jpg,0,4,0,0,0,0,2,2,0,0,0,0.11389830508474576,0.0020006351222610352,0.22225047621491226,0.5164677063474981,6,0.5357216142804843,0.4109244579176152,-1.506866455078125,11.061981201171875,-1.0838241577148438,0.9963797587482052,1.3030731598657477
(2)lrx18+1+1.jpg,1,4,0,0,0,0,2,2,0,0,0,1.0,0.017565100031756112,0.41537020296832633,0.9652411084361596,5,1.0,0.76704849489696,1.1235122680664062,5.417152404785156,1.7886810302734375,0.9630564234835429,1.2594926441042242
(0)lrx19+1+1.jpg,1,4,1,0,1,1,1,0,0,0,0,1.0,0.030136551286122578,0.280590876820035,0.6056976521674815,5,1.0,1.7346220954520832,-1.0949554443359375,-0.03476715087890625,0.96844482421875,0.9829666419123515,1.0836943979062492
(1)lrx19+1+1.jpg,0,4,1,0,1,1,1,0,0,0,0,0.02528977871443625,0.0007621467132422991,0.7258540929896948,1.5668653411778455,4,0.7380184484295869,1.2801831074972252,3.062896728515625,10.237037658691406,0.41805267333984375,0.994213164700622,1.0960933880875054
(2)lrx19+1+1.jpg,0,4,1,0,1,1,1,0,0,0,0,0.09088514225500527,0.0027389647507145127,1.0,2.158650555684186,1,0.8423790404092609,1.4612092962396273,25.097930908203125,7.473609924316406,6.9413909912109375,1.0,1.1024732190279956
(3)lrx19+1+1.jpg,0,4,1,0,1,1,1,0,0,0,0,0.03477344573234984,0.0010479517307081614,0.7083944672811076,1.529176110439966,3,0.8743741608163008,1.5167087390443283,-1.8229522705078125,13.750579833984375,0.7482452392578125,0.9939175576319734,1.095767489210965
(0)lrx2+2+2.jpg,0,12,0,3,2,3,3,1,0,0,0,0.16125256072578284,0.0018439194163710594,0.44713129760422293,1.2890636085609009,3,0.8025946983556321,0.6501490797737224,26.011810302734375,9.099624633789062,-0.087188720703125,0.9811427285779217,1.193443547924318
(1)lrx2+2+2.jpg,0,12,0,3,2,3,3,1,0,0,0,0.16739830260462393,0.0019141958369587042,0.6148370511902195,1.7725533241149751,2,0.9274204295257215,0.7512652900085867,28.51275634765625,10.6561279296875,-5.8986053466796875,0.9650892280072626,1.1739163719899648
(2)lrx2+2+2.jpg,0,12,0,3,2,3,3,1,0,0,0,0.05472636815920398,0.0006257947928518841,0.8800414850754257,2.5371282630247896,3,0.8177962449417521,0.6624632297978282,14.231353759765625,12.439773559570312,-0.406402587890625,0.9762552678123941,1.1874985326411631
(3)lrx2+2+2.jpg,1,12,0,3,2,3,3,1,0,0,0,0.9771729587357331,0.011173950873435513,0.27477647332348365,0.7921707877481906,5,0.9418095698601944,0.7629213430156142,12.944343566894531,-4.6877593994140625,1.7920379638671875,0.9840974461913644,1.197037610815466
(4)lrx2+2+2.jpg,1,12,0,3,2,3,3,1,0,0,0,1.0,0.011434977578475336,0.39316801781189686,1.1334893945624656,5,0.9562908978843684,0.7746520734927875,5.466087341308594,-1.0006866455078125,-3.4634780883789062,0.9761082142437761,1.1873196594481459
(5)lrx2+2+2.jpg,0,12,0,3,2,3,3,1,0,0,0,0.2768510389230319,0.0031657854226624722,0.1487265149196087,0.4287732463332416,2,1.0,0.8100590261881337,14.760162353515625,9.608390808105469,0.6633758544921875,0.9585214814839811,1.165927488737501
(6)lrx2+2+2.jpg,0,12,0,3,2,3,3,1,0,0,0,0.2273924495171203,0.002600227561742855,0.366214442283346,1.0557831961356963,2,0.9513624142891329,0.7706597108710469,25.968223571777344,8.407745361328125,-1.132720947265625,0.9459275714531236,1.150608493619175
(7)lrx2+2+2.jpg,0,12,0,3,2,3,3,1,0,0,0,0.04506877377816798,0.0005153604176427281,0.5603057469244814,1.6153415157871547,4,0.6882157706577621,0.5574953969863428,-1.1729888916015625,14.840377807617188,-0.2882537841796875,0.9852876122312437,1.19848530638501
(8)lrx2+2+2.jpg,0,12,0,3,2,3,3,1,0,0,0,0.05267778753292362,0.0006023693193226692,0.714052710206201,2.058588535969224,6,0.9383239843975058,0.7600978130500131,-2.1420822143554688,9.372642517089844,-0.213348388671875,0.9756077846417939,1.1867109462994057
(9)lrx2+2+2.jpg,0,12,0,3,2,3,3,1,0,0,0,0.04945858940591162,0.0005655578609196171,0.7077758338422218,2.040492524932654,4,0.9432893310896413,0.764120036956131,-13.764724731445312,8.7681884765625,2.44415283203125,0.9978407546878271,1.2137547125933181
(0)lrx3+2+1.jpg,0,3,1,0,0,0,1,1,0,0,0,0.2645224171539961,0.013623586105347701,0.06072626731658388,0.19061940668163002,1,0.277803222312048,0.5950930622622128,12.669021606445312,6.006744384765625,-1.870147705078125,0.9279046551941103,1.0684549366977716
(1)lrx3+2+1.jpg,1,3,1,0,0,0,1,1,0,0,0,1.0,0.05150257680208822,1.0,3.138994295300171,5,1.0,2.1421388035368523,-3.6265869140625,4.721649169921875,7.98553466796875,1.0,1.1514706071544165
(2)lrx3+2+1.jpg,1,3,1,0,0,0,1,1,0,0,0,0.9594541910331384,0.04941436316176963,0.7017191342595328,2.2026923593436485,6,0.5303772853210172,1.1361417634006878,-3.117645263671875,0.6426773071289062,5.6402130126953125,0.9159991250551147,1.054746068680127
(0)lrx4+4+1.jpg,1,5,1,3,1,0,0,0,0,0,0,1.0,0.019506726457399103,0.9541984610542065,1.1827197880551892,2,0.9458688568515908,1.382617436909864,15.39971923828125,-4.156806945800781,-6.3705596923828125,0.978348834029527,1.17090592281084
(1)lrx4+4+1.jpg,1,5,1,3,1,0,0,0,0,0,0,0.7164179104477612,0.013974968208285924,0.8444499866736169,1.0466876127198974,2,1.0,1.4617432711676648,3.04010009765625,-1.01019287109375,-3.3169708251953125,0.9859365920174,1.1799870914695312
(2)lrx4+4+1.jpg,1,5,1,3,1,0,0,0,0,0,0,0.8131755018013381,0.015862392075496955,1.0,1.2394903537661446,2,0.8729015671503126,1.275957992173679,0.3578338623046875,-0.768035888671875,-2.7088775634765625,0.9879746835937709,1.1824263170453153
(3)lrx4+4+1.jpg,1,5,1,3,1,0,0,0,0,0,0,0.970663921770458,0.01893447560404257,0.6160542390432712,0.7635932866908771,1,0.8922831926596299,1.304288952846215,-4.685874938964844,-2.50994873046875,0.032073974609375,0.9775369938794718,1.169934297551003
(4)lrx4+4+1.jpg,0,5,1,3,1,0,0,0,0,0,0,0.516040487219077,0.010066260625125494,0.5703739916510207,0.7069730606905317,3,0.7798268234245291,1.1399066118168601,11.134506225585938,-4.859771728515625,5.111907958984375,1.0,1.1968184374362956
(0)lrx5+4+2.jpg,1,6,1,1,1,1,2,0,0,0,0,0.5031376891842008,0.009122548691519978,1.0,2.474352928477069,5,0.7878711560185852,1.366001266235767,1.1475906372070312,2.6799087524414062,16.198883056640625,0.9941331588079435,1.211537934435955
(1)lrx5+4+2.jpg,1,6,1,1,1,1,2,0,0,0,0,0.9623477297895903,0.01744863128304665,0.4529862752539436,1.120847916734515,3,0.8599645187686993,1.4909958469505955,13.294754028320312,0.777008056640625,-15.188224792480469,0.992717107142148,1.2098122095720045
(2)lrx5+4+2.jpg,1,6,1,1,1,1,2,0,0,0,0,0.8556662975267626,0.01551435646877719,0.418700883523281,1.0360137573017665,5,0.7569841213926248,1.3124497075995292,-0.3487396240234375,0.1272430419921875,-1.04736328125,0.993796131378143,1.211127203225019
(3)lrx5+4+2.jpg,1,6,1,1,1,1,2,0,0,0,0,1.0,0.01813131651161234,0.4183910457753173,1.0352471093627398,2,1.0,1.733787632407683,-0.697265625,-4.6911163330078125,2.989288330078125,1.0,1.218687782116331
(4)lrx5+4+2.jpg,0,6,1,1,1,1,2,0,0,0,0,0.21963824289405684,0.003982330499966535,0.15646887701391488,0.3871592240548986,4,0.3438397997107151,0.5961451922679727,12.778999328613281,2.4087753295898438,0.9179229736328125,0.9989044084974191,1.2173525981379452
(5)lrx5+4+2.jpg,0,6,1,1,1,1,2,0,0,0,0,0.2713178294573643,0.004919349441135132,0.041519305232419625,0.10273341449017079,1,0.20884751400731097,0.36209723684496614,31.760772705078125,9.917221069335938,2.245513916015625,0.9425808435269201,1.1487117576631627
(0)lrx6+3+1.jpg,0,4,0,1,0,1,1,1,0,0,0,0.3854166666666667,0.003714610802489793,0.20255582399391472,0.5635447131162269,4,0.4353375566823441,0.5439395089333627,-23.991416931152344,9.009567260742188,-2.2093505859375,1.0,1.2569682028520826
(1)lrx6+3+1.jpg,1,4,0,1,0,1,1,1,0,0,0,1.0,0.009637909109162707,0.5097841890317137,1.4183062174884502,2,1.0,1.2494660765743741,4.408149719238281,9.758743286132812,-0.1822662353515625,0.9945689716562922,1.2501415729152534
(2)lrx6+3+1.jpg,1,4,0,1,0,1,1,1,0,0,0,0.6944444444444444,0.0066929924369185465,1.0,2.782169882872176,5,0.8737523219083583,1.0917238855525861,33.58039855957031,14.917037963867188,4.040245056152344,0.9866205883935039,1.2401507078898468
(3)lrx6+3+1.jpg,1,4,0,1,0,1,1,1,0,0,0,0.9375,0.009035539789840038,0.6227759866100706,1.732668593722544,6,0.8031142245810261,1.0034639792283255,31.711151123046875,3.0229339599609375,-1.1108856201171875,0.9793805197121558,1.231050171770927
(0)lrx7+3+4.jpg,0,8,0,0,1,2,2,3,0,0,0,0.4636363636363636,0.00409611137139415,0.6032796430245296,1.2955823839987213,6,0.5493367639702239,0.8041404292556333,-0.0646209716796875,9.199356079101562,-8.710220336914062,1.0,1.260947933673807
(1)lrx7+3+4.jpg,1,8,0,0,1,2,2,3,0,0,0,0.9886363636363636,0.008734355130178702,1.0,2.147565227799411,5,0.9359562443574082,1.37008899725279,-50.650508880615234,7.9954681396484375,1.0909423828125,0.983410979340408,1.2400300423514223
(2)lrx7+3+4.jpg,1,8,0,0,1,2,2,3,0,0,0,1.0,0.00883475001673248,0.6440251828444445,1.383086088503887,5,0.8643971055568128,1.2653379586068616,-42.76449966430664,19.915130615234375,-1.1107177734375,0.9883196352198622,1.246219601839736
(3)lrx7+3+4.jpg,0,8,0,0,1,2,2,3,0,0,0,0.45795454545454545,0.004045913928117261,0.4298508221070253,0.9231326786980378,6,0.6171742733041328,0.9034436025607416,-7.1465911865234375,6.053627014160156,-8.795448303222656,0.9775254732658444,1.2326087256280769
(4)lrx7+3+4.jpg,1,8,0,0,1,2,2,3,0,0,0,0.8386363636363636,0.007409142627668831,0.7006310316252524,1.5046508410356214,3,1.0,1.4638387269839104,-27.7978515625,7.37518310546875,1.01568603515625,0.9839682549106158,1.240732737830163
(5)lrx7+3+4.jpg,0,8,0,0,1,2,2,3,0,0,0,0.09659090909090909,0.0008533565357071146,0.5187001063462887,1.1139423120451462,4,0.21933066910505308,0.3210647274512702,24.438011169433594,10.513618469238281,8.933731079101562,0.9641501087011387,1.2157430873180772
(6)lrx7+3+4.jpg,0,8,0,0,1,2,2,3,0,0,0,0.26515151515151514,0.002342547352921491,0.15335016007109603,0.3293294714461594,4,0.28146223878238597,0.4120153253132493,8.008819580078125,-1.3252029418945312,-3.42779541015625,0.9806689102250086,1.2365724359663688
(0)lrx8+6+1.jpg,1,8,1,3,0,0,1,2,0,0,1,0.21875,0.003748075764674386,0.4255589103614301,1.370711470317734,2,0.4989128762567553,0.9240264419898931,-19.263763427734375,-1.841400146484375,-14.964454650878906,0.9889465410104762,1.193452047978509
(1)lrx8+6+1.jpg,1,8,1,3,0,0,1,2,0,0,1,0.319921875,0.005481560805836289,0.3242707416358684,1.044465558649029,2,0.6610972985680275,1.2244049285482304,20.184005737304688,4.0038299560546875,-22.297630310058594,0.9831553894878794,1.1864633369024429
(2)lrx8+6+1.jpg,1,8,1,3,0,0,1,2,0,0,1,0.615234375,0.01054146308814671,1.0,3.2209676191566037,5,0.7840686066470193,1.4521575997633085,-8.044975280761719,-10.881126403808594,-7.1015472412109375,0.9591174714307633,1.1574545873444615
(3)lrx8+6+1.jpg,0,8,1,3,0,0,1,2,0,0,1,0.18984375,0.0032527943243424134,0.13823456782056887,0.44524906679815973,1,0.3511923263637325,0.6504362008428705,-35.58203887939453,10.916412353515625,5.9799957275390625,0.9858417753535743,1.1897052439015798
(4)lrx8+6+1.jpg,1,8,1,3,0,0,1,2,0,0,1,1.0,0.01713406063851148,0.4764399237048808,1.5345975667268639,9,1.0,1.8520797637508997,-2.1698684692382812,1.3447494506835938,-0.1284027099609375,0.9954430797159948,1.201292014145892
(5)lrx8+6+1.jpg,1,8,1,3,0,0,1,2,0,0,1,0.47265625,0.008098520848671442,0.35600480933160583,1.146679963121123,2,0.6567663976396965,1.2163837545800584,8.492141723632812,1.6066360473632812,-5.315940856933594,1.0,1.2067912657433182
(6)lrx8+6+1.jpg,1,8,1,3,0,0,1,2,0,0,1,0.55703125,0.009544207215045846,0.3879176566432254,1.2494702109469387,6,0.725410584852629,1.3435182646162591,-1.1458740234375,-0.5344390869140625,1.2862548828125,0.9812959119311226,1.1842193356281032
(0)lrx9+4+3.jpg,0,9,0,3,1,1,1,3,0,0,0,0.225140712945591,0.0016063181848604512,1.0,1.1921093039854207,6,0.8230618534876948,0.8304675604092026,-6.4883270263671875,1.4268798828125,12.814842224121094,0.9766106745958061,1.1305848990217777
(1)lrx9+4+3.jpg,0,9,0,3,1,1,1,3,0,0,0,0.44652908067542213,0.003185864399973228,0.6609276371799048,0.7878979855432651,6,0.728357344455381,0.7349109236357395,-15.220436096191406,-6.974647521972656,11.52703857421875,0.999158298173815,1.1566874221553434
(2)lrx9+4+3.jpg,1,9,0,3,1,1,1,3,0,0,0,1.0,0.007134729937755171,0.3626063639140279,0.43226642010623595,2,0.6839330305628925,0.6900868907579976,4.515403747558594,1.6238250732421875,8.49603271484375,0.9877103582906721,1.143434579140754
(3)lrx9+4+3.jpg,1,9,0,3,1,1,1,3,0,0,0,0.8677298311444653,0.006191018004149655,0.7600958656185864,0.9061173533247691,2,1.0,1.0089977525870337,26.480148315429688,5.9667205810546875,3.7861480712890625,0.9892818706405724,1.145253859000826
(4)lrx9+4+3.jpg,1,9,0,3,1,1,1,3,0,0,0,0.9455909943714822,0.006746536376413895,0.47354320869399813,0.564515264923225,3,0.9937780073026091,1.0027197759387534,19.484039306640625,-6.095916748046875,-18.9090576171875,0.9905830369366109,1.1467601695539296
(5)lrx9+4+3.jpg,0,9,0,3,1,1,1,3,0,0,0,0.15947467166979362,0.001137808714276153,0.7187403663283786,0.8568170778499496,5,0.7273135527617575,0.7338577401627042,-28.08282470703125,16.472396850585938,13.432090759277344,0.9975529434985246,1.1548289643269887
(6)lrx9+4+3.jpg,1,9,0,3,1,1,1,3,0,0,0,0.9146341463414634,0.006525667625995582,0.6657093229983774,0.7935982776962013,2,0.9932316686605005,1.0021685214767144,10.863212585449219,5.9254150390625,-1.3003082275390625,0.9782871243393896,1.1325256608968708
(7)lrx9+4+3.jpg,0,9,0,3,1,1,1,3,0,0,0,0.13367729831144465,0.0009537514222608929,0.3690919247730596,0.4399979175478514,6,0.6160683905633065,0.6216116215182872,-0.005157470703125,2.9128875732421875,0.922027587890625,0.9915950660729848,1.1479317570541665
(8)lrx9+4+3.jpg,0,9,0,3,1,1,1,3,0,0,0,0.23639774859287055,0.0016866340941034737,0.30601979915399324,0.36480904977522516,4,0.5782240010703136,0.5834267175718291,42.579376220703125,7.6726837158203125,-6.8442840576171875,1.0,1.1576618282302695
(0)lx1+2+1.jpg,1,3,0,0,0,1,0,2,0,0,0,1.0,0.013147505144032921,0.17484053427382185,0.161411525744703,4,0.7457938789042652,0.6792977686020384,1.163970947265625,10.366287231445312,-0.6483078002929688,0.8380216544660055,1.4014295902661773
(1)lx1+2+1.jpg,1,3,0,0,0,1,0,2,0,0,0,0.5747542426761872,0.007556584362139918,0.263721550476788,0.24346584166547328,6,0.8283560363597486,0.7544985592184487,3.4199066162109375,6.99676513671875,-10.325103759765625,0.877333040041213,1.4671703007667478
(2)lx1+2+1.jpg,0,3,0,0,0,1,0,2,0,0,0,0.1546437130141341,0.002033179012345679,1.0,0.9231928191886708,6,1.0,0.9108384874384808,-53.349693298339844,5.156410217285156,19.308395385742188,1.0,1.672307132873768
(0)lx10+1+1.jpg,0,3,1,1,1,0,0,0,0,0,0,0.15711365857993423,0.0022736625514403292,1.0,1.0627968836402486,1,0.912361890886866,1.0885058386202011,-24.977249145507812,-1.8460464477539062,28.93700408935547,1.0,1.197448914748925
(1)lx10+1+1.jpg,1,3,1,1,1,0,0,0,0,0,0,1.0,0.01447145061728395,0.21327564406546842,0.2266686898691467,2,1.0,1.193063683931508,-48.1031494140625,-7.87005615234375,8.500923156738281,0.8550282622505181,1.023852664711542
(2)lx10+1+1.jpg,0,3,1,1,1,0,0,0,0,0,0,0.11730205278592376,0.0016975308641975309,0.9439116011396811,1.0031863081231303,3,0.8780050782262215,1.047515973139148,-21.3643798828125,-0.803924560546875,11.717025756835938,0.9690699227920556,1.1604117273631713
(0)lx2+3+1.jpg,1,5,1,1,1,0,1,1,0,0,0,0.40501165501165504,0.011172196502057613,0.11694597768025049,0.3615648575556161,1,0.9448877369253275,0.9652970783193041,-1.9733428955078125,-3.7428359985351562,-10.027389526367188,0.7772887521715992,1.0476195414298712
(1)lx2+3+1.jpg,0,5,1,1,1,0,1,1,0,0,0,0.028344988344988345,0.0007818930041152264,1.0,3.0917254678411754,3,0.9724711906202681,0.9934763277911239,-15.473426818847656,5.12750244140625,-2.9130477905273438,1.0,1.3477868276146008
(2)lx2+3+1.jpg,1,5,1,1,1,0,1,1,0,0,0,0.5205361305361306,0.014358924897119341,0.276985855019528,0.8563642221956382,5,0.8679599032298058,0.8867076224445171,19.5701904296875,5.8895263671875,4.012779235839844,0.78062486878111,1.0521159154515562
(3)lx2+3+1.jpg,1,5,1,1,1,0,1,1,0,0,0,1.0,0.027584876543209878,0.3481739180353344,1.0764581696278892,6,0.9540248089886645,0.9746315088791,10.312469482421875,-16.98571014404297,0.619140625,0.8671070346994209,1.168675439499836
(4)lx2+3+1.jpg,0,5,1,1,1,0,1,1,0,0,0,0.006526806526806527,0.0001800411522633745,0.36652902424923905,1.1332071189743482,2,1.0,1.021599752644043,-0.044830322265625,9.7813720703125,-0.3447418212890625,0.9859525666377973,1.32885388196723
(0)lx3+1+1.jpg,0,5,0,0,0,1,3,1,0,0,0,0.01721170395869191,0.0001646662763466042,0.9034439581940832,2.17633462034992,5,0.9018609673839433,0.8613738862763397,-0.05802154541015625,10.300872802734375,-0.6914291381835938,1.0,1.5939640702665008
(1)lx3+1+1.jpg,1,5,0,0,0,1,3,1,0,0,0,1.0,0.009567110655737706,0.245753038036023,0.5920022375301224,6,0.9128426947416785,0.87186261293628,-9.440757751464844,-2.85333251953125,-5.89739990234375,0.8844217514002485,1.4097364946941673
(2)lx3+1+1.jpg,0,5,0,0,0,1,3,1,0,0,0,0.3397877223178428,0.0032507867388758783,0.24339856268729695,0.5863304676680098,5,0.834221939205561,0.7967713647424808,-61.898956298828125,-2.2812042236328125,5.905303955078125,0.8934938431412096,1.4241970829714208
(3)lx3+1+1.jpg,0,5,0,0,0,1,3,1,0,0,0,0.1549053356282272,0.0014819964871194378,1.0,2.408931512144096,5,0.8684465187338521,0.8294595064190985,66.67169189453125,-5.4801025390625,-9.430610656738281,0.943528981623982,1.5039512959637689
(4)lx3+1+1.jpg,0,5,0,0,0,1,3,1,0,0,0,0.011187607573149742,0.00010703307962529275,0.7477217447433827,1.8012104732276986,4,1.0,0.9551071810713289,3.7622222900390625,13.963233947753906,0.4862060546875,0.992912668504756,1.5826671185090138
(0)lx4+2+3.jpg,1,5,0,2,0,1,0,2,0,0,0,1.0,0.1419753086419753,0.5665030823161138,0.15914458390088154,6,1.0,1.2869010110474666,7.150749206542969,-6.0897979736328125,5.5833587646484375,0.7788866686772006,0.9782892774671579
(1)lx4+2+3.jpg,0,5,0,2,0,1,0,2,0,0,0,0.033682065217391303,0.004782021604938271,1.0,0.28092448014621296,2,0.682280608760716,0.8780276052322463,-79.04554748535156,-13.402099609375,24.92278289794922,0.9524309043899298,1.1962625356978205
(2)lx4+2+3.jpg,0,5,0,2,0,1,0,2,0,0,0,0.0777626811594203,0.011040380658436214,0.5292589007953848,0.1486817815686996,2,0.6414537724752926,0.8254875083386655,49.33428955078125,-18.981857299804688,1.6144638061523438,0.8987625075529122,1.1288545041113074
(3)lx4+2+3.jpg,0,5,0,2,0,1,0,2,0,0,0,0.0613768115942029,0.008713991769547326,0.699593428425095,0.19653292019402663,6,0.8796480908843153,1.132020017524999,21.604736328125,7.114837646484375,25.03741455078125,1.0,1.256009785260039
(0)lx5+1+3.jpg,1,3,0,0,1,1,0,1,0,0,0,1.0,0.08539351851851852,0.6354311033290555,0.2555207308933124,4,1.0,1.3120494778778298,-13.789787292480469,-4.9203338623046875,12.286392211914062,0.8397418357074468,1.089450510960567
(1)lx5+1+3.jpg,0,3,0,0,1,1,0,1,0,0,0,0.08319779524713111,0.007104552469135802,1.0,0.402121850118174,6,0.5007095605213959,0.656955717450535,-48.34427261352539,-7.936500549316406,32.8232421875,0.9268847699665606,1.2025065839323434
(2)lx5+1+3.jpg,0,3,0,0,1,1,0,1,0,0,0,0.0748772627330502,0.0063940329218107,0.4738277812208402,0.19053650402191363,3,0.5673517851671973,0.7443936135016759,-60.982730865478516,3.829864501953125,5.5727996826171875,1.0,1.2973636237174624
(0)lx6+1+2.jpg,0,3,0,0,0,1,1,0,1,0,0,0.01581315210108165,0.0015933641975308642,0.5859456780723046,1.744965271802358,5,0.6311704925376409,0.8141332042632778,-12.934310913085938,4.979766845703125,-0.28713226318359375,0.929753735016947,1.3944552320936803
(1)lx6+1+2.jpg,1,3,0,0,0,1,1,0,1,0,0,1.0,0.10076195987654321,0.258781127986885,0.7706586092085375,4,1.0,1.289878430453917,-22.439468383789062,-0.8707809448242188,-18.22826385498047,0.6619385701762722,0.9927830002103599
(2)lx6+1+2.jpg,0,3,0,0,0,1,1,0,1,0,0,0.01072716250279187,0.0010808899176954732,1.0,2.978032498751587,7,0.9481835016429508,1.2230414468815085,11.121047973632812,6.493217468261719,-20.75689697265625,1.0,1.4998113796964343
(0)lx7+1+2.jpg,0,3,1,2,0,0,0,0,0,0,0,0.06515663637826843,0.0028632973251028807,0.8392858302371234,1.0201489513454443,2,0.8757202186807579,0.9152671876040069,28.832107543945312,9.400749206542969,-5.7258758544921875,1.0,1.532110242833737
(1)lx7+1+2.jpg,1,3,1,2,0,0,0,0,0,0,0,1.0,0.04394483024691358,0.4898301785713946,0.5953868455824873,1,0.9942332108842858,1.039132151270218,-31.27527618408203,0.779022216796875,6.503837585449219,0.791569968904562,1.212772457278262
(2)lx7+1+2.jpg,0,3,1,2,0,0,0,0,0,0,0,0.02107019007067293,0.000925925925925926,1.0,1.2154964549529228,2,1.0,1.0451593649200257,26.262954711914062,11.401123046875,2.447540283203125,0.9846060196100953,1.5085249678003823
(0)lx8+3+1.jpg,1,4,1,0,0,0,1,0,0,1,1,0.975979896417517,0.10238940329218107,0.4944389886792608,0.5961462545878015,8,1.0,1.024563134546436,-8.886703491210938,19.035850524902344,7.1772613525390625,0.7039671502271494,1.1210711328769603
(1)lx8+3+1.jpg,1,4,1,0,0,0,1,0,0,1,1,0.37377953479819803,0.03921296296296296,0.3848030447643243,0.46395793847690187,5,0.7714004877221687,0.7903485016912748,-14.00701904296875,11.170318603515625,-17.54125213623047,0.9161911027369197,1.459038816151649
(2)lx8+3+1.jpg,1,4,1,0,0,0,1,0,0,1,1,1.0,0.10490933641975309,0.17084195375434671,0.20598454650424727,1,0.9584627610609452,0.9820056108186337,-14.93365478515625,18.205581665039062,34.86578369140625,0.7473882681523585,1.1902194757328608
(3)lx8+3+1.jpg,0,4,1,0,0,0,1,0,0,1,1,0.046293401979712545,0.004856610082304527,1.0,1.2057023581012896,9,0.6062832504648953,0.6211754675193152,-4.008750915527344,-24.461746215820312,-18.432662963867188,1.0,1.5925048953139698
(0)lxh1+2+1.jpg,0,3,0,0,0,1,2,0,0,0,0,0.18115942028985507,0.0014865909496342986,1.0,2.309991422651737,4,0.9396782564581002,1.056752910957462,-10.858306884765625,8.052406311035156,-0.5367507934570312,0.969541146861287,1.013231291630742
(1)lxh1+2+1.jpg,1,3,0,0,0,1,2,0,0,0,0,0.6217391304347826,0.0051019801391449125,0.40655150687516434,0.9391304937477684,5,1.0,1.1245901495482589,15.908538818359375,-5.206581115722656,1.4834136962890625,1.0,1.0450627030228619
(2)lxh1+2+1.jpg,1,3,0,0,0,1,2,0,0,0,0,1.0,0.008205982041981329,0.3352171550436726,0.7743487528766011,5,0.9857807479663759,1.1085993187773011,9.638748168945312,-10.528701782226562,-1.9587554931640625,0.9934770815398598,1.03824584422531
(0)lxh2+2+1.jpg,0,3,1,0,0,0,2,0,0,0,0,0.2072463768115942,0.0017006600463816376,1.0,2.2256561724951016,1,0.8472848910494315,0.8832886576017348,-9.523910522460938,4.061531066894531,-7.519340515136719,0.9893917468166724,1.0387118336854362
(1)lxh2+2+1.jpg,1,3,1,0,0,0,2,0,0,0,0,0.65,0.005333888327287864,0.2726729939244378,0.6068763320006444,5,1.0,1.0424931058403621,6.487701416015625,-4.373443603515625,2.17755126953125,1.0,1.049848896584643
(2)lxh2+2+1.jpg,1,3,1,0,0,0,2,0,0,0,0,1.0,0.008205982041981329,0.36641782825054064,0.8155201011580658,5,0.9741885829324525,1.0155848814954735,7.3389892578125,-7.895965576171875,-5.0067291259765625,0.9826194741115964,1.031601970658642
(0)lxy1+7+1.jpg,1,8,1,0,0,1,4,2,0,0,0,0.8277624015328934,0.0031640625,0.6351977606082314,3.0072477579778862,5,0.977617643820218,1.5198128986949242,2.5222625732421875,-5.509696960449219,28.381805419921875,0.9976373709344386,1.7602791197056786
(1)lxy1+7+1.jpg,1,8,1,0,0,1,4,2,0,0,0,0.8047690014903129,0.003076171875,0.5342555772831868,2.529352253121317,5,0.9095817188551434,1.4140436575297395,6.510841369628906,-2.62823486328125,8.199020385742188,0.9959715215545891,1.7573398153398279
(2)lxy1+7+1.jpg,1,8,1,0,0,1,4,2,0,0,0,0.922077922077922,0.003524576822916667,0.6540428005255454,3.0964667501640055,6,0.992821081115539,1.5434482946516053,1.7843170166015625,1.2271728515625,-5.4565582275390625,0.9526597989417274,1.6809185392578243
(3)lxy1+7+1.jpg,1,8,1,0,0,1,4,2,0,0,0,1.0,0.0038224283854166666,0.3605490036884086,1.706964744247363,1,1.0,1.5546087044378416,3.0188446044921875,3.8296356201171875,-3.4258956909179688,0.9881450276311771,1.7435303749206286
(4)lxy1+7+1.jpg,1,8,1,0,0,1,4,2,0,0,0,0.7558015754737066,0.0028889973958333335,0.6788610478124782,3.213964989514068,5,0.8541430889683194,1.327858280945575,18.215904235839844,-0.1422882080078125,3.991424560546875,0.9923223558375704,1.7509010527160929
(5)lxy1+7+1.jpg,1,8,1,0,0,1,4,2,0,0,0,0.7093889716840537,0.002711588541666667,0.5474117189328872,2.5916380166004207,6,0.7938807917431268,1.23417398912987,7.5310516357421875,-5.047050476074219,-0.921112060546875,0.9767610484767608,1.7234439373146335
(6)lxy1+7+1.jpg,1,8,1,0,0,1,4,2,0,0,0,0.7085373642750692,0.0027083333333333334,1.0,4.734348803588833,5,0.905735854778452,1.4080648437600303,14.741249084472656,-8.688812255859375,-39.90219497680664,1.0,1.7644478554937357
(7)lxy1+7+1.jpg,0,8,1,0,0,1,4,2,0,0,0,0.6885245901639344,0.0026318359375,0.5468809672267677,2.5891252528955517,4,0.78747068329406,1.2242087787385603,-2.4876480102539062,-0.8058242797851562,4.6384124755859375,0.9468938569156883,1.6707448352150784
(0)lxy2+1+2.jpg,1,4,0,0,0,0,2,2,0,0,0,1.0,0.01761059670781893,0.1454643720065036,0.5014032704846509,5,0.7468858930604837,1.133316158073304,5.305824279785156,-11.023933410644531,-0.5767364501953125,0.9062034684495431,1.137306880167041
(1)lxy2+1+2.jpg,0,4,0,0,0,0,2,2,0,0,0,0.09064797234798695,0.0015963648834019205,0.3670006113158226,1.265019772507542,6,0.8411588082509559,1.2763648071999307,9.629585266113281,-3.4401779174804688,-3.2555694580078125,1.0,1.2550237554408186
(2)lxy2+1+2.jpg,0,4,0,0,0,0,2,2,0,0,0,0.04254904824497347,0.0007493141289437586,1.0,3.446914619493449,6,0.6892976215427049,1.0459323699565213,-20.279090881347656,9.066581726074219,1.3700180053710938,0.9553342393734872,1.1989671647997118
(3)lxy2+1+2.jpg,0,4,0,0,0,0,2,2,0,0,0,0.007302468234263181,0.0001286008230452675,0.5771533399842128,1.9893982852810561,5,1.0,1.5173886246925363,-0.0596923828125,9.468864440917969,-1.1642303466796875,0.9663324992442315,1.2127702422060074
(0)lzx1+2+2.jpg,0,6,1,3,1,0,1,0,0,0,0,0.049528301886792456,0.0004924953095684804,0.40133722062638166,0.4807612538515908,2,0.5754645293952788,0.6748789967025337,-3.149932861328125,11.450111389160156,0.27099609375,1.0,1.0903570135320644
(1)lzx1+2+2.jpg,0,6,1,3,1,0,1,0,0,0,0,0.052830188679245285,0.000525328330206379,0.8929848104714013,1.0697051633601597,2,0.44342639684851476,0.5200305953366382,4.115020751953125,9.196266174316406,0.4408416748046875,0.9716863588671277,1.059485036344207
(2)lzx1+2+2.jpg,0,6,1,3,1,0,1,0,0,0,0,0.11650943396226415,0.0011585365853658536,1.0,1.1978984981787864,3,0.6444623579338331,0.7557965562047424,18.526168823242188,6.4173583984375,2.0181198120117188,0.9741714580628092,1.0621946816815413
(3)lzx1+2+2.jpg,1,6,1,3,1,0,1,0,0,0,0,0.7403301886792453,0.007361632270168856,0.6643989907562624,0.795882553218428,5,1.0,1.1727551607945734,-52.583621978759766,-45.699920654296875,40.72601318359375,0.9732529856141356,1.061193218805394
(4)lzx1+2+2.jpg,1,6,1,3,1,0,1,0,0,0,0,1.0,0.009943714821763603,0.9773394664595446,1.1707534790827447,2,0.8172099379324379,0.9583871721628796,-9.893447875976562,-8.180130004882812,9.609169006347656,0.9413220357456759,1.0263770836675783
(5)lzx1+2+2.jpg,0,6,1,3,1,0,1,0,0,0,0,0.21014150943396226,0.0020895872420262666,0.6509108446918567,0.7797251233046603,1,0.9898233606962236,1.1608204545315248,-0.1266937255859375,-10.220321655273438,20.09246826171875,0.9512124534605224,1.037161169989723
(0)lzx2+2+1.jpg,0,7,0,3,2,0,2,0,0,0,0,0.02602076124567474,0.0005180776014109348,0.3713948418340612,1.6372326063341671,3,0.9210344414215393,1.1400805360117368,45.94902038574219,-15.322372436523438,-1.7694625854492188,0.9716217625221097,1.1558527164455246
(1)lzx2+2+1.jpg,1,7,0,3,2,0,2,0,0,0,0,1.0,0.019910163139329806,0.027461436836440117,0.12105919291548581,3,0.6301963754626033,0.7800735664359665,47.80767822265625,-1.9918365478515625,-3.6696014404296875,0.8254727715817483,0.9819921518718228
(2)lzx2+2+1.jpg,1,7,0,3,2,0,2,0,0,0,0,0.5007612456747405,0.009970238095238095,0.015045501027805204,0.06632559768388731,5,0.7075088644493688,0.8757729886512667,39.484130859375,-0.5011825561523438,9.604766845703125,0.8194008588891162,0.9747689328677721
(3)lzx2+2+1.jpg,0,7,0,3,2,0,2,0,0,0,0,0.007231833910034602,0.00014398699294532628,1.0,4.408334262934327,2,1.0,1.2378261710301715,-0.190673828125,5.08428955078125,-0.8845062255859375,0.9732160013656135,1.1577492417900612
(4)lzx2+2+1.jpg,0,7,0,3,2,0,2,0,0,0,0,0.004048442906574395,8.060515873015873e-05,0.4367422297142448,1.9253057353196399,2,0.9240210463252633,1.1437774337240931,-9.600311279296875,11.42242431640625,-1.5186767578125,1.0,1.1896118026887263
(5)lzx2+2+1.jpg,0,7,0,3,2,0,2,0,0,0,0,0.152439446366782,0.003035094246031746,0.07729683440377529,0.3407502835185235,2,0.8502110977532621,1.052413547699279,71.80270385742188,-15.902908325195312,-16.311553955078125,0.9423570839337347,1.1210391093949015
(6)lzx2+2+1.jpg,0,7,0,3,2,0,2,0,0,0,0,0.025432525951557095,0.0005063657407407407,0.6308231959918663,2.7808795087446807,5,0.8108541406784828,1.0036964762200062,-2.0776214599609375,-20.839942932128906,-14.587326049804688,0.9839529829625943,1.1705220818230813
(0)mt1+3+1.jpg,0,7,0,1,0,2,2,2,0,0,0,0.04731040564373898,0.0029805555555555557,0.40578935800330507,0.9593509312130313,6,0.7659868229957454,0.819360662581571,-2.465423583984375,9.904609680175781,-0.4219207763671875,0.9791072550617189,1.1207333936846862
(1)mt1+3+1.jpg,1,7,0,1,0,2,2,2,0,0,0,1.0,0.063,0.9074521531961073,2.1453619988547485,5,1.0,1.069679840414333,13.553421020507812,-7.14862060546875,15.698776245117188,0.9326127500349518,1.0675135404592562
(2)mt1+3+1.jpg,1,7,0,1,0,2,2,2,0,0,0,0.30264550264550266,0.019066666666666666,0.5084939496250842,1.2021610090746724,5,0.9725324927612589,1.040298401654617,-4.019050598144531,-6.379570007324219,-13.904869079589844,0.9673931390225117,1.107324851408274
(3)mt1+3+1.jpg,0,7,0,1,0,2,2,2,0,0,0,0.02292768959435626,0.0014444444444444444,0.7927592909660975,1.8742097322569846,2,0.8372330883189438,0.8955713563026071,-1.9439239501953125,8.721633911132812,0.0893402099609375,1.0,1.144648237351729
(4)mt1+3+1.jpg,1,7,0,1,0,2,2,2,0,0,0,0.3529100529100529,0.022233333333333334,0.39413696457262637,0.9318028098340295,4,0.6297597083055413,0.6736412642796484,-10.40057373046875,-1.26617431640625,-26.72905731201172,0.97001622334257,1.110327360251654
(5)mt1+3+1.jpg,0,7,0,1,0,2,2,2,0,0,0,0.06172839506172839,0.0038888888888888888,0.31880781584278617,0.7537126565164344,6,0.8285737055723164,0.8863085891481081,-20.34588623046875,7.601280212402344,1.2882156372070312,0.9788949077651483,1.1204903307259604
(6)mt1+3+1.jpg,0,7,0,1,0,2,2,2,0,0,0,0.06790123456790123,0.004277777777777778,1.0,2.3641599078239444,4,0.8118977522638514,0.8684706580743524,5.436103820800781,-1.285491943359375,-0.191925048828125,0.9981986303648545,1.1425863027740406
(0)mt2+1+1.jpg,1,2,0,0,0,0,2,0,0,0,0,1.0,0.014184027777777778,0.4208426377846591,0.3838894546495174,5,1.0,1.1460258289359424,-0.318511962890625,2.1451034545898438,-6.253997802734375,0.9945980437664655,1.231937605142146
(1)mt2+1+1.jpg,0,2,0,0,0,0,2,0,0,0,0,0.4405458089668616,0.006248713991769547,1.0,0.9121923973063532,5,0.6328719457544354,0.7252875962435297,-7.1505889892578125,6.506011962890625,18.91668701171875,1.0,1.2386286227518546
(0)mx1+1+4.jpg,1,5,2,2,0,0,1,0,0,0,0,1.0,0.005972612359550562,0.5748508951892616,1.2404704767399526,2,1.0,2.0819364788824193,39.401641845703125,-13.73846435546875,-24.87775421142578,1.0,1.2103467996348507
(1)mx1+1+4.jpg,0,5,2,2,0,0,1,0,0,0,0,0.21262002743484226,0.0012698970037453184,0.07281329170372985,0.15712376796942018,5,0.3368644992015813,0.7013304893282297,6.998359680175781,5.9912109375,-0.9027252197265625,0.9933842114698296,1.202339401160298
(2)mx1+1+4.jpg,0,5,2,2,0,0,1,0,0,0,0,0.2586713697824809,0.001544943820224719,0.273100345374808,0.58932310701786,1,0.32124193252337796,0.6688052978671052,53.10496520996094,13.254707336425781,1.735748291015625,0.9719465153383119,1.176392354255971
(3)mx1+1+4.jpg,0,5,2,2,0,0,1,0,0,0,0,0.18342151675485008,0.0010955056179775282,1.0,2.1578995303322004,2,0.5460550289559196,1.1368518842605249,33.68963623046875,-0.13698577880859375,8.011985778808594,0.9836425498515425,1.1905486121974787
(4)mx1+1+4.jpg,0,5,2,2,0,0,1,0,0,0,0,0.1746031746031746,0.0010428370786516854,0.374981570400382,0.8091725546502153,1,0.2259505376991308,0.47041466685891764,-11.689506530761719,8.278060913085938,2.9898223876953125,0.9818917613027681,1.1884295508806322
(0)mx1+2+1.jpg,0,4,0,0,0,1,2,1,0,0,0,0.047058823529411764,0.0005214368482039397,1.0,8.72655257902543,6,0.8093769898135961,0.7654085587682276,6.4664459228515625,8.932044982910156,1.2419357299804688,1.0,1.6458666891356262
(1)mx1+2+1.jpg,1,4,0,0,0,1,2,1,0,0,0,0.8338235294117647,0.009239209154113557,0.1334427898079273,1.164495521550716,5,0.8311534910652081,0.7860020777930884,-3.572509765625,-9.29949951171875,-2.5813980102539062,0.930708965089163,1.531822882920146
(2)mx1+2+1.jpg,0,4,0,0,0,1,2,1,0,0,0,0.16470588235294117,0.0018250289687137891,0.19447977419508602,1.6971379750704112,4,0.8549774742852602,0.8085318517921962,-10.778045654296875,3.2695999145507812,2.177734375,0.9960264206969871,1.6393267073241584
(3)mx1+2+1.jpg,1,4,0,0,0,1,2,1,0,0,0,1.0,0.011080533024333719,0.09431227951927859,0.8230210660727277,5,1.0,0.9456762033036118,-11.347244262695312,7.5308380126953125,2.4376602172851562,0.8857530476733497,1.4578314359659266
(0)mx10+1+2.jpg,1,8,3,4,1,0,0,0,0,0,0,1.0,0.0302783203125,0.49691157987727164,0.8407111588783449,2,1.0,1.6099576887835876,26.761642456054688,1.103118896484375,-4.4463653564453125,0.8872319372129697,0.9290174845126505
(1)mx10+1+2.jpg,0,8,3,4,1,0,0,0,0,0,0,0.03332795785625974,0.0010091145833333334,0.7522125598814825,1.272647928826689,1,0.48046665655110143,0.773530987918589,23.475479125976562,5.7335357666015625,2.972900390625,0.9730318791241787,1.0188583061314844
(2)mx10+1+2.jpg,0,8,3,4,1,0,0,0,0,0,0,0.23867118206740848,0.0072265625,0.9634917708523126,1.630105467542247,1,0.6567343214068404,1.0573144702370145,53.64457702636719,4.060844421386719,-13.614860534667969,0.9100424796982971,0.952902324441492
(3)mx10+1+2.jpg,0,8,3,4,1,0,0,0,0,0,0,0.06665591571251948,0.002018229166666667,0.7604490886195766,1.2865830873155457,2,0.9255533432231732,1.4901017213015024,50.497406005859375,7.12713623046875,-17.431251525878906,1.0,1.047096531974424
(4)mx10+1+2.jpg,0,8,3,4,1,0,0,0,0,0,0,0.12858141160027953,0.003893229166666667,0.3479348246510213,0.5886614470098269,3,0.8155830201432628,1.3130541541209855,62.349151611328125,-26.372886657714844,-21.98371124267578,0.9573132670903711,1.002399401983433
(5)mx10+1+2.jpg,0,8,3,4,1,0,0,0,0,0,0,0.04327259044240176,0.0013102213541666666,0.3714153148828327,0.6283874484821478,2,0.786826354621761,1.2667571393608656,20.125648498535156,-0.5659561157226562,-3.0658111572265625,0.9898942979513495,1.0365148864061153
(6)mx10+1+2.jpg,0,8,3,4,1,0,0,0,0,0,0,0.04128366392517336,0.00125,1.0,1.6918727454207965,1,0.5628814070862057,0.9062152492117613,41.449981689453125,5.118965148925781,2.107177734375,0.9915989962905984,1.0382998701252053
(7)mx10+1+2.jpg,0,8,3,4,1,0,0,0,0,0,0,0.15411492769983337,0.004666341145833333,0.3157910306044338,0.5342782379279862,2,0.8476932968968344,1.3647503410693669,-9.126083374023438,-9.928634643554688,11.135757446289062,0.9550718843263315,1.00005245786438
(0)mx11+1+1.jpg,0,2,2,0,0,0,0,0,0,0,0,0.2867647058823529,0.001650390625,0.6510457253782848,1.7741715420529287,1,0.7071428372028515,0.8215185408191332,47.40264892578125,-2.5249557495117188,-3.807159423828125,1.0,1.0456549762593845
(1)mx11+1+1.jpg,1,2,2,0,0,0,0,0,0,0,0,1.0,0.0057552083333333335,1.0,2.7251104997610742,1,1.0,1.161743423816187,-2.4662017822265625,-0.1305084228515625,-1.0631790161132812,0.9892495605437317,1.0344137257449624
(0)mx12+1+1.jpg,0,9,3,5,1,0,0,0,0,0,0,0.0021352670758564094,6.563483557315428e-05,0.6789232959719365,2.8811238092605707,2,0.920086359985019,0.9670441962787794,20.0196533203125,12.513336181640625,-3.9169845581054688,0.9990024423445851,1.2029269136700456
(1)mx12+1+1.jpg,0,9,3,5,1,0,0,0,0,0,0,0.001750081642564665,5.379482601878134e-05,1.0,4.243666149555226,2,0.8790055989356977,0.923866823719851,23.075225830078125,12.1351318359375,-0.615478515625,0.9501454802422543,1.1440968726792355
(2)mx12+1+1.jpg,1,9,3,5,1,0,0,0,0,0,0,1.0,0.030738466543736482,0.18383485629417398,0.7801337567639356,2,0.8839233115548096,0.9290355183708146,3.2893829345703125,-20.739036560058594,4.583335876464844,0.7087060799500937,0.8533729061289954
(3)mx12+1+1.jpg,0,9,3,5,1,0,0,0,0,0,0,0.298426601240967,0.009173176098006452,0.057122683289521456,0.24240959744750615,3,0.8431029128565579,0.8861317961032951,37.52940368652344,-0.6820831298828125,-0.051910400390625,0.7556809724848033,0.9099366942656306
(4)mx12+1+1.jpg,0,9,3,5,1,0,0,0,0,0,0,0.02250822705843933,0.0006918683843946615,0.07774416968432665,0.3299203012146546,1,0.5420236431322064,0.5696865437124999,-55.64458465576172,-2.8726654052734375,21.982559204101562,0.8829165969047067,1.0631446850620359
(5)mx12+1+1.jpg,0,9,3,5,1,0,0,0,0,0,0,0.002947505924319436,9.060181224215805e-05,0.5161258903211158,2.190265969664772,2,0.7845548037963609,0.8245956060975195,1.71063232421875,15.8646240234375,-2.7565383911132812,1.0,1.2041281008751736
(6)mx12+1+1.jpg,0,9,3,5,1,0,0,0,0,0,0,0.014360717784681343,0.0004414264431684689,0.19443240452233007,0.8251062134480405,1,0.8415646945882307,0.8845150728111248,-33.439292907714844,9.352935791015625,6.613929748535156,0.991390728817208,1.193761435515919
(7)mx12+1+1.jpg,0,9,3,5,1,0,0,0,0,0,0,0.0025790676837795065,7.92765857118883e-05,0.3439503508876137,1.4596104611894085,1,1.0,1.0510363356484547,3.887054443359375,6.6025238037109375,-0.5578994750976562,0.9758188695903279,1.1750109222379603
(8)mx12+1+1.jpg,0,9,3,5,1,0,0,0,0,0,0,0.002110146286728687,6.486266103699952e-05,0.2862809098669222,1.2148806064661284,2,0.5395663113802486,0.5671037987524497,4.674247741699219,3.7094268798828125,-1.937530517578125,0.9887141380728832,1.1905384773861352
(0)mx13+1+1.jpg,0,7,0,0,0,0,4,3,0,0,0,0.05577464788732395,0.00010192703877242782,0.6291114867248548,5.131001965131068,6,1.0,0.8434817514050211,27.87311553955078,5.6418914794921875,-2.5371246337890625,0.9841477294826045,1.4411939987263722
(1)mx13+1+1.jpg,1,7,0,0,0,0,4,3,0,0,0,1.0,0.0018274797355662563,0.07867699085697615,0.6416856204603054,6,0.7658433967669126,0.6459749296069259,-60.98779296875,-19.416122436523438,10.074691772460938,0.8768579590165461,1.28407797977086
(2)mx13+1+1.jpg,0,7,0,0,0,0,4,3,0,0,0,0.8214084507042253,0.0015011072982848458,0.20789736443686976,1.6956005540838024,5,0.7351469900626088,0.6200830707181388,6.074462890625,-3.5289154052734375,-0.369110107421875,0.8927281206542003,1.3073183745061392
(3)mx13+1+1.jpg,0,7,0,0,0,0,4,3,0,0,0,0.08746478873239437,0.00015984012898403451,0.12767389236897528,1.041301909859506,6,0.6182456456960455,0.5214789200302286,40.80372619628906,12.646408081054688,2.4698867797851562,0.9866343697488507,1.4448354551066958
(4)mx13+1+1.jpg,0,7,0,0,0,0,4,3,0,0,0,0.030985915492957747,5.6626132651348784e-05,0.5547333194342696,4.524377335659392,5,0.4555361158425113,0.384236400819082,-4.616241455078125,4.8379974365234375,-1.6063385009765625,0.9113570638731558,1.3345987515933149
(5)mx13+1+1.jpg,0,7,0,0,0,0,4,3,0,0,0,0.020140845070422537,3.680698622337671e-05,1.0,8.155950214552574,5,0.7806876899000089,0.6584958199771995,-4.1923370361328125,7.3974761962890625,2.3498382568359375,0.9571227939727917,1.4016184617354108
(6)mx13+1+1.jpg,0,7,0,0,0,0,4,3,0,0,0,0.03352112676056338,6.125917986827731e-05,0.5716055596375631,4.661986486765426,5,0.9218964078406447,0.7776027966994247,13.313850402832031,-0.10123443603515625,2.87689208984375,1.0,1.464408193558553
(0)mx14+1+1.jpg,1,7,0,4,3,0,0,0,0,0,0,1.0,0.0312370339025804,0.7722719426335648,1.0879709269683213,2,0.9012927214537663,0.9269893955919123,-4.540863037109375,0.9150238037109375,1.7486343383789062,0.6981163269231572,1.188249483907525
(1)mx14+1+1.jpg,0,7,0,4,3,0,0,0,0,0,0,0.14950560316413974,0.004670111594663965,0.2656110356890287,0.37419083713717816,3,1.0,1.028510908305903,-29.912918090820312,-17.131729125976562,10.875869750976562,0.8471840983597597,1.4419746807632703
(2)mx14+1+1.jpg,0,7,0,4,3,0,0,0,0,0,0,0.01746868820039552,0.000545670005549361,0.06496036897200967,0.09151568112868255,2,0.2624717329207979,0.2699550404309942,-25.488754272460938,4.436309814453125,0.470977783203125,0.792311095066859,1.348576467129424
(3)mx14+1+1.jpg,0,7,0,4,3,0,0,0,0,0,0,0.004614370468029005,0.0001441392467488878,0.42802289818862654,0.6029954522469375,2,0.3717111712854773,0.38230899440627736,-0.7546920776367188,4.481941223144531,-1.1130523681640625,0.9329636577793385,1.5879783097850404
(4)mx14+1+1.jpg,0,7,0,4,3,0,0,0,0,0,0,0.004540210942649967,0.00014182272314042354,0.28332132060252174,0.39914095383894305,3,0.3224934609285305,0.33168804242231714,-3.1900482177734375,3.281951904296875,-1.5501480102539062,0.8674219910849905,1.4764211829559892
(5)mx14+1+1.jpg,0,7,0,4,3,0,0,0,0,0,0,0.006707317073170732,0.0002095166908099905,0.610187616176208,0.8596277421809913,2,0.6836396858188232,0.7031308742154799,29.982650756835938,13.263587951660156,7.110809326171875,0.9234701616157035,1.5718196246463685
(0)mx15+1+3.jpg,0,19,0,0,0,9,9,1,0,0,0,0.15646599218671742,0.0024694350758853287,0.15149612034426302,1.5905325853897612,6,0.997215597966557,1.1849707623317356,-13.531021118164062,1.5923995971679688,5.9656219482421875,0.9619828976174813,1.5058124881054655
(1)mx15+1+3.jpg,0,19,0,0,0,9,9,1,0,0,0,0.013823499949914855,0.00021817032040472175,0.5334468080950284,5.600569367184007,5,0.5752237294442045,0.683526513805756,11.83294677734375,3.3961944580078125,0.256683349609375,0.9558379176641353,1.4961936190218017
(2)mx15+1+3.jpg,0,19,0,0,0,9,9,1,0,0,0,0.02704597816287689,0.00042685497470489037,0.3270137793289094,3.4332633120382323,4,0.4053426038562254,0.4816602701326281,0.48589324951171875,2.5736160278320312,-2.0074462890625,0.9676638593710118,1.5147050195362244
(3)mx15+1+3.jpg,0,19,0,0,0,9,9,1,0,0,0,0.005609536211559652,8.853288364249579e-05,0.9445399597591293,9.916568033463308,5,0.6679113499664153,0.793665304828359,24.115386962890625,6.7997283935546875,2.311614990234375,0.9381077602489851,1.4684402228669098
(4)mx15+1+3.jpg,0,19,0,0,0,9,9,1,0,0,0,0.01101873184413503,0.00017390387858347387,0.8743243243181009,9.17938574840532,5,0.8211076534234304,0.9757053179048002,-21.2900390625,4.884613037109375,1.6105728149414062,0.9344288985072743,1.4626816215795049
(5)mx15+1+3.jpg,0,19,0,0,0,9,9,1,0,0,0,0.01963337674045878,0.0003098650927487352,0.1554450821655384,1.6319920791439617,4,0.3558527485156409,0.4228524940306478,-72.21817016601562,3.90325927734375,1.4849700927734375,0.9068747380116984,1.4195505024335602
(6)mx15+1+3.jpg,0,19,0,0,0,9,9,1,0,0,0,0.041871181007713115,0.0006608347386172007,0.3423854758561451,3.594648198751715,4,0.7178473105015503,0.8530031785476896,-19.313796997070312,-10.414215087890625,-1.5244903564453125,0.9455718721055364,1.4801239574468568
(7)mx15+1+3.jpg,0,19,0,0,0,9,9,1,0,0,0,0.011352632809108818,0.00017917369308600338,0.9819134395316814,10.308945985272027,5,0.7181161309510544,0.8533226123528054,-24.236358642578125,7.124053955078125,1.7799224853515625,0.9320253228413052,1.4589192529730708
(8)mx15+1+3.jpg,0,19,0,0,0,9,9,1,0,0,0,0.12220775318040669,0.001928752107925801,0.1326915784380878,1.3931068256598576,4,0.5171295439857794,0.6144943893884443,-0.994720458984375,-16.48601531982422,-5.824699401855469,0.9208477568067656,1.441422768822345
(9)mx15+1+3.jpg,1,19,0,0,0,9,9,1,0,0,0,1.0,0.01578256745362563,0.06739897049908418,0.7076105880263629,5,0.9070593524078036,1.0778399520570392,32.481689453125,3.3120880126953125,-10.328689575195312,0.8932855672018533,1.3982790815391322
(10)mx15+1+3.jpg,0,19,0,0,0,9,9,1,0,0,0,0.08133827506761494,0.001283726812816189,0.2068860259943956,2.172061997746997,4,0.5822674020643199,0.6918963649505766,51.897247314453125,-1.040985107421875,-0.778900146484375,0.918520727581952,1.437780220004077
(11)mx15+1+3.jpg,0,19,0,0,0,9,9,1,0,0,0,0.04928378243013122,0.0007778246205733558,0.1352453548882816,1.4199185001146488,4,0.5272191308960731,0.6264836377687169,-13.312606811523438,6.6224517822265625,21.2735595703125,0.9728129275854938,1.5227649665879617
(12)mx15+1+3.jpg,0,19,0,0,0,9,9,1,0,0,0,0.004674613509633043,7.377740303541316e-05,1.0,10.498833777230736,5,0.6214575509621949,0.7384652119582891,17.4598388671875,12.385360717773438,3.1178741455078125,0.9524707233701705,1.4909228774833738
(13)mx15+1+3.jpg,0,19,0,0,0,9,9,1,0,0,0,0.0124878960900197,0.0001970910623946037,0.32435276124191487,3.405325725464672,4,0.40521394104197117,0.48150738275962524,36.24284362792969,7.1649322509765625,3.5529098510742188,0.9779441934037548,1.5307970471665904
(14)mx15+1+3.jpg,0,19,0,0,0,9,9,1,0,0,0,0.017629970950616046,0.0002782462057335582,0.6486847723822529,6.810433599062029,5,1.0,1.1882794099370628,25.679946899414062,-13.192672729492188,-6.1697540283203125,0.9386994046893281,1.4693663366148706
(15)mx15+1+3.jpg,0,19,0,0,0,9,9,1,0,0,0,0.014190791011386024,0.00022396711635750422,0.311698873752298,3.272474664075405,4,0.45111698588566507,0.5360530258008043,-1.6717529296875,6.25616455078125,-2.1730728149414062,0.9644342327442679,1.509649615621546
(16)mx15+1+3.jpg,0,19,0,0,0,9,9,1,0,0,0,0.00564292630805703,8.905986509274874e-05,0.8248738983745805,8.660213946211039,5,0.5066469456583652,0.6020381336333372,-1.0795440673828125,7.8175048828125,7.863128662109375,0.9525025747568447,1.4909727351429398
(17)mx15+1+3.jpg,0,19,0,0,0,9,9,1,0,0,0,0.006076997562522956,9.59106239460371e-05,0.18299419239803547,1.921225608185555,5,0.34066730498683256,0.4048079441546028,-1.1479644775390625,0.5756683349609375,4.44451904296875,1.0,1.5653214748774362
(0)mx16+1+1.jpg,0,2,0,0,0,0,1,1,0,0,0,0.08491361146228403,0.0014592989571263035,1.0,4.158276916971843,6,1.0,1.1349182733667411,4.2593994140625,10.88970947265625,1.8784637451171875,1.0,1.254211637575153
(1)mx16+1+1.jpg,1,2,0,0,0,0,1,1,0,0,0,1.0,0.01718568945538818,0.3389867930732696,1.409600956794888,5,0.9640128592325876,1.0940758097035836,-7.140495300292969,3.0700225830078125,-13.048538208007812,0.969237898160652,1.2156294514519708
(0)mx17+4+4.jpg,0,13,0,3,2,6,1,1,0,0,0,0.2408997955010225,0.001380037488284911,0.19594751234547256,1.6314460185254815,3,0.8206356832233787,1.1850262309837594,-48.4409065246582,16.841644287109375,-2.0937881469726562,0.9410668270370717,1.220605886642413
(1)mx17+4+4.jpg,1,13,0,3,2,6,1,1,0,0,0,0.75920245398773,0.0043492268041237115,0.13791099880540064,1.1482378480787174,2,0.806681874389922,1.1648764497497426,4.675071716308594,-4.3787384033203125,-5.835685729980469,0.8920931771562283,1.1570848660118906
(2)mx17+4+4.jpg,1,13,0,3,2,6,1,1,0,0,0,0.9211656441717792,0.005277061855670103,0.1463455925163479,1.2184637170519548,3,0.80983289560186,1.1694266330611307,8.231979370117188,-7.5196075439453125,-2.8920135498046875,0.9148299881830119,1.186575529783503
(3)mx17+4+4.jpg,1,13,0,3,2,6,1,1,0,0,0,1.0,0.005728678537956888,0.2577137151240715,2.1457073347136637,2,0.7990632665910885,1.1538749173160894,1.9327392578125,-3.537353515625,5.2541656494140625,0.8537590987983162,1.1073638468893712
(4)mx17+4+4.jpg,0,13,0,3,2,6,1,1,0,0,0,0.24130879345603273,0.0013823805060918463,0.10071988428829942,0.8385870901937478,4,0.6359380647173147,0.9183164994860858,57.93983459472656,-0.34664154052734375,-30.64232635498047,0.9125420428848866,1.1836079621050202
(5)mx17+4+4.jpg,1,13,0,3,2,6,1,1,0,0,0,0.8550102249488752,0.004898078725398313,0.07194515628761389,0.5990106093854332,2,0.846449477455675,1.2223022401944894,11.672988891601562,-1.5510711669921875,2.557373046875,0.8885417824821605,1.1524785478202213
(6)mx17+4+4.jpg,0,13,0,3,2,6,1,1,0,0,0,0.056339468302658485,0.00032275070290534207,0.39371157666554246,3.2780165285585476,4,0.9721838174769455,1.4038669638674655,28.035736083984375,14.211845397949219,4.6893463134765625,0.9851556680141477,1.277791091014451
(7)mx17+4+4.jpg,0,13,0,3,2,6,1,1,0,0,0,0.0712678936605317,0.0004082708528584817,0.48580994145941647,4.044821418077957,6,0.7771825891686314,1.1222784644352464,5.473640441894531,4.1590118408203125,2.6623382568359375,0.9896595580531955,1.2836328384191071
(8)mx17+4+4.jpg,0,13,0,3,2,6,1,1,0,0,0,0.18967280163599182,0.0010865745079662605,0.3465672868802497,2.8854962921657403,4,0.9793649781107024,1.4142368075068306,33.77166748046875,-0.6259689331054688,-2.6944122314453125,0.8673215106579925,1.1249549034194486
(9)mx17+4+4.jpg,0,13,0,3,2,6,1,1,0,0,0,0.053987730061349694,0.0003092783505154639,0.5982242055240995,4.980775140268891,4,0.7661002654056259,1.1062752066828763,12.928817749023438,6.47271728515625,0.5898056030273438,0.9953770199501217,1.2910486429587427
(10)mx17+4+4.jpg,0,13,0,3,2,6,1,1,0,0,0,0.014723926380368098,8.434864104967198e-05,1.0,8.325933812566602,4,1.0,1.4440344908340927,20.997825622558594,9.223297119140625,1.5275115966796875,0.9952642946511312,1.290902433189608
(11)mx17+4+4.jpg,0,13,0,3,2,6,1,1,0,0,0,0.062116564417177916,0.00035584582942830363,0.09074041783406923,0.7554987130110985,5,0.7932373762076478,1.1454621306625823,-3.7589035034179688,13.549530029296875,-1.1268768310546875,0.9676374529886335,1.2550691803389535
(12)mx17+4+4.jpg,0,13,0,3,2,6,1,1,0,0,0,0.02147239263803681,0.00012300843486410496,0.7438254321566287,6.19304131623984,4,0.9222205879219888,1.3317183371166468,8.638275146484375,10.328384399414062,-0.777740478515625,1.0,1.297044855449282
(0)mx18+1+1.jpg,0,2,0,0,0,0,1,1,0,0,0,0.09836065573770492,0.0018250289687137891,1.0,3.2327759785434056,6,0.775666332583893,0.8305364825063105,7.135322570800781,2.0535507202148438,5.13336181640625,1.0,1.2951178007108042
(1)mx18+1+1.jpg,1,2,0,0,0,0,1,1,0,0,0,1.0,0.018554461181923523,0.5255477060770665,1.6989779997845307,5,1.0,1.0707393728687884,-1.6583175659179688,3.4442291259765625,-5.1358642578125,0.9430592255338867,1.2213727901134817
(0)mx2+2+1.jpg,0,5,0,1,0,1,1,2,0,0,0,0.08701134930643127,0.0007495654692931634,1.0,6.697809610765143,6,0.793357373555833,0.854840488626357,27.90026092529297,13.01104736328125,2.302001953125,1.0,1.5474460018281708
(1)mx2+2+1.jpg,1,5,0,1,0,1,1,2,0,0,0,0.7282471626733922,0.00627353707995365,0.2507271301660263,1.6793225821055742,5,0.59106772480375,0.6368739228046617,13.31524658203125,0.06410980224609375,-1.34381103515625,0.8246833966325049,1.2761530248930453
(2)mx2+2+1.jpg,0,5,0,1,0,1,1,2,0,0,0,0.19440941572089113,0.0016747537659327926,0.23365460068679766,1.5649740300795252,6,0.7572865476176903,0.8159742683101375,-6.8336639404296875,11.409088134765625,-3.602630615234375,0.8967896604099161,1.3877335744821677
(3)mx2+2+1.jpg,1,5,0,1,0,1,1,2,0,0,0,1.0,0.00861457126303592,0.164703339713851,1.1031516116605475,2,1.0,1.0774973764911975,-0.591766357421875,8.731819152832031,4.046836853027344,0.8926475373456406,1.3813238627072744
(4)mx2+2+1.jpg,0,5,0,1,0,1,1,2,0,0,0,0.15258511979823455,0.0013144553881807648,0.29629708747852057,1.9845414801553554,4,0.9759458956030416,1.0515791421096292,24.32769012451172,-7.539939880371094,-6.1122589111328125,0.9605965604584901,1.486471306851383
(0)mx3+3+1.jpg,1,4,0,1,0,1,1,1,0,0,0,1.0,0.017145369284876904,0.23268725484067582,0.34270100270392634,6,0.8960764728316857,0.7441399179341176,14.830032348632812,4.4600067138671875,2.4282073974609375,1.0,1.254797846097461
(1)mx3+3+1.jpg,1,4,0,1,0,1,1,1,0,0,0,0.9931623931623932,0.017028135990621335,0.11361574729957233,0.16733288872731564,5,0.8912933210518104,0.7401677857770317,19.734878540039062,-1.0398101806640625,5.5579681396484375,0.996599401263498,1.2505307821274565
(2)mx3+3+1.jpg,0,4,0,1,0,1,1,1,0,0,0,0.252991452991453,0.004337631887456037,1.0,1.472796621106637,4,0.9527651443128384,0.7912165956762224,-14.168136596679688,4.056396484375,0.9284591674804688,0.895212244843876,1.1233103966301685
(3)mx3+3+1.jpg,1,4,0,1,0,1,1,1,0,0,0,0.4636752136752137,0.007949882766705744,0.6420386906306471,0.9455924141805465,2,1.0,0.8304424237169912,45.14398193359375,3.560211181640625,-4.230720520019531,0.9147396683237274,1.147813365552519
(0)mx4+1+1.jpg,1,3,2,1,0,0,0,0,0,0,0,1.0,0.033219152989449004,0.7415912575346313,0.809650562331891,2,0.9088123425150539,0.9112948944688105,29.489212036132812,12.24853515625,-3.2975234985351562,0.8676374621639557,1.1209766272520922
(1)mx4+1+1.jpg,0,3,2,1,0,0,0,0,0,0,0,0.08684863523573201,0.002885038100820633,0.8334536050161144,0.9099435479082981,1,1.0,1.0027316441883771,24.323707580566406,17.512802124023438,1.580108642578125,0.9973726462566234,1.2885928442114358
(2)mx4+1+1.jpg,0,3,2,1,0,0,0,0,0,0,0,0.05249517507582024,0.0017438452520515827,1.0,1.0917746859955149,1,0.7387405472683902,0.7407585235910544,33.11000061035156,-0.3428955078125,-1.9456787109375,1.0,1.2919873520171534
(0)mx5+2+1.jpg,1,4,0,0,0,0,2,2,0,0,0,0.7847256147207295,0.008827300703399765,0.5780012860226631,1.8533782017036589,5,0.7378281387400433,0.6425794684981548,23.068679809570312,-8.353988647460938,0.8905563354492188,0.954388561247105,1.3348263271787315
(1)mx5+2+1.jpg,0,4,0,0,0,0,2,2,0,0,0,0.298485588666341,0.003357634818288394,0.34126429221403126,1.0942740362423926,6,1.0,0.8709066986730265,-15.693572998046875,5.758827209472656,5.653564453125,0.9507679172175483,1.3297624243112458
(2)mx5+2+1.jpg,1,4,0,0,0,0,2,2,0,0,0,1.0,0.011248900937866353,0.23832114904153448,0.7641838060222413,5,0.9543266361827624,0.831129460173664,-5.4722442626953125,-5.2646484375,-3.6647262573242188,0.9252532823475055,1.2940771617926106
(3)mx5+2+1.jpg,0,4,0,0,0,0,2,2,0,0,0,0.039081582804103565,0.0004396248534583822,1.0,3.206529546771612,6,0.8284637728251644,0.7215146493613641,-12.361648559570312,7.332000732421875,-2.796295166015625,1.0,1.398619368860107
(0)mx6+2+2.jpg,1,4,0,0,0,2,1,1,0,0,0,1.0,0.0429073856975381,0.11929431430722644,0.253457559046238,4,0.7131063852842938,0.7138617947727175,-7.58856201171875,-9.484848022460938,-0.0321807861328125,0.8664808232211432,1.0498965959152906
(1)mx6+2+2.jpg,0,4,0,0,0,2,1,1,0,0,0,0.053705601092896176,0.00230436694021102,1.0,2.1246407300979344,4,0.46306568893884553,0.4635562247444511,-14.518836975097656,0.412078857421875,2.4976654052734375,0.9419175908074887,1.1413017411570838
(2)mx6+2+2.jpg,1,4,0,0,0,2,1,1,0,0,0,0.6539446721311475,0.028059056271981242,0.5225960317317015,1.1103288144047256,5,1.0,1.0010593222890896,2.4138336181640625,3.8889999389648438,-6.60736083984375,0.9614563867532907,1.1649764894054309
(3)mx6+2+2.jpg,0,4,0,0,0,2,1,1,0,0,0,0.10997267759562841,0.004718640093786635,0.5692876242903706,1.2095316737080115,6,0.6106178484134179,0.6112646895103583,-5.937477111816406,0.8983001708984375,3.3433685302734375,1.0,1.2116789752048975
(0)mx7+3+2.jpg,0,7,0,0,0,0,3,3,1,0,0,0.1382716049382716,0.0014361078546307152,1.0,1.308603374794484,6,0.8820436645212931,0.8084713577489892,12.923194885253906,2.2297210693359375,11.961990356445312,0.9654191354735067,1.5037776927802164
(1)mx7+3+2.jpg,0,7,0,0,0,0,3,3,1,0,0,1.0,0.010386137162954279,0.8558831429310375,1.1200115692692656,7,1.0,0.9165888155749824,-1.1871414184570312,-0.92120361328125,1.2712554931640625,0.9617289202267155,1.4980296573769611
(2)mx7+3+2.jpg,1,7,0,0,0,0,3,3,1,0,0,0.5961199294532628,0.006191383352872216,0.6641301654615047,0.8690829758257442,6,0.8401713106624284,0.7700916265201558,-3.5102157592773438,-7.0497589111328125,-2.937255859375,0.9351061753674395,1.4565609435624967
(3)mx7+3+2.jpg,1,7,0,0,0,0,3,3,1,0,0,0.5502645502645502,0.0057151230949589685,0.7170502598809976,0.9383343899775354,5,0.8208675389643112,0.7523980052832487,2.0440826416015625,-2.9410171508789062,1.7001953125,0.9672237290855729,1.5065886041436296
(4)mx7+3+2.jpg,0,7,0,0,0,0,3,3,1,0,0,0.1329805996472663,0.0013811547479484173,0.6359773338440576,0.8322420853611322,6,0.8082711299572921,0.740852277671007,-37.501190185546875,8.820671081542969,0.548553466796875,1.0,1.5576423105003636
(5)mx7+3+2.jpg,1,7,0,0,0,0,3,3,1,0,0,0.5846560846560847,0.0060723182883939035,0.8624514020778284,1.1286068153552808,5,0.8514504475867294,0.7804299572743089,-0.117645263671875,4.2560577392578125,0.6286163330078125,0.9815127391649191,1.5288457708183854
(6)mx7+3+2.jpg,0,7,0,0,0,0,3,3,1,0,0,0.1675485008818342,0.001740181711606096,0.22727304454333772,0.29741027308922885,5,0.6794662342139817,0.622791150841387,-8.787025451660156,13.547927856445312,-1.3206787109375,0.9189315586772944,1.4313666762498014
(0)mx8+2+2.jpg,1,5,0,0,0,0,3,2,0,0,0,0.7431604736627194,0.010001465416178195,0.576903617866086,0.6856630094832449,5,0.6785240995957246,0.6269102200364534,0.44904327392578125,-9.315673828125,-2.3242034912109375,0.9233709757091041,1.2664823696558414
(1)mx8+2+2.jpg,1,5,0,0,0,0,3,2,0,0,0,1.0,0.013458015826494725,1.0,1.1885226374891702,5,0.6908723953067101,0.6383192072571895,-3.0823822021484375,-3.81121826171875,4.656990051269531,0.9334763654075455,1.2803427770416695
(2)mx8+2+2.jpg,0,5,0,0,0,0,3,2,0,0,0,0.26010616578195184,0.003500512895662368,0.5829552193240493,0.6928554748090967,6,0.9507177796869931,0.8783987080359507,31.415283203125,4.0420989990234375,3.7837371826171875,0.9649912234807598,1.3235681037867308
(3)mx8+2+2.jpg,0,5,0,0,0,0,3,2,0,0,0,0.39199673336055535,0.005275498241500586,0.32140158388988127,0.38199305817799845,5,1.0,0.9239321350707755,2.0537109375,-3.4999237060546875,1.4727859497070312,1.0,1.3715856388958343
(4)mx8+2+2.jpg,0,5,0,0,0,0,3,2,0,0,0,0.10208248264597795,0.0013738276670574442,0.5682298633805607,0.6753540559251748,6,0.6527527672345254,0.6030992579043519,-9.2296142578125,11.356773376464844,-0.694854736328125,0.937695131913145,1.2861291765946046
(0)mx9+2+1.jpg,1,4,0,1,0,2,1,0,0,0,0,1.0,0.01181491793669402,1.0,1.421097541477373,5,0.9714122995860269,1.056727273912112,18.52899169921875,1.2947158813476562,-32.2606201171875,0.9624951511439983,1.352661075961238
(1)mx9+2+1.jpg,1,4,0,1,0,2,1,0,0,0,0,0.7325581395348837,0.0086551143024619,0.891179174476668,1.2664525338646277,2,1.0,1.0878257093949117,-22.928512573242188,14.099967956542969,-7.173362731933594,0.9650385489857067,1.3562354890448507
(2)mx9+2+1.jpg,0,4,0,1,0,2,1,0,0,0,0,0.2638759689922481,0.003117672919109027,0.9389069643885696,1.3342783787685797,4,0.8255849307835267,0.8980925129953389,11.12451171875,-0.4171295166015625,-10.01727294921875,0.9922987139341682,1.394546086252784
(3)mx9+2+1.jpg,0,4,0,1,0,2,1,0,0,0,0,0.10852713178294573,0.0012822391559202814,0.965948237944018,1.3727066661366445,4,0.8533584284912126,0.9283052378415803,-5.164604187011719,10.681800842285156,-0.176910400390625,1.0,1.4053692367732948
(0)qjx1+2+2.jpg,0,4,1,0,0,0,3,0,0,0,0,0.09123689727463312,0.0020987654320987655,0.6669682401482862,2.067235293727423,5,0.8561843442046693,0.7201578367548481,-29.350440979003906,-6.96136474609375,9.883323669433594,0.9134731721471,1.3926808991610093
(1)qjx1+2+2.jpg,0,4,1,0,0,0,3,0,0,0,0,0.0469601677148847,0.0010802469135802468,1.0,3.09945087230513,5,0.8473760001811254,0.7127489206489592,52.85255432128906,10.567131042480469,-4.12957763671875,1.0,1.5245996725744462
(2)qjx1+2+2.jpg,1,4,1,0,0,0,3,0,0,0,0,0.7378895877009084,0.016974022633744857,0.13820714126003558,0.42836624453721556,5,0.95646689039463,0.8045079676784829,74.7352294921875,9.6259765625,4.114952087402344,0.7444424690356082,1.1349767445422005
(3)qjx1+2+2.jpg,1,4,1,0,0,0,3,0,0,0,0,1.0,0.023003472222222224,0.09118803144768237,0.28263282361430675,1,1.0,0.8411247433212767,-72.30852508544922,-9.990341186523438,8.358810424804688,0.8063373754773433,1.229341698637296
(0)qjx10+1+1.jpg,1,3,1,1,1,0,0,0,0,0,0,1.0,0.023414351851851853,1.0,0.9926968726715489,2,1.0,1.0191098998138814,-9.03814697265625,-6.5650177001953125,-28.811355590820312,0.9168647902532042,1.0336706875214259
(1)qjx10+1+1.jpg,0,3,1,1,1,0,0,0,0,0,0,0.012852199703410776,0.00030092592592592595,0.8320977495669504,0.8260208337521454,1,0.9006955362881303,0.9179077377494067,19.2840576171875,12.165962219238281,2.5310897827148438,1.0,1.127397080256473
(2)qjx10+1+1.jpg,0,3,1,1,1,0,0,0,0,0,0,0.09243697478991597,0.0021643518518518518,0.7126767001425438,0.7074719314573825,3,0.8394464678691814,0.8554882057692781,-11.683609008789062,3.7420501708984375,9.414352416992188,0.9888951501781519,1.1148775049906348
(0)qjx11+2+3.jpg,1,8,0,0,0,3,2,3,0,0,0,1.0,0.022844423617619493,0.3926757989096648,0.6411977878756593,5,0.9439168434739672,0.92405121045228,-21.689697265625,4.834465026855469,15.509918212890625,0.9517273198086346,1.2695122909376921
(1)qjx11+2+3.jpg,1,8,0,0,0,3,2,3,0,0,0,0.9886153846153846,0.022584348641049672,0.7152988926772685,1.168006963831467,5,1.0,0.9789540432941377,-4.373992919921875,6.943450927734375,0.9803466796875,0.9484853364348096,1.2651877983499267
(2)qjx11+2+3.jpg,0,8,0,0,0,3,2,3,0,0,0,0.3192307692307692,0.007292642924086223,0.29239325241688047,0.4774470623350111,4,0.5615296044418182,0.5497116766976757,-3.318511962890625,4.0491790771484375,7.764556884765625,0.9461752642387427,1.262106385234193
(3)qjx11+2+3.jpg,0,8,0,0,0,3,2,3,0,0,0,0.0802051282051282,0.00183223992502343,1.0,1.6328935718882107,6,0.7594734422721934,0.7434895970868806,52.362335205078125,3.9875335693359375,-4.130645751953125,1.0,1.3339033823185356
(4)qjx11+2+3.jpg,0,8,0,0,0,3,2,3,0,0,0,0.106,0.0024215089034676663,0.7226188961728208,1.1799597504855537,4,0.6830867151255083,0.6687105016926272,17.40283203125,7.8228759765625,-4.3939666748046875,0.9832734285025906,1.3115917520235483
(5)qjx11+2+3.jpg,0,8,0,0,0,3,2,3,0,0,0,0.08538461538461538,0.0019505623242736644,0.6579589002081222,1.0743768587164795,6,0.506130826171506,0.49547881871639815,33.46275329589844,3.76861572265625,2.6690139770507812,0.9903535989785517,1.3210360153688245
(6)qjx11+2+3.jpg,0,8,0,0,0,3,2,3,0,0,0,0.08584615384615385,0.0019611059044048734,0.4178565854855803,0.6823153324105606,4,0.46104188353205844,0.45133881601165354,-0.3467559814453125,8.583549499511719,-0.6788177490234375,0.9118748127892431,1.2163528970306527
(7)qjx11+2+3.jpg,0,8,0,0,0,3,2,3,0,0,0,0.02,0.00045688847235238986,0.18642904090237766,0.3044187825027768,6,0.26462314842304,0.2590539010979597,1.3259353637695312,9.567420959472656,0.6808090209960938,0.9277067917543983,1.237471227321069
(0)qjx12+3+1.jpg,1,5,1,1,1,1,0,0,0,1,0,0.6876811594202898,0.07900338942736516,0.5160408078017408,0.701571945332304,2,1.0,1.0641431129566532,3.1671981811523438,-4.032569885253906,-18.77544403076172,0.9334059278171584,1.0734147837881627
(1)qjx12+3+1.jpg,1,5,1,1,1,1,0,0,0,1,0,0.9080745341614906,0.10432300648153654,0.46295146097878165,0.629395489974699,1,0.9038382634457777,0.9618132632725255,-0.3618927001953125,-10.025436401367188,-6.84552001953125,0.954485257956548,1.0976559675321818
(2)qjx12+3+1.jpg,1,5,1,1,1,1,0,0,0,1,0,1.0,0.1148837485877386,0.2747319165365691,0.3735057425991084,8,0.904639358786473,0.962665743362148,4.5907440185546875,-19.076126098632812,-21.835060119628906,0.9496514148045949,1.0920970584368068
(3)qjx12+3+1.jpg,0,5,1,1,1,1,0,0,0,1,0,0.0968944099378882,0.011131593030861628,0.47862978428074143,0.6507106100431308,4,0.5869099843270289,0.624556217747105,43.132293701171875,1.2536087036132812,2.1721343994140625,0.9618341555620443,1.1061071837706866
(4)qjx12+3+1.jpg,0,5,1,1,1,1,0,0,0,1,0,0.007738095238095238,0.0008889813878813106,1.0,1.3595280348484435,3,0.6253555763424532,0.6654678297138602,-4.79815673828125,9.201950073242188,1.0420684814453125,1.0,1.1499978217391718
(0)qjx2+1+1.jpg,1,3,0,1,1,0,1,0,0,0,0,1.0,0.025910804020100504,0.0635115558613946,0.15985021091795407,5,0.4377777720897511,0.5573202362359087,-5.9244232177734375,4.5580291748046875,5.3731536865234375,0.9185739344206589,1.085822865104618
(1)qjx2+1+1.jpg,0,3,0,1,1,0,1,0,0,0,0,0.1166060606060606,0.003021356783919598,1.0,2.516868131317796,3,1.0,1.2730665460137833,8.143135070800781,10.821487426757812,-1.050506591796875,1.0,1.1820745444833924
(2)qjx2+1+1.jpg,0,3,0,1,1,0,1,0,0,0,0,0.1267070707070707,0.003283082077051926,0.5062963641058321,1.27428118382004,2,0.5428491428011352,0.6910830832323842,1.7692108154296875,-2.1774673461914062,1.171173095703125,0.9988409758777894,1.1807044915720852
(0)qjx3+1+3.jpg,0,5,0,1,0,2,1,1,0,0,0,0.17833707865168538,0.00830820770519263,0.14948010814280252,0.8313457693934075,6,0.37489529562083984,0.45444505555064363,30.469268798828125,-36.41291809082031,-15.989753723144531,0.859920258347358,1.1171439794363938
(1)qjx3+1+3.jpg,1,5,0,1,0,2,1,1,0,0,0,1.0,0.04658710217755444,0.05217380422769539,0.29016885227576633,5,0.5033779810926428,0.6101907312594738,22.488372802734375,2.0590972900390625,2.7083358764648438,0.8369261389048511,1.0872717420419569
(2)qjx3+1+3.jpg,0,5,0,1,0,2,1,1,0,0,0,0.07555056179775281,0.003519681742043551,0.22450414188306034,1.2485980300969315,2,0.7079880335060916,0.8582173875589748,37.702117919921875,-25.713241577148438,-38.37748718261719,0.9602951633492197,1.247543536512574
(3)qjx3+1+3.jpg,0,5,0,1,0,2,1,1,0,0,0,0.030202247191011236,0.001407035175879397,0.758019519071472,4.2157871580857345,4,0.851488357694423,1.0321673238720102,6.346458435058594,1.8694915771484375,0.2102813720703125,0.9746926578603853,1.2662476828051947
(4)qjx3+1+3.jpg,0,5,0,1,0,2,1,1,0,0,0,0.02548314606741573,0.0011871859296482413,1.0,5.561581268052065,4,1.0,1.2121919396136103,34.535064697265625,-8.963691711425781,-3.863128662109375,1.0,1.2991250858345664
(0)qjx4+2+1.jpg,0,3,0,1,1,0,1,0,0,0,0,0.15819209039548024,0.001407035175879397,1.0,1.6526213280291795,3,0.951140660637235,1.1267988192710694,-0.525421142578125,-4.7156829833984375,-2.3066482543945312,1.0,1.1258254863915416
(1)qjx4+2+1.jpg,1,3,0,1,1,0,1,0,0,0,0,1.0,0.008894472361809045,0.292852304981381,0.4839739651747361,2,0.8133832228879989,0.9636001204606842,-1.4788742065429688,-3.041839599609375,-9.16375732421875,0.9837408618099586,1.1075205342304308
(2)qjx4+2+1.jpg,1,3,0,1,1,0,1,0,0,0,0,0.971045197740113,0.008636934673366833,0.5323195355289465,0.8797226177417237,5,1.0,1.1846815785544789,-11.304084777832031,0.175323486328125,1.9175567626953125,0.9928297638667292,1.1177530518092595
(0)qjx5+2+5.jpg,0,11,0,0,0,4,4,3,0,0,0,0.04339622641509434,0.0014928810720268007,0.1050869002425082,0.6184654339872476,5,0.6631684085709754,0.6542624955151157,-40.2510986328125,10.337799072265625,6.1778106689453125,1.0,1.2602399335798413
(1)qjx5+2+5.jpg,0,11,0,0,0,4,4,3,0,0,0,0.04150943396226415,0.0014279731993299832,0.10947325932467158,0.6442803687423289,4,0.5440041096522622,0.5366984943063302,-61.27540588378906,5.464935302734375,-4.392616271972656,0.9691621587098412,1.2213768545205859
(2)qjx5+2+5.jpg,0,11,0,0,0,4,4,3,0,0,0,0.033475349969567865,0.0011515912897822446,0.3311961014715571,1.9491805368585313,5,0.8745540021447082,0.8628093203940527,0.0214691162109375,0.7177886962890625,-4.757469177246094,0.9915952088106582,1.249647880089633
(3)qjx5+2+5.jpg,1,11,0,0,0,4,4,3,0,0,0,0.9052343274497869,0.031141122278056953,0.07180579315846115,0.4225969262207087,5,0.8182972037364423,0.8073080135757806,-2.8777999877929688,5.698905944824219,2.3979721069335938,0.9360056905398138,1.1795917492762484
(4)qjx5+2+5.jpg,1,11,0,0,0,4,4,3,0,0,0,1.0,0.03440117252931323,0.06491115387442768,0.38202006966537144,6,0.8970385685390723,0.8849919339347841,0.954620361328125,5.9079742431640625,-0.12924957275390625,0.9214290776964693,1.161221719674733
(5)qjx5+2+5.jpg,0,11,0,0,0,4,4,3,0,0,0,0.04150943396226415,0.0014279731993299832,0.11528643813172465,0.6784925316803623,4,0.717031809724103,0.7074025468202064,-62.73899459838867,3.2180328369140625,6.152870178222656,0.9974830946620848,1.2570680289639604
(6)qjx5+2+5.jpg,0,11,0,0,0,4,4,3,0,0,0,0.037796713329275713,0.001300251256281407,0.16952522221179026,0.9977027572899034,4,0.630227765890014,0.6217642238758523,-75.40055847167969,3.5390396118164062,11.40283203125,0.9874059810897793,1.2443684480249215
(7)qjx5+2+5.jpg,0,11,0,0,0,4,4,3,0,0,0,0.04619598295800365,0.0015891959798994975,0.6561348581417931,3.8615348712196416,6,0.9816326644853614,0.9684499871296398,59.2177734375,1.4939727783203125,-3.4302215576171875,0.970830649079522,1.2234795527132512
(8)qjx5+2+5.jpg,0,11,0,0,0,4,4,3,0,0,0,0.030066950699939136,0.0010343383584589614,0.5632501098164094,3.3148824716219085,6,1.0,0.9865706614779034,-30.846923828125,12.50244140625,-0.05413055419921875,0.9880757628225231,1.2452125337113076
(9)qjx5+2+5.jpg,0,11,0,0,0,4,4,3,0,0,0,0.01704199634814364,0.0005862646566164154,1.0,5.885276210070141,5,0.9932841924156242,0.9799450427470274,27.810226440429688,6.314323425292969,0.5467681884765625,0.9662658330575195,1.2177267892728783
(10)qjx5+2+5.jpg,0,11,0,0,0,4,4,3,0,0,0,0.02483262325015216,0.0008542713567839196,0.08364228349134811,0.4922579411875735,4,0.6547541371561227,0.6459612221995099,-6.259033203125,8.851104736328125,-1.7815475463867188,0.9930149081097004,1.2514370418399612
(0)qjx6+1+5.jpg,0,7,0,1,1,2,1,2,0,0,0,0.20622986036519872,0.0072,0.858508853792843,1.697347376361036,4,0.4898482209506785,0.7872734998969292,25.027420043945312,-22.371612548828125,-34.557586669921875,0.9737516642949516,1.1230132579057779
(1)qjx6+1+5.jpg,1,7,0,1,1,2,1,2,0,0,0,1.0,0.0349125,0.19934523137217458,0.3941230238509451,5,1.0,1.6071784406382434,-5.070213317871094,1.83087158203125,-4.196296691894531,0.8393094849933252,0.9679630995198715
(2)qjx6+1+5.jpg,0,7,0,1,1,2,1,2,0,0,0,0.17185821697099893,0.006,0.38499929245836284,0.7611774020361363,3,0.3952355823516249,0.6352141069286326,-88.23048400878906,-33.66383361816406,30.3958740234375,0.9546810078725585,1.101019354547656
(3)qjx6+1+5.jpg,0,7,0,1,1,2,1,2,0,0,0,0.08073755818116721,0.00281875,0.5562241842800737,1.0997040457827962,6,0.41419073911709886,0.6656784262210205,-46.6724739074707,-10.380973815917969,-7.8289031982421875,1.0,1.1532850716295304
(4)qjx6+1+5.jpg,0,7,0,1,1,2,1,2,0,0,0,0.09249313760591957,0.0032291666666666666,0.13199587121392573,0.2609674259102135,2,0.35267315606253635,0.566808693015555,-32.20306396484375,-2.7546844482421875,18.49829864501953,0.9532836619705832,1.0994078163790053
(5)qjx6+1+5.jpg,0,7,0,1,1,2,1,2,0,0,0,0.039384174722520586,0.001375,1.0,1.977087794566419,6,0.4521226464745888,0.7266417699382653,-31.501617431640625,7.946434020996094,12.027214050292969,0.9892768511917174,1.1409182241880762
(6)qjx6+1+5.jpg,0,7,0,1,1,2,1,2,0,0,0,0.1861797350519155,0.0065,0.792777865334358,1.5673914413549794,4,0.5652691784355786,0.9084884367389541,12.044357299804688,-39.43169403076172,12.888450622558594,0.9428098571081925,1.0873285335880494
(0)qjx7+1+1.jpg,0,4,0,1,3,0,0,0,0,0,0,0.02937062937062937,0.0028,0.3619866726007969,0.9636496978169662,3,0.4281015570769989,0.4552598679710743,-13.761138916015625,-6.1577606201171875,8.763587951660156,0.9789256098438557,1.8440434544428217
(1)qjx7+1+1.jpg,0,4,0,1,3,0,0,0,0,0,0,0.1173951048951049,0.011191666666666667,1.0,2.6621137482586,3,0.5559136603248104,0.5911802361355805,-19.913734436035156,-2.0375213623046875,-15.509918212890625,0.9709624258091363,1.8290428688538
(2)qjx7+1+1.jpg,0,4,0,1,3,0,0,0,0,0,0,0.009549825174825175,0.0009104166666666667,0.48336894847497236,1.2867831232165268,3,0.44671832246974225,0.47505766130922006,5.172615051269531,5.776908874511719,-0.29400634765625,1.0,1.8837421719276068
(3)qjx7+1+1.jpg,1,4,0,1,3,0,0,0,0,0,0,1.0,0.09533333333333334,0.642385451232171,1.7101031414064667,2,1.0,1.0634389444399772,-61.780906677246094,-2.9627838134765625,13.472923278808594,0.6869742453428694,1.2940823569805056
(0)qjx8+1+3.jpg,1,5,0,0,0,1,1,1,2,0,0,1.0,0.03260625,0.5617087332472576,1.1448795782108256,5,1.0,1.3520082650911573,-2.7149200439453125,0.16445159912109375,-8.320640563964844,0.9013316976114328,1.0899371649651297
(1)qjx8+1+3.jpg,0,5,0,0,0,1,1,1,2,0,0,0.2378761740463868,0.00775625,0.6854608002669623,1.3971121071109434,6,0.6918456079835922,0.9353809801608334,-38.90763473510742,-2.6384735107421875,-5.4243316650390625,0.9944914513077856,1.2025907841618508
(2)qjx8+1+3.jpg,0,5,0,0,0,1,1,1,2,0,0,0.2594083445147275,0.008458333333333333,0.5811956456345431,1.184597970883147,7,0.7993347356324086,1.0807071691494716,-20.375267028808594,-3.9190521240234375,4.008392333984375,0.9764080072369935,1.180723343112616
(3)qjx8+1+3.jpg,0,5,0,0,0,1,1,1,2,0,0,0.47722190275381765,0.015560416666666667,1.0,2.0382086131939543,7,0.6753573230127691,0.9130886826031023,-78.39056396484375,-18.036376953125,-3.528656005859375,0.9472754677815035,1.145494761285862
(4)qjx8+1+3.jpg,0,5,0,0,0,1,1,1,2,0,0,0.1178838412880966,0.00384375,0.9837604843234481,2.005109092467908,4,0.6927300026080568,0.9365766890027118,-6.4766082763671875,-6.464225769042969,16.492630004882812,1.0,1.2092520077275761
(0)qjx9+3+1.jpg,1,5,1,0,1,1,1,1,0,0,0,0.8568274992116052,0.0339625,0.2978931504892239,0.4754170670443597,4,0.8411198700213611,1.1427696605258502,5.894325256347656,-6.9134979248046875,0.6535263061523438,0.9857813096946423,1.1854610267532737
(1)qjx9+3+1.jpg,1,5,1,0,1,1,1,1,0,0,0,1.0,0.0396375,1.0,1.5959315152550233,6,1.0,1.3586287772476808,9.661407470703125,9.435218811035156,-15.135429382324219,1.0,1.2025598528749593
(2)qjx9+3+1.jpg,1,5,1,0,1,1,1,1,0,0,0,0.9882266372332598,0.039170833333333335,0.5466087203743552,0.872350083358654,5,0.8865278994192602,1.2044623159839445,1.8096771240234375,-2.5994415283203125,4.782379150390625,0.9789846279870078,1.1772876101989027
(3)qjx9+3+1.jpg,1,5,1,0,1,1,1,1,0,0,0,0.5261221486387049,0.020854166666666667,0.15428834456305943,0.24623363152471256,1,0.5977491950654976,0.8121192579926225,-37.84327697753906,-28.58319854736328,-24.816444396972656,0.902293350351261,1.0850617586484665
(4)qjx9+3+1.jpg,0,5,1,0,1,1,1,1,0,0,0,0.16887417218543047,0.00669375,0.3590844897117544,0.573074253770257,3,0.3886547995884133,0.5280375951362485,24.714630126953125,-4.509521484375,-2.815093994140625,0.7443896097212162,0.895173059547994
(0)sbw1+2+1.jpg,1,3,0,1,1,0,1,0,0,0,0,0.6581732443801409,0.06318158436213991,0.4586100019887092,0.5136419970725347,2,0.8854701183790978,1.325916286075837,-0.4996490478515625,-11.0660400390625,-26.616981506347656,0.8028151500587127,0.9295109193664048
(1)sbw1+2+1.jpg,1,3,0,1,1,0,1,0,0,0,0,1.0,0.09599537037037037,0.31573274239095195,0.3536198417819708,5,0.8081926379721578,1.2101998234965763,-8.180572509765625,-0.39292144775390625,-10.7034912109375,0.773289542410451,0.8953257464682846
(2)sbw1+2+1.jpg,0,3,0,1,1,0,1,0,0,0,0,0.022526324250462183,0.0021624228395061727,1.0,1.119997372157575,3,1.0,1.4974150550704073,-20.834854125976562,19.966964721679688,-26.328079223632812,1.0,1.1578143727088688
(0)sbw2+2+3.jpg,1,6,0,0,0,0,3,3,0,0,0,1.0,0.11997942386831276,0.20392225051015395,1.2999484303320477,5,0.9193499535013047,1.1935211995523236,5.8548126220703125,-7.82183837890625,20.878387451171875,0.7528317416055701,1.3171209731588471
(1)sbw2+2+3.jpg,0,6,0,0,0,0,3,3,0,0,0,0.008381924198250729,0.0010056584362139918,0.9369510907440739,5.97280628604092,5,0.838254876029765,1.088241709655136,6.835968017578125,4.360862731933594,0.9693374633789062,0.9995589527095661,1.7487839417007927
(2)sbw2+2+3.jpg,0,6,0,0,0,0,3,3,0,0,0,0.03979806208197565,0.004774948559670782,0.5529974931064457,3.5252073834163906,6,0.7804090949641208,1.0131449896916747,1.470672607421875,15.965118408203125,2.5572738647460938,0.965037780141481,1.688387231659729
(3)sbw2+2+3.jpg,0,6,0,0,0,0,3,3,0,0,0,0.09781769850797462,0.01173611111111111,0.13702852140350338,0.8735192499277362,6,0.9321366864148145,1.2101212295486987,-3.9245529174804688,-1.65704345703125,1.5928802490234375,0.8016350389094765,1.402505054203559
(4)sbw2+2+3.jpg,0,6,0,0,0,0,3,3,0,0,0,0.005353927285199794,0.0006423611111111111,1.0,6.374725794168886,5,0.7161191567480869,0.9296823170864089,-0.5945663452148438,8.226997375488281,0.5027618408203125,1.0,1.749555578448131
(0)sbw3+2+1.jpg,0,6,0,0,0,1,3,2,0,0,0,0.06447477565794435,0.001099537037037037,0.5300159968753314,3.6199050292332644,5,0.725038699485669,0.6942163012045838,8.922012329101562,7.065742492675781,8.389778137207031,1.0,1.3131896169923596
(1)sbw3+2+1.jpg,0,6,0,0,0,1,3,2,0,0,0,0.06492723022396502,0.0011072530864197532,0.08344576683398382,0.5699181775859028,5,0.526685542006067,0.5042954108915262,13.195976257324219,6.732513427734375,-0.40106964111328125,0.9374729527055555,1.2310797477041049
(2)sbw3+2+1.jpg,1,6,0,0,0,1,3,2,0,0,0,0.8358344016288365,0.014254115226337448,0.16590942384524868,1.133128738217829,6,0.8152984372537713,0.7806389726364914,-6.4557647705078125,-1.4737014770507812,-20.319564819335938,0.9327007781743599,1.2248129776592633
(3)sbw3+2+1.jpg,1,6,0,0,0,1,3,2,0,0,0,1.0,0.01705375514403292,0.05355279597606842,0.36575506517942175,5,0.8743830248043746,0.8372117926206872,-34.843292236328125,6.2307586669921875,22.61016082763672,0.8378778859545425,1.1002925401430135
(4)sbw3+2+1.jpg,0,6,0,0,0,1,3,2,0,0,0,0.19809969082271323,0.003378343621399177,0.10298443791483965,0.7033634587228813,4,1.0,0.9574886163966831,9.478408813476562,-4.3809051513671875,0.6469268798828125,0.9552479448737261,1.2544216828614672
(5)sbw3+2+1.jpg,0,6,0,0,0,1,3,2,0,0,0,0.05768795716763442,0.0009837962962962962,1.0,6.829803346642624,6,0.6153726112522366,0.5892122701163179,15.0732421875,6.138587951660156,-0.6596527099609375,0.8690717105822388,1.141255946758385
(0)sbw4+2+3.jpg,1,5,0,0,0,2,2,1,0,0,0,1.0,0.02163197495606327,0.765846606394509,1.773820835649175,5,1.0,1.4534098457487803,7.7593231201171875,-1.4894256591796875,-8.625350952148438,0.9522361957954399,0.9620697190434827
(1)sbw4+2+3.jpg,1,5,0,0,0,2,2,1,0,0,0,0.793906696286893,0.017173769771529,0.6319299381847422,1.463648832107207,5,0.899105514123337,1.306768806593877,2.15234375,-9.232894897460938,-6.5765838623046875,0.9844754719281413,0.994641922734232
(2)sbw4+2+3.jpg,0,5,0,0,0,2,2,1,0,0,0,0.03732148524278007,0.0008073374340949033,1.0,2.3161568136993615,4,0.9973828932454134,1.4496061170242884,-44.21236038208008,8.378562927246094,0.32851409912109375,0.9813159032468665,0.9914497259169777
(3)sbw4+2+3.jpg,0,5,0,0,0,2,2,1,0,0,0,0.10333227546810536,0.002235281195079086,0.9554514841061937,2.212975465071728,4,0.9710021321684075,1.411264059136622,-25.807273864746094,-17.463409423828125,11.215438842773438,0.9923997125730234,1.0026479951819258
(4)sbw4+2+3.jpg,0,5,0,0,0,2,2,1,0,0,0,0.3785464931767693,0.008188708260105449,0.48171332993645194,1.1157236113821216,6,0.9694259160855422,1.408973171162758,-18.364013671875,2.78118896484375,-0.9371109008789062,1.0,1.010326769021659
(0)sbw5+1+2.jpg,1,5,0,0,0,2,3,0,0,0,0,1.0,0.11551515817223199,0.09576253886799968,0.3061587238039439,5,1.0,1.1977675846317406,13.011039733886719,1.5139617919921875,5.8731536865234375,0.8983616962938352,0.9616991902850742
(1)sbw5+1+2.jpg,0,5,0,0,0,2,3,0,0,0,0,0.09727570959920126,0.011236818980667838,0.261413960930306,0.8357565036290094,4,0.9451701441011042,1.1320941605660138,65.88899230957031,-5.9145660400390625,-8.884742736816406,0.9359851480485468,1.0019752207942838
(2)sbw5+1+2.jpg,0,5,0,0,0,2,3,0,0,0,0,0.021109684781058336,0.002438488576449912,0.2611265975935836,0.8348377853757241,5,0.850929889792986,1.0192162387882981,44.8690185546875,-4.277069091796875,-0.1205291748046875,1.0,1.07050333318143
(3)sbw5+1+2.jpg,0,5,0,0,0,2,3,0,0,0,0,0.0018304569010602386,0.00021144551845342707,1.0,3.197061475426805,5,0.5731632613616505,0.6865163751607951,-21.207809448242188,12.673187255859375,0.46035003662109375,0.9861666635450149,1.0556947003973485
(4)sbw5+1+2.jpg,0,5,0,0,0,2,3,0,0,0,0,0.0019968620738838967,0.00023066783831282952,0.7201351217062797,2.302316254708941,4,0.6103813379847288,0.7310949809022587,41.10194396972656,3.180938720703125,2.348388671875,0.9533502577466143,1.0205646286071262
(0)sbw6+2+5.jpg,0,8,0,0,0,0,4,2,0,2,0,0.04119339694078449,0.0004982415005861664,0.7391571173655279,2.3129149244700336,5,0.8883417574766973,1.007280162847044,-16.587257385253906,12.600425720214844,2.81341552734375,0.941537542502751,1.0492989948245497
(1)sbw6+2+5.jpg,0,8,0,0,0,0,4,2,0,2,0,0.029077691958200817,0.00035169988276670573,0.541265362445554,1.6936869110602286,5,0.9752853469851056,1.1058644658604406,11.5869140625,2.5812835693359375,2.675994873046875,0.9642887826560509,1.0746541743539944
(2)sbw6+2+5.jpg,0,8,0,0,0,0,4,2,0,2,0,0.03392397395123429,0.00041031652989449003,0.20714514809097456,0.6481830361842289,5,0.7742059057093027,0.8778628767774278,24.994056701660156,6.2335205078125,0.4043426513671875,1.0,1.1144526346080181
(3)sbw6+2+5.jpg,1,8,0,0,0,0,4,2,0,2,0,0.7378464334393458,0.008924384525205158,0.17241526221737694,0.5395088862978232,8,1.0,1.1338881172356312,14.459564208984375,-12.566146850585938,0.323699951171875,0.949037174100717,1.0576569790174923
(4)sbw6+2+5.jpg,1,8,0,0,0,0,4,2,0,2,0,1.0,0.012095178780773739,0.281136745154739,0.8797119832964619,8,0.9693674040616963,1.099154180701108,2.0612945556640625,1.030548095703125,14.622665405273438,0.9369095025681402,1.0441412635263516
(5)sbw6+2+5.jpg,0,8,0,0,0,0,4,2,0,2,0,0.01968802059669847,0.00023813012895662367,0.8888255261772806,2.7812460658871525,6,0.6769726465368638,0.767611239601707,52.446258544921875,8.545143127441406,3.666412353515625,0.9107525560245908,1.0149905855375918
(6)sbw6+2+5.jpg,0,8,0,0,0,0,4,2,0,2,0,0.024988641526578828,0.00030224208675263777,0.9064902997190618,2.8365213482354985,5,0.8264453288931646,0.9370965379768523,-22.519607543945312,11.189735412597656,-1.5766983032226562,0.9424809780189073,1.0503504090211129
(7)sbw6+2+5.jpg,0,8,0,0,0,0,4,2,0,2,0,0.023322732091473574,0.0002820926143024619,1.0,3.129124877689909,6,0.907520631921207,1.0290268606816277,-13.184539794921875,8.033981323242188,1.26031494140625,0.919249502976263,1.0244600304540075
(0)sbw7+2+1.jpg,1,7,1,2,1,2,0,1,0,0,0,1.0,0.023625438981562774,0.08452288240941068,0.11051761041931361,6,0.766169857504906,0.9514600515377515,-5.63665771484375,-11.266555786132812,37.38926696777344,0.8615127337854179,1.179537593229226
(1)sbw7+2+1.jpg,0,7,1,2,1,2,0,1,0,0,0,0.033677853907792356,0.0007956540825285338,0.49233141247400364,0.64374628136125,2,1.0,1.2418395767176982,-0.5059967041015625,9.617202758789062,0.306854248046875,0.9680130963568034,1.3253522474056334
(2)sbw7+2+1.jpg,0,7,1,2,1,2,0,1,0,0,0,0.038323075136453374,0.0009053994732221247,1.0,1.3075466343420479,2,0.991067138461912,1.2307463957263611,-6.9624176025390625,7.3955535888671875,2.8431854248046875,0.9792951820214773,1.3407990813868824
(3)sbw7+2+1.jpg,1,7,1,2,1,2,0,1,0,0,0,0.6763442108930438,0.01597892888498683,0.08195378889562623,0.10715840084205477,4,0.698763581484049,0.8677522702558942,49.59800720214844,-0.8773956298828125,-11.925117492675781,0.7814898346989887,1.06997447931344
(4)sbw7+2+1.jpg,0,7,1,2,1,2,0,1,0,0,0,0.054929741028916505,0.0012977392449517121,0.4120364217062294,0.5387568364283211,4,0.770068869005882,0.956301998329741,33.84507751464844,-0.8623580932617188,7.217262268066406,0.9327682568688611,1.2770968804063656
(5)sbw7+2+1.jpg,0,7,1,2,1,2,0,1,0,0,0,0.06189757287190802,0.0014623573309920984,0.3675982052747416,0.4806517960971656,3,0.9257980710695464,1.1496926847030668,57.0216064453125,10.932083129882812,6.28973388671875,0.9223337850218057,1.2628105543586772
(0)sbw7+3+2.jpg,0,8,0,0,0,3,3,1,0,1,0,0.008220502901353965,0.00043596131301289567,1.0,6.485057572291178,4,0.9460256628343711,1.0458657153948536,2.4491119384765625,10.496505737304688,1.5377883911132812,0.9934061457925021,1.361548644066179
(1)sbw7+3+2.jpg,1,8,0,0,0,3,3,1,0,1,0,0.7330063553467808,0.038873827667057444,0.04313970918117851,0.27976349769184095,6,0.9717166837963409,1.0742680717718591,2.29412841796875,-2.4717178344726562,4.5865631103515625,0.8478563977960912,1.1620601842171692
(2)sbw7+3+2.jpg,0,8,0,0,0,3,3,1,0,1,0,0.02127659574468085,0.0011283704572098475,0.3096439233894804,2.0080586700908993,5,1.0,1.1055363046509261,-12.997940063476562,8.440475463867188,2.1501388549804688,1.0,1.3705860889153114
(3)sbw7+3+2.jpg,1,8,0,0,0,3,3,1,0,1,0,0.9748549323017408,0.05169988276670574,0.06382653805250812,0.4139187739105488,8,0.9019905772684338,0.9971833296232998,-8.192962646484375,-13.574752807617188,2.91680908203125,0.8159834944788705,1.1183756263172437
(4)sbw7+3+2.jpg,1,8,0,0,0,3,3,1,0,1,0,1.0,0.053033411488862835,0.2621725988746311,1.7002043975791843,5,0.9425592570524802,1.0420334779563214,-5.690032958984375,-6.7807769775390625,-17.55657958984375,0.8659131063963621,1.1868084578362978
(5)sbw7+3+2.jpg,0,8,0,0,0,3,3,1,0,1,0,0.0121580547112462,0.0006447831184056272,0.7815392171178215,5.068326818012447,5,0.9255029270000706,1.023177085859274,31.223556518554688,12.767898559570312,-0.043060302734375,0.9870575453635722,1.3528473406342059
(6)sbw7+3+2.jpg,0,8,0,0,0,3,3,1,0,1,0,0.00853136225476651,0.00045244724501758497,0.3645619663660758,2.3642053405516816,4,0.939732679363583,1.038908593703329,2.534637451171875,14.074005126953125,0.0135040283203125,0.9693797706481992,1.328618428526337
(7)sbw7+3+2.jpg,0,8,0,0,0,3,3,1,0,1,0,0.0053882287924841114,0.0002857561547479484,0.9002480434212662,5.838160390929399,4,0.8198981939225737,0.9064272194991304,16.5384521484375,14.212028503417969,0.8705291748046875,0.976931332214332,1.338968493758466
(0)sjy1+2+1.jpg,0,10,0,0,0,4,1,3,2,0,0,0.07179487179487179,0.0029984606117395085,0.25776938850336795,0.48271873205818044,7,0.6192734358638743,0.6923388369539049,22.86199951171875,12.006973266601562,1.06036376953125,0.9578360222641557,1.5557250807797733
(1)sjy1+2+1.jpg,1,10,0,0,0,4,1,3,2,0,0,1.0,0.04176427280637173,0.45013486955649284,0.8429570894708688,5,0.7474263723721305,0.8356119855761829,-11.603546142578125,-14.324516296386719,3.9890213012695312,0.9499979159553393,1.5429943645746977
(2)sjy1+2+1.jpg,1,10,0,0,0,4,1,3,2,0,0,0.9134615384615384,0.03815005689043571,0.16807286213280806,0.31474613557954895,6,0.3968291944888399,0.4436493591857384,5.6965789794921875,-4.3492431640625,-1.4090423583984375,0.9464807621522248,1.5372817746769705
(3)sjy1+2+1.jpg,0,10,0,0,0,4,1,3,2,0,0,0.021794871794871794,0.0009102469714209223,0.13731545701876663,0.2571474591647353,6,0.4328334339390206,0.4839015835227554,2.228912353515625,10.138046264648438,0.7278213500976562,0.9606271442670787,1.560258443905123
(4)sjy1+2+1.jpg,0,10,0,0,0,4,1,3,2,0,0,0.12171474358974359,0.005083327755839636,0.22926496782060787,0.42933916713030246,7,0.6825092097377373,0.763035526981691,-51.842994689941406,5.964134216308594,0.6809234619140625,0.9746955284640191,1.5831084282787427
(5)sjy1+2+1.jpg,0,10,0,0,0,4,1,3,2,0,0,0.01233974358974359,0.0005153604176427281,0.1177375285041805,0.220484328279575,4,0.4938317905759162,0.5520968731062262,-10.82891845703125,11.930328369140625,-1.3694686889648438,1.0,1.6242081573653009
(6)sjy1+2+1.jpg,0,10,0,0,0,4,1,3,2,0,0,0.014102564102564103,0.0005889833344488321,0.12012730224276442,0.22495960191735256,4,0.3214046335078534,0.35932577964370616,2.59228515625,7.631401062011719,-0.2502593994140625,0.9918603043645661,1.6109875973157584
(7)sjy1+2+1.jpg,0,10,0,0,0,4,1,3,2,0,0,0.03870192307692308,0.001616357673515829,0.2128423072295955,0.39858483301971137,4,0.5720431753547309,0.6395360817633559,23.727699279785156,7.8439178466796875,1.4241256713867188,0.9878690612537122,1.6045049876970814
(8)sjy1+2+1.jpg,0,10,0,0,0,4,1,3,2,0,0,0.01233974358974359,0.0005153604176427281,0.3174700908198768,0.5945188472407149,4,1.0,1.1179856858999704,1.9852981567382812,11.771324157714844,0.6494293212890625,0.9888191328385011,1.6060481017151764
(0)sjy2+1+1.jpg,0,2,0,0,0,1,1,0,0,0,0,0.054449574649758074,0.004428369341563786,0.3779585812545241,0.7554222222884547,5,0.9850185777365635,0.9921478911415428,-45.37987518310547,-5.4974212646484375,3.1840438842773438,1.0,1.5516841726599027
(0)sjy3+8+1.jpg,1,14,0,0,0,3,8,2,0,1,0,0.7270677751162463,0.007084797891036907,0.14717767836708545,0.42208575221076605,4,0.7975200007695334,0.9400636629193985,0.2443084716796875,2.1249160766601562,-1.7730712890625,0.8627102941404678,1.0539493989643587
(1)sjy3+8+1.jpg,1,14,0,0,0,3,8,2,0,1,0,0.7059320839791461,0.00687884446397188,0.18707322210938532,0.5365007965106635,4,0.807362512841622,0.9516653631173724,3.9987640380859375,-3.533905029296875,-2.695709228515625,0.8503050697557175,1.0387942780933928
(2)sjy3+8+1.jpg,1,14,0,0,0,3,8,2,0,1,0,0.6499225024658306,0.00633306788224956,0.04792611843730383,0.1374456505605242,5,0.5975863273656966,0.7043951139430886,2.7124557495117188,-4.0838775634765625,4.170867919921875,0.8487967272079325,1.0369515775571085
(3)sjy3+8+1.jpg,1,14,0,0,0,3,8,2,0,1,0,0.5692193884740031,0.005546669046572935,0.09090903323956091,0.2607148590968324,5,0.8757182223732194,1.0322385382373997,8.447479248046875,-16.11102294921875,20.562728881835938,0.8916160368861161,1.0892627485329383
(4)sjy3+8+1.jpg,0,14,0,0,0,3,8,2,0,1,0,0.02247428490911653,0.00021899714411247805,0.7640639630318997,2.191232503131954,5,0.6827885020898622,0.8048257845000815,-17.534698486328125,-4.188140869140625,-1.4299163818359375,0.9957501411273085,1.2164805148238163
(5)sjy3+8+1.jpg,1,14,0,0,0,3,8,2,0,1,0,0.9135902494011554,0.008902336884885764,0.04489376509996037,0.12874926973999565,8,0.9784166175505324,1.1532925926224604,-5.531524658203125,-15.056488037109375,2.0536651611328125,0.9003921179023718,1.09998424493233
(6)sjy3+8+1.jpg,0,14,0,0,0,3,8,2,0,1,0,0.021699309567422855,0.00021144551845342707,1.0,2.86786526933802,5,0.6427109446482108,0.7575850188602127,-2.2388076782226562,4.008209228515625,2.9923324584960938,0.9978718576192855,1.2190725574094676
(7)sjy3+8+1.jpg,1,14,0,0,0,3,8,2,0,1,0,0.6130054952796956,0.005973335896309315,0.08978791843811254,0.2574996528948178,6,0.7528333044448474,0.8873899501721108,-2.56005859375,-14.393814086914062,7.1611480712890625,0.8992309496476808,1.0985656776653805
(8)sjy3+8+1.jpg,1,14,0,0,0,3,8,2,0,1,0,0.4442017753980555,0.004328454525483304,0.2449854608369156,0.70258529462696,5,0.8757564857876018,1.0322836406115663,0.2642974853515625,-1.529266357421875,-0.5418701171875,0.9168160683867929,1.1200489327646714
(9)sjy3+8+1.jpg,1,14,0,0,0,3,8,2,0,1,0,1.0,0.009744343145869947,0.0646620621913347,0.1854420824023039,4,0.6904485611669359,0.8138549539092806,-10.944969177246094,-7.072105407714844,-0.06829833984375,0.805966632321929,0.9846272305900142
(10)sjy3+8+1.jpg,0,14,0,0,0,3,8,2,0,1,0,0.18444413132309426,0.0017972869068541301,0.2841668666572201,0.8149522875828497,6,1.0,1.1787336518360965,25.58209228515625,-7.612396240234375,-8.081352233886719,0.8941895212502887,1.0924067034819935
(11)sjy3+8+1.jpg,0,14,0,0,0,3,8,2,0,1,0,0.02268564182048753,0.00022105667838312828,0.6623761241572583,1.8996054817093295,5,0.7186255030836644,0.8470680635523596,1.5115585327148438,7.21551513671875,-0.773193359375,1.0,1.2216724503263585
(12)sjy3+8+1.jpg,0,14,0,0,0,3,8,2,0,1,0,0.05579822460194448,0.0005437170474516696,0.5126436906820508,1.4701930360523165,5,0.5206069668756017,0.6136569512365917,49.4571533203125,-12.59832763671875,-21.867294311523438,0.9335483160804275,1.1404902588040218
(13)sjy3+8+1.jpg,0,14,0,0,0,3,8,2,0,1,0,0.0467098774129914,0.00045515707381370827,0.23943056830737305,0.6866546112665797,5,0.6496343726226768,0.7657458963997792,38.98133850097656,3.1011199951171875,-24.444534301757812,0.9517693083625653,1.1627503430927186
(0)timg1+8+1.jpg,1,11,0,0,0,3,5,3,0,0,0,1.0,0.0017333333333333333,0.33058093239832154,1.8509044827463126,4,0.3985733049445407,0.5003215633024356,-8.358871459960938,-1.999847412109375,0.629547119140625,0.9939200531483453,1.4761763422636416
(1)timg1+8+1.jpg,1,11,0,0,0,3,5,3,0,0,0,0.9444444444444444,0.001637037037037037,0.6567424030414875,3.6770646418723887,5,0.45001536608812215,0.5648958138394539,8.652969360351562,2.1449127197265625,-2.30010986328125,0.9764349817418121,1.4502074037445367
(2)timg1+8+1.jpg,0,11,0,0,0,3,5,3,0,0,0,0.3418803418803419,0.0005925925925925926,0.9216333246711994,5.160174362467167,5,1.0,1.255281166840947,30.929397583007812,7.834259033203125,0.10645294189453125,0.9592486006549834,1.4246820819753045
(3)timg1+8+1.jpg,1,11,0,0,0,3,5,3,0,0,0,0.5641025641025641,0.0009777777777777777,0.5692587836194561,3.1872486619234732,6,0.2632692020174146,0.3304768711017052,11.304428100585938,-20.9036865234375,2.43951416015625,0.988871914165172,1.4686788143530067
(4)timg1+8+1.jpg,1,11,0,0,0,3,5,3,0,0,0,0.6410256410256411,0.0011111111111111111,0.8911997225280209,4.98977829568781,5,0.48098700793558136,0.6037739325567124,-3.8846359252929688,2.2784957885742188,7.0586395263671875,0.9776734692567824,1.4520468132262119
(5)timg1+8+1.jpg,1,11,0,0,0,3,5,3,0,0,0,0.7745726495726496,0.0013425925925925925,0.5528117034200102,3.095162363272217,5,0.4005146916301531,0.5027585494464406,-9.098312377929688,-6.4221038818359375,4.0887298583984375,0.9930347755385538,1.4748615223646262
(6)timg1+8+1.jpg,1,11,0,0,0,3,5,3,0,0,0,1.0,0.0017333333333333333,0.9878640564782742,5.530996592012993,4,0.6359414841430462,0.7982853682576465,-10.417694091796875,-2.4932861328125,2.2868270874023438,0.9531235944029027,1.415585183993522
(7)timg1+8+1.jpg,0,11,0,0,0,3,5,3,0,0,0,0.3076923076923077,0.0005333333333333334,0.3763129402157858,2.106955482603568,4,0.356241062891277,0.4471826971028214,15.91278076171875,3.051971435546875,-0.6513824462890625,1.0,1.4852063177392378
(8)timg1+8+1.jpg,1,11,0,0,0,3,5,3,0,0,0,0.7435897435897436,0.001288888888888889,0.680209766917356,3.8084571232262365,5,0.6320669497847938,0.7934217382474542,5.6691131591796875,-1.1458053588867188,-0.42263031005859375,0.9645848289671077,1.4326074819773706
(9)timg1+8+1.jpg,1,11,0,0,0,3,5,3,0,0,0,0.8461538461538461,0.0014666666666666667,0.7576343228899881,4.241952959434106,6,0.6477690242898481,0.8131322566539823,1.648040771484375,-1.7689590454101562,-1.9907684326171875,0.9625670334175708,1.4296106392792922
(10)timg1+8+1.jpg,0,11,0,0,0,3,5,3,0,0,0,0.1762820512820513,0.00030555555555555555,1.0,5.598945073202625,6,0.6733080561964275,0.8451909224256614,-2.0049285888671875,12.881103515625,0.18175506591796875,0.970764433291755,1.4417854693614653
(0)timg2+7+1.jpg,1,8,0,0,0,3,3,2,0,0,0,0.8866359447004608,0.003586875466070097,0.5204722820228673,0.8239034223170197,5,0.8984354930785013,1.0808428411176552,-14.546928405761719,8.294288635253906,-11.90863037109375,1.0,1.1080390985852315
(1)timg2+7+1.jpg,1,8,0,0,0,3,3,2,0,0,0,0.7907834101382488,0.0031991051454138704,0.4471422890792618,0.7078226352481993,4,0.9022820256722475,1.0854703266178445,-34.184478759765625,-3.0460281372070312,4.557334899902344,0.9864317370833242,1.0930049327736706
(2)timg2+7+1.jpg,1,8,0,0,0,3,3,2,0,0,0,1.0,0.0040454884414615954,0.7399133539301136,1.1712768682930572,4,0.7830298998123398,0.9420067084541298,-25.687118530273438,-0.24414825439453125,-3.8939208984375,0.9846371376928053,1.0910164464826784
(3)timg2+7+1.jpg,1,8,0,0,0,3,3,2,0,0,0,0.895852534562212,0.0036241610738255033,0.6920000538855157,1.0954305009748606,6,0.7273224690961544,0.8749891227170247,-9.571578979492188,-3.05609130859375,5.48944091796875,0.9928856725525177,1.1001561456132831
(4)timg2+7+1.jpg,1,8,0,0,0,3,3,2,0,0,0,0.8460829493087557,0.0034228187919463087,0.8147033217486179,1.2896687838070868,6,1.0,1.2030277626434063,2.737640380859375,8.085418701171875,-2.624908447265625,0.9928343493830877,1.1000992775348912
(5)timg2+7+1.jpg,1,8,0,0,0,3,3,2,0,0,0,0.9290322580645162,0.0037583892617449664,0.770449180805346,1.219614835817481,5,0.9411633199131993,1.1322456030372168,-17.195281982421875,-1.0092926025390625,-25.64825439453125,0.9947538970183268,1.102226211366333
(6)timg2+7+1.jpg,1,8,0,0,0,3,3,2,0,0,0,0.7741935483870968,0.003131991051454139,1.0,1.5829919301654973,5,0.855989878898984,1.0297795888572452,-14.32415771484375,-15.423324584960938,5.3157196044921875,0.9906935666864505,1.0977272066054424
(7)timg2+7+1.jpg,0,8,0,0,0,3,3,2,0,0,0,0.567741935483871,0.0022967934377330352,0.8892948254655472,1.4077465322498957,4,0.953906760557401,1.1475763159237895,-7.157264709472656,-3.4062271118164062,-5.897850036621094,0.9830442777404522,1.0892514953769006
(0)timg3+8+1.jpg,0,10,0,4,0,0,4,2,0,0,0,0.17777777777777778,0.0006666666666666666,1.0,2.7778374544729005,6,0.7800796948766218,0.7164958612321644,56.2252197265625,20.303176879882812,5.8613433837890625,0.9869135134840615,1.4222400044654517
(1)timg3+8+1.jpg,1,10,0,4,0,0,4,2,0,0,0,0.5866666666666667,0.0022,0.7313564760084531,2.031589411627592,5,0.6598908075214112,0.6061034988598465,1.478118896484375,1.6144180297851562,3.30950927734375,0.969562117887384,1.3972349269042161
(2)timg3+8+1.jpg,1,10,0,4,0,0,4,2,0,0,0,0.7333333333333333,0.00275,0.41357854852929166,1.1488539824712045,5,0.7792750138292446,0.715756769260095,-12.983673095703125,5.6716156005859375,24.379135131835938,0.9864143925621823,1.4215207218409223
(3)timg3+8+1.jpg,1,10,0,4,0,0,4,2,0,0,0,0.84,0.00315,0.9594901551935796,2.6653076902947412,2,1.0,0.918490592612446,15.132949829101562,2.1608123779296875,-19.562545776367188,0.9570163742907175,1.379155269279553
(4)timg3+8+1.jpg,1,10,0,4,0,0,4,2,0,0,0,0.62,0.002325,0.8393970333437782,2.3317085183957853,5,0.7297507198760301,0.6702691711582941,13.492950439453125,10.907608032226562,4.081901550292969,0.9780786267438275,1.4095080586716169
(5)timg3+8+1.jpg,1,10,0,4,0,0,4,2,0,0,0,0.6372222222222222,0.0023895833333333334,0.45919457324040364,1.2755678844378926,5,0.6849057456075768,0.6290794841667724,-0.2675323486328125,-1.051971435546875,-6.686309814453125,0.988189668756057,1.4240790704575
(6)timg3+8+1.jpg,1,10,0,4,0,0,4,2,0,0,0,0.41888888888888887,0.0015708333333333334,0.7337882841292013,2.038344579307498,2,0.6439579002278877,0.591469273397779,5.8785552978515625,12.116569519042969,4.926383972167969,0.9784138001477436,1.4099910767040678
(7)timg3+8+1.jpg,1,10,0,4,0,0,4,2,0,0,0,1.0,0.00375,0.46234577794640985,1.284321418896948,2,0.7093222968436925,0.6515058567811846,5.534843444824219,4.164299011230469,-27.8575439453125,0.9877748832080521,1.4234813234496957
(8)timg3+8+1.jpg,1,10,0,4,0,0,4,2,0,0,0,0.4766666666666667,0.0017875,0.7430828886466161,2.0641634798604858,2,0.7196732902521646,0.6610131468510596,4.6007080078125,7.3569488525390625,2.3608245849609375,1.0,1.4410989261303904
(9)timg3+8+1.jpg,0,10,0,4,0,0,4,2,0,0,0,0.19166666666666668,0.00071875,0.9724076000470719,2.7011902524248605,6,0.6608509356662668,0.6069853675285989,12.556251525878906,3.5903549194335938,-3.5530853271484375,0.9787870286705498,1.410528935927485
(0)timg7DTK07WQ+5+1.jpg,2,6,0,1,0,1,3,1,0,0,0,0.799140708915145,0.008342443865108065,0.6894499162779395,1.1559960849788993,5,0.8580516166051422,0.8513346192761582,11.239997863769531,1.5062408447265625,16.98876953125,0.9994749222644986,1.0070400163581141
(1)timg7DTK07WQ+5+1.jpg,0,6,0,1,0,1,3,1,0,0,0,0.45112781954887216,0.004709444117399714,1.0,1.6766933430344781,2,0.817143456970695,0.8107466967855851,-34.135169982910156,4.958610534667969,0.9561004638671875,0.9831336224160253,0.9905750280926412
(2)timg7DTK07WQ+5+1.jpg,2,6,0,1,0,1,3,1,0,0,0,0.8796992481203008,0.009183416028929442,0.42568145547898945,0.7137372626548492,5,1.0,0.9921718027225919,24.4158935546875,-8.751014709472656,9.9715576171875,0.9953327434045722,1.002866485062894
(3)timg7DTK07WQ+5+1.jpg,2,6,0,1,0,1,3,1,0,0,0,0.6917293233082706,0.007221147646679561,0.2526668577168769,0.42364483833932715,5,0.5113374762988889,0.5073346256590893,12.681976318359375,-7.694740295410156,15.610519409179688,1.0,1.0075690684429333
(4)timg7DTK07WQ+5+1.jpg,2,6,0,1,0,1,3,1,0,0,0,0.700859291084855,0.0073164578252459846,0.5102260740683484,0.8554926618330163,4,0.6951072772996923,0.6896658404040283,-6.991371154785156,-10.716148376464844,10.494415283203125,0.9984205175943548,1.0059776308268555
(5)timg7DTK07WQ+5+1.jpg,2,6,0,1,0,1,3,1,0,0,0,1.0,0.010439267793569367,0.1858344296595114,0.31158735111671176,6,0.4598285451908807,0.4562289166253429,-19.190872192382812,-0.6248931884765625,-8.07489013671875,0.948577876405029,0.9557577272749911
(0)timgT1IJC2G0+16+2.jpg,0,18,1,0,1,0,4,1,3,5,3,0.25338753387533874,0.0021518987341772153,0.3925881001123299,0.9591321650969687,1,0.9942694447899437,1.074555194493579,36.15596008300781,5.8475189208984375,-0.28227996826171875,0.979787325707928,1.1039491596240427
(1)timgT1IJC2G0+16+2.jpg,1,18,1,0,1,0,4,1,3,5,3,0.4911924119241192,0.004171461449942462,0.4025079117619967,0.9833672614286627,5,0.7823418091878077,0.8455147237375567,13.719337463378906,-0.722320556640625,-5.87872314453125,0.982102655570524,1.1065578956109248
(2)timgT1IJC2G0+16+2.jpg,0,18,1,0,1,0,4,1,3,5,3,0.21680216802168023,0.0018411967779056386,1.0,2.4431004526691855,3,0.9539378582821127,1.0309668935443197,34.80271911621094,1.3582611083984375,-2.0877456665039062,0.9520138114706095,1.0726560954073352
(3)timgT1IJC2G0+16+2.jpg,1,18,1,0,1,0,4,1,3,5,3,0.4518970189701897,0.0038377445339470655,0.12673784479886296,0.3096332859984191,7,0.6491730338012387,0.7015927717095346,-71.41844940185547,2.5491180419921875,-5.9539337158203125,0.9887469361105793,1.1140441609728498
(4)timgT1IJC2G0+16+2.jpg,1,18,1,0,1,0,4,1,3,5,3,0.5250677506775068,0.0044591484464902185,0.23574376574482453,0.5759457008051192,7,0.6492399096604109,0.7016650476929074,-38.986045837402344,-15.071731567382812,0.647674560546875,1.0,1.1267232496872766
(5)timgT1IJC2G0+16+2.jpg,1,18,1,0,1,0,4,1,3,5,3,1.0,0.008492520138089758,0.349750579171779,0.854475798295883,9,0.7978309693933612,0.8622546101380052,-2.5639801025390625,-16.448638916015625,-11.745193481445312,0.9863287722228489,1.1113195594989898
(6)timgT1IJC2G0+16+2.jpg,1,18,1,0,1,0,4,1,3,5,3,0.6517615176151762,0.005535097813578826,0.34883406764391556,0.8522366685672834,8,0.6425449459071166,0.6944294757704811,0.9853591918945312,-11.792167663574219,4.4756927490234375,0.9839784775453053,1.1086714278421852
(7)timgT1IJC2G0+16+2.jpg,1,18,1,0,1,0,4,1,3,5,3,0.6036585365853658,0.005126582278481013,0.6931737331317444,1.6934930611925538,5,0.7983328213181375,0.8627969858445713,-12.765548706054688,-9.895492553710938,4.3213348388671875,0.9688281288059806,1.0916011776767178
(8)timgT1IJC2G0+16+2.jpg,1,18,1,0,1,0,4,1,3,5,3,0.6219512195121951,0.005281933256616801,0.3898281698121987,0.9523893781313828,8,0.6615080007469974,0.7149237685282812,6.28057861328125,-14.031509399414062,1.2530364990234375,0.9771364833178827,1.100962393871922
(9)timgT1IJC2G0+16+2.jpg,1,18,1,0,1,0,4,1,3,5,3,0.7926829268292683,0.006731875719217491,0.307311328278188,0.7507924452268099,9,0.6995817445752232,0.7560719094259241,3.4179229736328125,-9.720260620117188,10.32421875,0.9880012294191728,1.1132039559061948
(10)timgT1IJC2G0+16+2.jpg,1,18,1,0,1,0,4,1,3,5,3,0.6036585365853658,0.005126582278481013,0.5769391068625078,1.4095201931383485,5,1.0,1.0807484833455754,3.85986328125,-4.983146667480469,1.9628219604492188,0.960656153794773,1.0823936234357268
(11)timgT1IJC2G0+16+2.jpg,1,18,1,0,1,0,4,1,3,5,3,0.5853658536585366,0.004971231300345225,0.33701879981160815,0.8233707823777655,5,0.6930863595205321,0.7490520318793212,4.46051025390625,-15.261100769042969,-0.4752044677734375,0.9831067670211362,1.1076892513276069
(12)timgT1IJC2G0+16+2.jpg,1,18,1,0,1,0,4,1,3,5,3,0.5670731707317073,0.004815880322209436,0.4875500882585003,1.1911338413232435,8,0.8457350793300031,0.9140269042980507,1.23541259765625,-12.692276000976562,3.0519332885742188,0.973895294084105,1.0973104706055885
(13)timgT1IJC2G0+16+2.jpg,1,18,1,0,1,0,4,1,3,5,3,0.6829268292682927,0.005799769850402762,0.29534845580391944,0.7215659460697005,7,0.8026173702791076,0.8674275056359596,-0.656524658203125,-8.210205078125,1.0270538330078125,0.9860063422672445,1.1109562701716147
(14)timgT1IJC2G0+16+2.jpg,1,18,1,0,1,0,4,1,3,5,3,0.4911924119241192,0.004171461449942462,0.2674672284675005,0.653449306943123,8,0.7470418020799887,0.8073642945936932,6.2025604248046875,-9.394668579101562,-1.090606689453125,0.9871770400183022,1.112275322546088
(15)timgT1IJC2G0+16+2.jpg,1,18,1,0,1,0,4,1,3,5,3,0.7926829268292683,0.006731875719217491,0.3924218338641967,0.9587259599508909,6,0.6776464166369569,0.732365337024955,6.2229461669921875,-8.728431701660156,5.41302490234375,0.9834686345422499,1.1080969758769523
(16)timgT1IJC2G0+16+2.jpg,1,18,1,0,1,0,4,1,3,5,3,0.7560975609756098,0.006421173762945914,0.2617901265837728,0.6395795767611387,9,0.6261211653445841,0.6766794998367234,4.0207977294921875,-11.608680725097656,2.7509536743164062,0.9833694888080936,1.107985266073171
(0)wlq1+2+2.jpg,1,4,0,2,1,1,0,0,0,0,0,1.0,0.023585873388042203,0.17714067900590505,0.24691135224110844,2,0.9965052867288938,1.0839191586161194,-63.857460021972656,-14.193954467773438,28.546768188476562,0.9695557979244112,1.330134079823143
(1)wlq1+2+2.jpg,0,4,0,2,1,1,0,0,0,0,0,0.13358185771978875,0.003150644783118406,0.3256553140903963,0.4539216763636895,4,0.8290233641456711,0.9017456498274952,-43.430442810058594,12.183563232421875,-17.575035095214844,1.0,1.371900495743148
(2)wlq1+2+2.jpg,0,4,0,2,1,1,0,0,0,0,0,0.11789375582479031,0.0027806271981242674,0.09302007127391505,0.12965803062683878,3,0.6939670382002738,0.7548421249449966,32.907806396484375,12.87103271484375,-11.065498352050781,0.9543825856698751,1.309317942409129
(3)wlq1+2+2.jpg,1,4,0,2,1,1,0,0,0,0,0,0.4254426840633737,0.010034437280187573,1.0,1.3938715467658198,2,1.0,1.0877204296368246,-14.760116577148438,-20.441917419433594,-23.64563751220703,0.9581107465703713,1.31443260819673
(0)wzm1+1+1.jpg,1,3,1,2,0,0,0,0,0,0,0,1.0,0.0035400175901495164,0.4108310250478138,1.7730543938457861,1,0.863712185849456,1.0770178568091102,-15.356826782226562,5.22235107421875,1.4329147338867188,1.0,1.0638814994086312
(1)wzm1+1+1.jpg,0,3,1,2,0,0,0,0,0,0,0,0.11645962732919254,0.00041226912928759896,0.9813556921132378,4.2353106648273275,2,0.9152371834594526,1.1412676652605631,-5.238853454589844,6.1390380859375,8.162261962890625,0.9618510218095188,1.0232955072904348
(2)wzm1+1+1.jpg,0,3,1,2,0,0,0,0,0,0,0,0.09239130434782608,0.0003270668425681618,1.0,4.315775308448121,2,1.0,1.2469638317651723,22.60082244873047,-0.27642822265625,-1.4185028076171875,0.9718585497060743,1.033942331074396
(0)wzm10+2+2.jpg,0,7,0,0,0,1,2,3,0,1,0,0.02837837837837838,0.0014360468573467325,1.0,3.3706996007007506,6,0.7549636274624353,0.8837186173732564,0.588592529296875,10.024246215820312,5.647613525390625,0.9994348368327236,1.2136598624705308
(1)wzm10+2+2.jpg,1,7,0,0,0,1,2,3,0,1,0,1.0,0.050603555925551526,0.1400670263432156,0.4721238697664184,4,1.0,1.170544626558486,-5.841094970703125,7.0031585693359375,1.0456008911132812,0.942675462886171,1.1447343343228504
(2)wzm10+2+2.jpg,0,7,0,0,0,1,2,3,0,1,0,0.07144535840188014,0.0036153891895106143,0.7983508883833824,2.6910010206929567,6,0.7345476072851441,0.8598207546590186,19.2998046875,-6.3668060302734375,-8.526237487792969,0.9933192608069521,1.2062334361695553
(3)wzm10+2+2.jpg,1,7,0,0,0,1,2,3,0,1,0,0.6415981198589894,0.03246714634001308,0.1990401205440635,0.6709044548413041,8,0.9855625964233956,1.1536450013804356,-4.3118438720703125,-5.3635711669921875,-0.6121063232421875,0.9699249664026391,1.1778246644488175
(4)wzm10+2+2.jpg,0,7,0,0,0,1,2,3,0,1,0,0.16139835487661575,0.008167330677290837,0.2721847941298316,0.9174531768902394,5,0.7322671650650728,0.8571513952721369,69.92626953125,-1.0439300537109375,-8.488800048828125,0.9720981930128771,1.180463713851235
(5)wzm10+2+2.jpg,0,7,0,0,0,1,2,3,0,1,0,0.06504112808460634,0.003291312362490337,0.7536287444466973,2.5402561079830903,5,0.7415861266363142,0.8680596556644585,55.06159973144531,5.683502197265625,-3.50677490234375,0.9929264599099659,1.2057564399062215
(6)wzm10+2+2.jpg,0,7,0,0,0,1,2,3,0,1,0,0.025969447708578144,0.00131414639947672,0.8576050148434116,2.8907288810916487,6,0.7482289591028609,0.875835387513303,13.571731567382812,10.91290283203125,0.238983154296875,1.0,1.2143461661959882
(0)wzm10+3+5.jpg,0,8,0,0,0,3,2,1,0,0,2,0.10416666666666667,0.0009514182077659511,0.8876565699138517,0.9739970011469526,6,0.7488749554873702,0.8984399155980989,-22.554977416992188,9.423042297363281,3.850311279296875,0.9987786437117623,1.168068617461398
(1)wzm10+3+5.jpg,0,8,0,0,0,3,2,1,0,0,2,0.109375,0.0009989891181542486,0.6706619800386823,0.735895817685831,9,0.6956467417004049,0.8345809875463848,-38.23202133178711,13.030349731445312,6.7370147705078125,0.97257610536897,1.1374248277400818
(2)wzm10+3+5.jpg,0,8,0,0,0,3,2,1,0,0,2,0.08203125,0.0007492418386156865,0.8269773874865554,0.9074156861210623,9,0.8147109391439319,0.9774246314926561,3.4386749267578125,9.546112060546875,5.5270538330078125,0.98512985243634,1.1521063971481424
(3)wzm10+3+5.jpg,0,8,0,0,0,3,2,1,0,0,2,0.12727864583333334,0.0011625141226140215,1.0,1.0972678332583967,4,0.9570648388796753,1.148209386312513,33.140869140625,12.986480712890625,3.58575439453125,1.0,1.1694969899641656
(4)wzm10+3+5.jpg,1,8,0,0,0,3,2,1,0,0,2,0.7607421875,0.0069483260985907114,0.6179793309211026,0.6780888414382721,5,1.0,1.1997195379746561,7.0420379638671875,9.086677551269531,2.3478927612304688,0.992691832995925,1.1609501106507447
(5)wzm10+3+5.jpg,1,8,0,0,0,3,2,1,0,0,2,1.0,0.009133614794553132,0.3993935888405934,0.4382417378444129,5,0.9964080357398959,1.1954101882721027,6.151679992675781,8.334320068359375,0.38214111328125,0.9796317802930761,1.1456764183259893
(6)wzm10+3+5.jpg,1,8,0,0,0,3,2,1,0,0,2,0.6640625,0.0060652910745079384,0.3803495104888914,0.41734528325503767,4,0.8193658247611348,0.9830091887146518,-0.760894775390625,4.4637451171875,-4.8780670166015625,0.9994836984789004,1.1688931768893258
(7)wzm10+3+5.jpg,0,8,0,0,0,3,2,1,0,0,2,0.07161458333333333,0.0006541000178390914,0.8076728479264478,0.886233435825892,4,0.8694747053071148,1.043125791731702,20.16619873046875,12.993255615234375,1.6962890625,0.9973350257513872,1.1663803106020811
(0)wzm11+3+1.jpg,1,4,2,2,0,0,0,0,0,0,0,1.0,0.009633109353630254,0.8778610770070053,1.6352450480483862,1,0.9720497194214034,1.137221827195761,-11.593711853027344,4.409202575683594,1.3797149658203125,0.986879423152971,1.2008745291768101
(1)wzm11+3+1.jpg,0,4,2,2,0,0,0,0,0,0,0,0.5037037037037037,0.004852232859606351,1.0,1.8627606245211588,1,0.8250495157253374,0.9652431342283936,16.640045166015625,-6.160774230957031,1.5565032958984375,1.0,1.2168401741928596
(2)wzm11+3+1.jpg,1,4,2,2,0,0,0,0,0,0,0,0.8922839506172839,0.008595468870785515,0.4009651952731557,0.7469021775582719,2,1.0,1.169921460265092,3.5993728637695312,2.521484375,-3.5725479125976562,0.9833947278081625,1.1966342118864242
(3)wzm11+3+1.jpg,1,4,2,2,0,0,0,0,0,0,0,0.8558641975308642,0.00824463340667182,0.42658932772613806,0.7946338025292022,2,0.915401557548359,1.0709479269359157,0.4801025390625,0.6895294189453125,2.55462646484375,0.9906449589101306,1.2054565843634817
(0)wzm12+1+1.jpg,0,2,0,0,0,0,1,1,0,0,0,0.21568627450980393,0.0020931200570850923,1.0,1.0040672071362573,6,0.8286394064420387,1.0856224326260808,-16.859107971191406,11.303146362304688,-1.44525146484375,1.0,1.1157145395798074
(1)wzm12+1+1.jpg,1,2,0,0,0,0,1,1,0,0,0,1.0,0.009704465719212702,0.5210667853902591,0.5231860719382649,5,1.0,1.3101264846761997,-6.108154296875,5.283477783203125,0.1995849609375,0.993030104560973,1.1079381258991339
(0)wzm13+1+3.jpg,0,6,0,0,0,3,3,0,0,0,0,0.07279693486590039,0.0013557709460664804,0.28551726275600864,0.6286296138212868,4,0.9880987334087175,1.1147662986067857,18.574325561523438,11.747589111328125,2.4747390747070312,0.9950945051522291,1.0447112442374955
(1)wzm13+1+3.jpg,0,6,0,0,0,3,3,0,0,0,0,0.037994891443167304,0.0007076172920259261,0.31668755277017935,0.6972579243660344,4,0.8190163403219516,0.9240086879268562,-2.8685760498046875,11.367759704589844,0.5449447631835938,0.9822408332405628,1.0312166711026522
(2)wzm13+1+3.jpg,0,6,0,0,0,3,3,0,0,0,0,0.032567049808429116,0.0006065291074507939,0.5516135852284411,1.2144997178578931,5,0.6307800518160823,0.7116417821650523,-6.367454528808594,10.207138061523438,-1.2332382202148438,0.9900902485978754,1.0394574687776637
(3)wzm13+1+3.jpg,0,6,0,0,0,3,3,0,0,0,0,0.06896551724137931,0.001284414580484034,1.0,2.2017219125503034,5,0.9962064551303724,1.1239133753392934,-4.29949951171875,-9.296066284179688,-7.389884948730469,0.9880380065617473,1.0373028992167435
(4)wzm13+1+3.jpg,0,6,0,0,0,3,3,0,0,0,0,0.06896551724137931,0.001284414580484034,0.4876280413585685,1.073621343833146,4,1.0,1.1281932269674042,-11.894233703613281,10.048980712890625,4.4012603759765625,1.0,1.049861333600346
(5)wzm13+1+3.jpg,1,6,0,0,0,3,3,0,0,0,0,1.0,0.018624011417018492,0.10223873963844109,0.22510127337348101,5,0.9778023002770933,1.1031499324857645,-6.258049011230469,-12.383705139160156,2.671417236328125,0.9700826689221802,1.018452284497223
(0)wzm2+1+1.jpg,0,2,0,0,0,0,1,1,0,0,0,0.43478260869565216,0.0011177694290061167,1.0,2.893461655601833,6,0.7921299399817746,1.2028414793981392,14.529159545898438,12.8807373046875,0.6674041748046875,0.9790062335725928,1.0775273280214992
(0)wzm3+1+1.jpg,1,2,0,0,0,1,1,0,0,0,0,1.0,0.02090146875185824,1.0,0.5632770801609743,5,1.0,1.398836398761415,5.6766815185546875,-8.968841552734375,-7.195655822753906,1.0,1.0368425586600658
(1)wzm3+1+1.jpg,0,2,0,0,0,1,1,0,0,0,0,0.2128022759601707,0.004447880121305822,0.9645889104931863,0.5433308250582574,4,0.5733180088221324,0.8019780988058167,-4.2824249267578125,1.8387603759765625,5.9134063720703125,0.999058937376113,1.0358668248812555
(0)wzm4+1+2.jpg,0,3,0,2,0,1,0,0,0,0,0,0.1461187214611872,0.0028542546232978535,1.0,2.672088815001333,4,0.6211040124941372,0.7310900530768375,-29.517051696777344,5.786201477050781,6.982086181640625,0.9894252149177118,1.0311427560468776
(1)wzm4+1+2.jpg,0,3,0,2,0,1,0,0,0,0,0,0.1589041095890411,0.0031040019028364153,0.33758921670780834,0.9020683700299957,2,0.4917176658012037,0.5787917758667096,3.4893035888671875,3.6528167724609375,9.107742309570312,1.0,1.0421634101296229
(2)wzm4+1+2.jpg,1,3,0,2,0,1,0,0,0,0,0,1.0,0.019533805078194685,0.2936619068335189,0.7846906966418093,2,1.0,1.177081516735071,41.6663818359375,-35.58863067626953,-40.98045349121094,0.9737932394757971,1.0148516832132692
(0)wzm5+3+1.jpg,1,4,0,1,0,1,1,0,0,1,0,0.6612424409015942,0.0356903355983502,1.0,0.5044174947636689,2,0.7340744916917454,0.8826100659836433,-6.535026550292969,3.2298431396484375,-3.357330322265625,0.9841164801433515,1.1763583679762424
(1)wzm5+3+1.jpg,1,4,0,1,0,1,1,0,0,1,0,0.600329851566795,0.03240259932939676,0.6072099035156897,0.3062872983270733,5,0.7828209594830208,0.9412200894086146,13.077896118164062,5.891349792480469,7.689483642578125,0.99079428406891,1.1843406451619582
(2)wzm5+3+1.jpg,0,4,0,1,0,1,1,0,0,1,0,0.19125893347993403,0.010323135811993709,0.5402344395476087,0.2725037025816595,4,0.40154940417192025,0.4828005197334887,-83.47880554199219,-0.1111602783203125,-8.518760681152344,0.949976241161037,1.135549016012434
(3)wzm5+3+1.jpg,1,4,0,1,0,1,1,0,0,1,0,1.0,0.05397465950565265,0.967511384635886,0.48802966879336207,8,1.0,1.2023440072813092,10.715309143066406,8.076576232910156,0.42061614990234375,1.0,1.1953446484352015
(0)wzm6+2+2.jpg,0,4,0,0,0,0,3,1,0,0,0,0.3009049773755656,0.0007908663852054468,0.17116221622516647,0.5944202888988829,6,0.6725309451097732,0.9284115100732361,-4.6626739501953125,10.5504150390625,1.1501541137695312,0.9998088892883639,1.0905593751399514
(1)wzm6+2+2.jpg,1,4,0,0,0,0,3,1,0,0,0,0.8144796380090498,0.00214069096747339,0.3342457750679486,1.1607846320343926,5,0.9702922747964414,1.3394632954906223,10.805168151855469,3.4662017822265625,1.6976394653320312,0.9984775880402904,1.0891072345631103
(2)wzm6+2+2.jpg,1,4,0,0,0,0,3,1,0,0,0,1.0,0.00262829279895344,0.34034927572938295,1.1819811595535945,5,1.0,1.3804740388885706,3.6850662231445312,2.6546478271484375,3.5998992919921875,1.0,1.090767832556661
(3)wzm6+2+2.jpg,0,4,0,0,0,0,3,1,0,0,0,0.20361990950226244,0.0005351727418683475,1.0,3.472847582885431,5,0.8882720810522652,1.2262365473621761,21.318984985351562,1.8641204833984375,-1.058563232421875,0.9882299135971006,1.0779294009219658
(0)wzm7+4+2.jpg,1,6,0,0,0,1,3,1,1,0,0,0.7864028411973617,0.006458333333333333,0.9853271867099962,2.768622544028465,5,1.0,0.7870511200614559,-7.762672424316406,6.149665832519531,24.636581420898438,0.9663839804087556,1.6845527314360447
(1)wzm7+4+2.jpg,0,6,0,0,0,1,3,1,1,0,0,0.15169964485032977,0.0012458333333333334,0.9488804214528348,2.666212565587883,4,0.7371354924858287,0.5801633149980244,2.6280441284179688,11.2869873046875,-1.187835693359375,0.9996319335618382,1.7425089180390068
(2)wzm7+4+2.jpg,1,6,0,0,0,1,3,1,1,0,0,0.8668188736681888,0.00711875,0.5336792363873462,1.4995591160693114,5,0.6267163063276884,0.49325777085598566,4.2055206298828125,-6.7486419677734375,-7.2217559814453125,0.9841393789725349,1.7155030635552702
(3)wzm7+4+2.jpg,1,6,0,0,0,1,3,1,1,0,0,1.0,0.0082125,0.6653105800019412,1.8694235736298304,6,0.983832069939114,0.7743261325979602,-2.8296890258789062,-6.555450439453125,-0.88018798828125,0.9850834345659997,1.717148694547545
(4)wzm7+4+2.jpg,1,6,0,0,0,1,3,1,1,0,0,0.7077625570776256,0.0058125,1.0,2.8098509625750667,5,0.9097917929830583,0.7160526496900362,3.8717880249023438,-5.1203460693359375,-7.2303619384765625,1.0,1.7431505132395946
(5)wzm7+4+2.jpg,0,6,0,0,0,1,3,1,1,0,0,0.4317605276509386,0.003545833333333333,0.40021806353274814,1.1245531110574216,7,0.56531842135084,0.44493449671555263,36.2928466796875,7.03204345703125,3.263214111328125,0.942932870583184,1.6436739173075614
(0)wzm8+1+2.jpg,1,3,0,0,0,1,2,0,0,0,0,1.0,0.006826425640720699,0.38172711751721317,1.8036671396145507,5,1.0,1.1816960793176159,1.918365478515625,3.866790771484375,-1.37890625,1.0,1.0265072749087725
(1)wzm8+1+2.jpg,0,3,0,0,0,1,2,0,0,0,0,0.11106271777003485,0.0007581613843134923,0.996686037753808,4.709358524229309,4,0.7955765290047224,0.9401296651219981,21.288986206054688,10.888252258300781,2.4737091064453125,0.9829650773136396,1.009020802843715
(0)wzm9+2+2.jpg,0,10,0,4,0,4,1,1,0,0,0,0.10285179990649837,0.001962300053517274,0.31733890699941447,0.684329418694574,2,0.7930950910432719,1.1671895724179358,3.792449951171875,8.550361633300781,-1.6585693359375,0.9903278473569572,1.1401098967071228
(1)wzm9+2+2.jpg,1,10,0,4,0,4,1,1,0,0,0,1.0,0.01907890824760659,0.469822777762398,1.0131551514929906,6,1.0,1.4716893164507723,21.311256408691406,-5.367164611816406,-4.289093017578125,0.9482316533351023,1.0916468674728044
(2)wzm9+2+2.jpg,1,10,0,4,0,4,1,1,0,0,0,0.6256817827645317,0.011937325325563419,1.0,2.1564623927309254,5,0.939027316515058,1.3819564695706485,-10.835830688476562,-7.5819244384765625,1.3896484375,0.9817750242521871,1.1302635026139363
(3)wzm9+2+2.jpg,0,10,0,4,0,4,1,1,0,0,0,0.2187938288920056,0.0041743473865731105,0.14105348580584656,0.3041765375039135,2,0.6019153292685847,0.8858323594925248,-8.638900756835938,13.309783935546875,5.678802490234375,0.9945344794827972,1.1449527605438574
(4)wzm9+2+2.jpg,0,10,0,4,0,4,1,1,0,0,0,0.09817671809256662,0.0018731045965392162,0.26363142145046004,0.5685112459001139,4,0.8839642906727447,1.3009208027070633,3.064178466796875,5.630828857421875,0.1429595947265625,0.9736602967952366,1.1209214639068135
(5)wzm9+2+2.jpg,0,10,0,4,0,4,1,1,0,0,0,0.09973507869721053,0.0019028364155319023,0.5343068658780703,1.152212662443985,2,0.5389304124906619,0.7931381303729149,2.64532470703125,0.16778564453125,-0.5364227294921875,1.0,1.1512449132374822
(6)wzm9+2+2.jpg,0,10,0,4,0,4,1,1,0,0,0,0.2300140252454418,0.00438841648332045,0.5203199408879071,1.1220503847127496,4,0.8767830432540341,1.2903522376021574,-28.820083618164062,7.095176696777344,-30.486190795898438,0.9901755826272722,1.1399346027116075
(7)wzm9+2+2.jpg,0,10,0,4,0,4,1,1,0,0,0,0.14212248714352502,0.002711541892132961,0.6189003340660416,1.334635295262025,4,0.8625550223043608,1.2694130111762851,40.18177795410156,-6.2889251708984375,-6.2581939697265625,0.9843251754455865,1.1331993512033238
(0)wzm9+2+3.jpg,1,5,0,0,0,1,3,1,0,0,0,0.9444444444444444,0.0011625141226140215,0.5382448592031748,1.2989622933143319,5,0.967887096468637,1.3091111034745415,-0.86810302734375,2.990997314453125,-3.6771316528320312,1.0,1.1696231913882236
(1)wzm9+2+3.jpg,0,5,0,0,0,1,3,1,0,0,0,0.5024154589371981,0.0006184218350478683,1.0,2.4133296790559857,5,0.8594456266759528,1.1624391076388145,12.125335693359375,11.231163024902344,4.2700042724609375,0.9792158888744039,1.1453136130033363
(2)wzm9+2+3.jpg,0,5,0,0,0,1,3,1,0,0,0,0.463768115942029,0.0005708509246595707,0.357624999149457,0.8630670244197562,4,0.7230961644934172,0.9780202890109092,-13.818069458007812,14.094161987304688,-2.2670440673828125,0.9907288267644961,1.1587794121606005
(3)wzm9+2+3.jpg,0,5,0,0,0,1,3,1,0,0,0,0.5410628019323671,0.0006659927454361658,0.6764036736304794,1.6323850605949346,6,0.7414120725538791,1.0027933836204481,20.09197998046875,12.958465576171875,-1.3317031860351562,0.9855185875600895,1.1526853955544463
(4)wzm9+2+3.jpg,1,5,0,0,0,1,3,1,0,0,0,1.0,0.0012308973062971993,0.67170230097761,1.6210390984394625,5,1.0,1.3525452588952471,-6.741920471191406,-0.6919403076171875,-1.2794265747070312,0.9845808950526937,1.1515886486514053
(0)xwq1+2+1.jpg,1,3,0,1,0,0,1,1,0,0,0,0.9838468654379847,0.20553606469643812,0.26654054838048974,0.5388774148149817,5,1.0,1.0306646445837442,-10.495880126953125,0.13311767578125,8.623550415039062,0.949993298825497,1.0603933790790676
(1)xwq1+2+1.jpg,1,3,0,1,0,0,1,1,0,0,0,1.0,0.20891062615210798,0.3277984169500926,0.6627252948183675,6,0.85081170187123,0.8769015403168019,6.4072113037109375,-12.246910095214844,-8.057624816894531,0.9095606614037511,1.015262007022306
(2)xwq1+2+1.jpg,0,3,0,1,0,0,1,1,0,0,0,0.03266206503949334,0.00682345245882143,1.0,2.0217464775593093,2,0.9809792452518583,1.0110606251515362,-3.7378158569335938,-11.381134033203125,1.1476821899414062,1.0,1.1162114305333115
(0)xwq2+1+2.jpg,1,3,0,0,2,0,1,0,0,0,0,1.0,0.0385,0.13199291224224027,0.1344000352509451,5,0.9571827754439232,0.7689428924967987,-22.162933349609375,-22.327346801757812,11.749671936035156,0.899842204708333,1.0452793687430888
(1)xwq2+1+2.jpg,0,3,0,0,2,0,1,0,0,0,0,0.05757575757575758,0.0022166666666666667,0.929761293294399,0.946717126480235,3,1.0,0.8033396674320404,-22.19305419921875,7.0272369384765625,10.847236633300781,1.0,1.1616251863646432
(2)xwq2+1+2.jpg,0,3,0,0,2,0,1,0,0,0,0,0.06282467532467532,0.00241875,1.0,1.0182367595942359,3,0.9524650831037451,0.7651529831011933,-4.4517669677734375,6.374519348144531,-0.48724365234375,0.9624126149176667,1.1179627331634183
(0)xxa+1+1.jpg,0,5,0,0,0,4,1,0,0,0,0,0.12116228070175439,0.00014210390946502058,1.0,3.9153050795346327,4,0.8091633967872568,1.020349836258773,0.49884033203125,8.181953430175781,0.675750732421875,0.9758531373476577,1.3495962473107523
(1)xxa+1+1.jpg,0,5,0,0,0,4,1,0,0,0,0,0.34210526315789475,0.00040123456790123454,0.3607531038637869,1.41245846001577,4,0.7131863653314621,0.899323417219862,46.09783935546875,10.001953125,-4.6591339111328125,0.9792745919765127,1.3543280887638598
(2)xxa+1+1.jpg,0,5,0,0,0,4,1,0,0,0,0,0.09649122807017543,0.00011316872427983539,0.669397905617934,2.6208970200957418,4,0.7973367851748796,1.0054365551216162,-3.278594970703125,6.0997161865234375,-0.6031723022460938,1.0,1.3829911445270529
(3)xxa+1+1.jpg,1,5,0,0,0,4,1,0,0,0,0,1.0,0.0011728395061728395,0.3150224428795744,1.2334089707738063,5,1.0,1.260993564847374,7.881935119628906,-0.22808837890625,-1.9318771362304688,0.970482770630231,1.3421690776976885
(4)xxa+1+1.jpg,0,5,0,0,0,4,1,0,0,0,0,0.08442982456140351,9.902263374485597e-05,0.28610137773042515,1.1201741774897904,4,0.6215514785687444,0.7837724146965572,1.213348388671875,7.120079040527344,0.2298583984375,0.9894289464266672,1.3683714710468127
(0)xyw1+1+1.jpg,1,2,0,0,0,2,0,0,0,0,0,1.0,0.002197265625,1.0,2.7622070405782906,4,1.0,0.5722574518570589,17.035186767578125,3.5949554443359375,7.662986755371094,1.0,1.415885701637283
(1)xyw1+1+1.jpg,0,2,0,0,0,2,0,0,0,0,0,0.4740740740740741,0.0010416666666666667,0.791433749326509,2.186103874540957,4,0.6596049702266099,0.3774638594941309,-11.36431884765625,7.0847625732421875,-3.5596466064453125,0.9884674796536337,1.399556970975022
(0)xyw2+1+1.jpg,1,3,1,1,1,0,0,0,0,0,0,1.0,0.03431666666666667,0.49382419703114894,0.44634542421153056,2,0.9699454527767425,1.0409087755391706,24.192581176757812,-33.52348327636719,-16.09119415283203,0.8531429848904197,0.9299409315611871
(1)xyw2+1+1.jpg,0,3,1,1,1,0,0,0,0,0,0,0.225412821758135,0.0077354166666666665,0.49786393864159845,0.4499967644934798,3,1.0,1.0731621789238515,84.25213623046875,-16.409225463867188,-33.265625,0.9644336834255658,1.0512497598617117
(0)xyw3+2+2.jpg,1,4,1,0,0,1,2,0,0,0,0,0.5531914893617021,0.004860389899409513,0.9217120276598652,1.4886162175242337,5,0.9147341670394199,1.2660124595890276,26.182815551757812,-2.8282241821289062,4.6121063232421875,0.9887229756555158,1.0568053576377903
(1)xyw3+2+2.jpg,1,4,1,0,0,1,2,0,0,0,0,1.0,0.008786089433547965,1.0,1.6150556495434714,5,1.0,1.3840222713955646,28.072647094726562,-0.255401611328125,10.228530883789062,0.9855591975471714,1.0534237252315455
(2)xyw3+2+2.jpg,0,4,1,0,0,1,2,0,0,0,0,0.19317798041202297,0.001697279012492211,0.9417144626261518,1.5209212631211606,1,0.7572710929364449,1.0480800581081,6.8595733642578125,10.464500427246094,6.072944641113281,0.9895403538910962,1.057679019644082
(3)xyw3+2+2.jpg,0,4,1,0,0,1,2,0,0,0,0,0.2407970280310706,0.002115664223613543,0.8900273513144371,1.4374437019885937,4,0.8414963925757137,1.164649748623813,51.95256042480469,2.4845123291015625,7.267547607421875,1.0,1.0688589055363424
(0)yqw1+1+1.jpg,0,4,0,0,0,0,1,3,0,0,0,0.1375,0.0005222396961514495,0.4941350860199806,0.2561820404310927,6,0.7658034222735045,0.7967040879805968,1.9411468505859375,9.552268981933594,-0.3282623291015625,1.0,1.138030586541907
(1)yqw1+1+1.jpg,1,4,0,0,0,0,1,3,0,0,0,1.0,0.003798106881101451,0.3036733001938441,0.15743801213289482,5,1.0,1.0403506497990762,-4.950019836425781,11.1629638671875,1.6341476440429688,0.9641532549376778,1.0972358942330143
(2)yqw1+1+1.jpg,0,4,0,0,0,0,1,3,0,0,0,0.225,0.0008545740482478265,1.0,0.5184453556911235,6,0.8806985890594347,0.9162353494051124,21.17596435546875,8.933280944824219,2.64447021484375,0.9743571930853203,1.108848287948213
(3)yqw1+1+1.jpg,0,4,0,0,0,0,1,3,0,0,0,0.12890625,0.0004895997151419839,0.5634655281823865,0.2921260861782041,6,0.7424890454225349,0.77244896087403,2.39898681640625,8.690933227539062,-0.7792282104492188,0.9828414697779152,1.1185036543290707
(0)yqy1+2+1.jpg,0,4,0,0,0,0,2,2,0,0,0,0.9747126436781609,0.020316666666666667,0.304335224598258,0.9431926146861936,5,0.865148524611837,0.8164723262441423,4.543510437011719,-14.560562133789062,-10.549522399902344,0.9699204670460961,1.2137545926872628
(1)yqy1+2+1.jpg,1,4,0,0,0,0,2,2,0,0,0,1.0,0.02084375,0.2960899804538527,0.9176390383837673,5,1.0,0.9437365989966475,0.6529541015625,-2.0090789794921875,6.0335845947265625,0.9770082440743628,1.2226242085086527
(2)yqy1+2+1.jpg,0,4,0,0,0,0,2,2,0,0,0,0.2518740629685157,0.00525,0.23537427655310042,0.729469549984063,6,0.8243067726335248,0.7779284701350655,-61.92526626586914,-2.128936767578125,15.6356201171875,0.9648257601653366,1.207379096875993
(3)yqy1+2+1.jpg,0,4,0,0,0,0,2,2,0,0,0,0.05217391304347826,0.0010875,1.0,3.0991897698706032,6,0.798906698260825,0.7539574903323119,11.666412353515625,1.7419281005859375,1.363189697265625,1.0,1.2513959999047821
(0)yqy10+4+1.jpg,0,7,0,0,0,3,3,1,0,0,0,0.1369770580296896,0.0024110218140068885,0.8020429418858732,0.6923226560232054,4,0.855785118569556,0.9116136698821053,10.477432250976562,14.979293823242188,0.315460205078125,0.969515838076279,1.1652079468099803
(1)yqy10+4+1.jpg,1,7,0,0,0,3,3,1,0,0,0,1.0,0.017601646937725167,0.10067100040450751,0.0868991057020976,4,1.0,1.0652366465613081,-4.7555694580078125,-1.2791290283203125,7.83935546875,0.8777090035742053,1.0548703443366225
(2)yqy10+4+1.jpg,1,7,0,0,0,3,3,1,0,0,0,0.7530364372469636,0.013254681499663487,0.48338617379031923,0.4172584561825481,5,0.6052191163871682,0.6447015819750652,-1.4061813354492188,-6.564582824707031,-16.313858032226562,0.928424461244004,1.115822473205615
(3)yqy10+4+1.jpg,1,7,0,0,0,3,3,1,0,0,0,0.7309941520467836,0.012866700977869275,0.16296176536886395,0.1406684310008632,5,0.719595599359589,0.7665396031420832,-22.017005920410156,-0.188385009765625,9.460601806640625,0.8835386285660972,1.061876651093769
(4)yqy10+4+1.jpg,0,7,0,0,0,3,3,1,0,0,0,0.16734143049932523,0.002945484777702997,0.7574282506103656,0.6538112996500824,6,0.6156931643621818,0.6558589217158909,18.643524169921875,7.823089599609375,-0.200836181640625,0.9495586331134092,1.1412224760156169
(5)yqy10+4+1.jpg,0,7,0,0,0,3,3,1,0,0,0,0.10706252811515969,0.0018844768201433152,1.0,0.86319898831766,4,0.7155443874232411,0.7622241037244988,3.1802978515625,11.680694580078125,-0.0971832275390625,1.0,1.2018451901951341
(6)yqy10+4+1.jpg,1,7,0,0,0,3,3,1,0,0,0,0.672514619883041,0.011837364899639732,0.49577089732099,0.42794893700481706,5,0.6659856387358507,0.7094323084649685,-2.355987548828125,7.389793395996094,-3.952880859375,0.9422789904762575,1.1324734725258168
(0)yqy11+5+1.jpg,0,6,0,0,0,1,3,2,0,0,0,0.07969348659003832,0.0008234688625836336,1.0,1.325780645296184,6,0.7479819892619023,0.9384257264659497,-30.611846923828125,11.629302978515625,0.5963897705078125,0.9926602038598792,1.0525542622851227
(1)yqy11+5+1.jpg,1,6,0,0,0,1,3,2,0,0,0,0.8122605363984674,0.008393048022487035,0.25697931809234714,0.34069820616824525,6,0.8490175394369552,1.0651859438683398,-12.204444885253906,-11.43572998046875,1.637451171875,0.9905374521935407,1.050303430323199
(2)yqy11+5+1.jpg,1,6,0,0,0,1,3,2,0,0,0,1.0,0.010332950631458095,0.4182244702643819,0.5544739080657669,4,1.0,1.2546100573784864,-9.272529602050781,6.4591522216796875,-2.092742919921875,0.9899435972192017,1.0496737439693096
(3)yqy11+5+1.jpg,1,6,0,0,0,1,3,2,0,0,0,0.9885057471264368,0.01021418108397007,0.6902264605916492,0.9150888823236977,5,0.9343035346268078,1.172186611187062,5.5995330810546875,-8.13043212890625,-10.0146484375,0.9888156471739961,1.0484777368934648
(4)yqy11+5+1.jpg,1,6,0,0,0,1,3,2,0,0,0,0.8896551724137931,0.009192762975573063,0.2496021757144329,0.33091773358601234,5,0.9750806955195502,1.2233460473544375,-13.226547241210938,-2.9837646484375,7.9169464111328125,1.0,1.060336919111243
(5)yqy11+5+1.jpg,1,6,0,0,0,1,3,2,0,0,0,0.9390804597701149,0.009703472029771567,0.6115134781198945,0.8107327336291077,5,0.9154261141991953,1.1485028096612173,-5.332183837890625,-0.18129730224609375,-6.6077728271484375,0.9971585432684549,1.0573240176347285
(0)yqy12+2+2.jpg,0,4,0,1,2,0,1,0,0,0,0,0.06470588235294118,0.0015677580268419178,1.0,1.6819940889476086,3,0.6348183462687423,0.6235817722993756,-22.03522491455078,10.3531494140625,7.0220489501953125,1.0,1.2737286696240173
(1)yqy12+2+2.jpg,0,4,0,1,2,0,1,0,0,0,0,0.12663398692810457,0.0030682133101072886,0.2729619595552765,0.4591204024795313,3,0.5493411663192849,0.5396175773807388,8.767440795898438,10.3494873046875,4.2978363037109375,0.9816451700748026,1.2503495965222207
(2)yqy12+2+2.jpg,1,4,0,1,2,0,1,0,0,0,0,0.7633986928104575,0.018496377528801615,0.49027989331018984,0.8246478824776036,5,1.0,0.9822995443729506,11.263931274414062,-4.033576965332031,-11.701309204101562,0.9557867505031155,1.217412986162596
(3)yqy12+2+2.jpg,1,4,0,1,2,0,1,0,0,0,0,1.0,0.02422898768755691,0.2424322157452354,0.40776955385395736,2,0.9006264198749977,0.884684921893452,5.439353942871094,-6.404472351074219,1.0478973388671875,0.9698461635531079,1.2353208636424573
(0)yqy13+2+2.jpg,1,8,0,1,0,4,2,1,0,0,0,1.0,0.06126925056415535,0.3771733615156298,0.61028385365449,6,1.0,0.8520046940213442,31.411895751953125,-0.5175933837890625,-3.415313720703125,0.9459654214964539,1.2047924566263155
(1)yqy13+2+2.jpg,0,8,0,1,0,4,2,1,0,0,0,0.044068234685965366,0.002700027712894414,1.0,1.618046012587239,5,0.5090686371548336,0.4337288684349668,54.52252197265625,2.476837158203125,-12.099502563476562,0.9836198856429436,1.2527496158745164
(2)yqy13+2+2.jpg,0,8,0,1,0,4,2,1,0,0,0,0.11844145774101836,0.0072568193515182705,0.2590096621069776,0.41908955099376316,4,0.7141448361450728,0.6084547526067058,-14.86822509765625,-0.8359451293945312,3.4302291870117188,0.9603860640894629,1.2231587531324575
(3)yqy13+2+2.jpg,1,8,0,1,0,4,2,1,0,0,0,0.5892995606099768,0.03610594243635932,0.5997903983091576,0.9704884623722443,2,0.9796110437257733,0.8346332075695071,20.96026611328125,-5.175590515136719,-6.9202423095703125,0.9509133591010457,1.211094206950804
(4)yqy13+2+2.jpg,0,8,0,1,0,4,2,1,0,0,0,0.04458516412509692,0.0027316995922245534,0.9334599886732496,1.5103812125824807,5,0.5149737638992342,0.438760064139987,49.389892578125,-9.030380249023438,-19.524932861328125,0.9770876567257532,1.2444300938861361
(5)yqy13+2+2.jpg,0,8,0,1,0,4,2,1,0,0,0,0.1046782114241406,0.0064135555643533,0.3600328420534328,0.5825497044850081,4,0.6551673726178842,0.5582056768400684,-33.4249267578125,1.5572662353515625,7.003257751464844,0.949494405741876,1.2092870116087926
(6)yqy13+2+2.jpg,0,8,0,1,0,4,2,1,0,0,0,0.07417937451537865,0.004544914683875054,0.28578357514019337,0.46241097421851546,4,0.5358774056757796,0.45657006505574427,65.1756591796875,7.280029296875,4.176704406738281,1.0,1.2736115181889152
(7)yqy13+2+2.jpg,0,8,0,1,0,4,2,1,0,0,0,0.1232876712328767,0.007553743220238331,0.30253072859437846,0.4895086390872463,4,0.4316435527763316,0.36776233310948436,74.89508056640625,-39.30044174194336,-14.22467041015625,0.9404171814595174,1.1977261542095965
(0)yqy14+1+1.jpg,0,4,1,0,1,1,1,0,0,0,0,0.01478494623655914,0.0006653570586533482,0.6672088302042322,1.3689209985136452,3,0.993594871996476,1.084584679094027,-13.701324462890625,8.56695556640625,-0.602294921875,1.0,1.4991044993212475
(1)yqy14+1+1.jpg,0,4,1,0,1,1,1,0,0,0,0,0.11945778997940974,0.005375879120709412,1.0,2.051712951842408,1,1.0,1.0915763654402937,-9.173133850097656,-0.41063690185546875,1.5376968383789062,0.9072727952277805,1.3600967294377306
(2)yqy14+1+1.jpg,1,4,1,0,1,1,1,0,0,0,0,1.0,0.045002331967099185,0.15379470099698006,0.31554257996023455,5,0.9538273716209485,1.0411754155714632,-20.41106414794922,8.323265075683594,0.9918975830078125,0.6985230321532145,1.0471590203804044
(3)yqy14+1+1.jpg,0,4,1,0,1,1,1,0,0,0,0,0.05247083047357584,0.002361309731561244,0.4397030643635574,0.9021444721195067,4,0.9634582505469567,1.0516882553855107,7.5782012939453125,6.3119049072265625,6.810089111328125,0.9602479739339411,1.4395120581884833
(0)yqy15+2+1.jpg,1,5,0,1,0,2,1,1,0,0,0,0.946590909090909,0.011342592592592593,0.3346258739668751,0.40486378568344644,5,1.0,0.8879109489363987,11.542282104492188,-10.713699340820312,10.248481750488281,0.9651695295376959,1.4467058215669208
(1)yqy15+2+1.jpg,1,5,0,1,0,2,1,1,0,0,0,1.0,0.011982570806100218,0.2784464940354582,0.3368923638482251,2,0.927183957847401,0.8232567878508917,5.7078094482421875,-9.271736145019531,0.43526458740234375,0.9636360099171075,1.4444072080128285
(2)yqy15+2+1.jpg,0,5,0,1,0,2,1,1,0,0,0,0.16834415584415585,0.0020171957671957673,1.0,1.2098998229991154,4,0.8796620962392715,0.7810616066151932,-11.928749084472656,0.4435577392578125,13.822288513183594,0.994193552265036,1.4902103265890032
(3)yqy15+2+1.jpg,0,5,0,1,0,2,1,1,0,0,0,0.22207792207792207,0.002661064425770308,0.6493594377045688,0.7856598687415628,6,0.8632405505193168,0.7664807363719858,68.13064575195312,7.0807342529296875,2.782196044921875,0.9882852872349581,1.4813543472477697
(4)yqy15+2+1.jpg,0,5,0,1,0,2,1,1,0,0,0,0.07272727272727272,0.0008714596949891067,0.970188098491935,1.1738304086412403,4,0.9401902120111134,0.8348051833275015,10.098724365234375,-3.7430267333984375,5.038124084472656,1.0,1.4989136905926514
(0)yqy16+2+1.jpg,0,4,0,2,0,1,0,1,0,0,0,0.05198470164494449,0.000972100709633518,1.0,1.9433691819978587,4,0.9870287383917545,0.7737349788350741,34.517242431640625,-26.554718017578125,10.928253173828125,0.9836176099006384,1.4451535850442854
(1)yqy16+2+1.jpg,0,4,0,2,0,1,0,1,0,0,0,0.08881957595336229,0.0016609034981738395,0.18201285744979415,0.35371817789529925,6,0.8987300719465481,0.7045173723401852,-12.779884338378906,1.0946044921875,-3.6580581665039062,1.0,1.4692229688631437
(2)yqy16+2+1.jpg,1,4,0,2,0,1,0,1,0,0,0,0.9746388919832164,0.018225499590328986,0.3919113197537506,0.7616283808855475,2,1.0,0.7839031922168577,0.7592315673828125,-0.6519241333007812,-8.584510803222656,0.9214735651877212,1.3538501271740093
(3)yqy16+2+1.jpg,1,4,0,2,0,1,0,1,0,0,0,1.0,0.018699745865100197,0.32119642925692066,0.6242032419856549,2,0.919909648764171,0.721120110217322,12.714958190917969,-22.188720703125,9.965011596679688,0.9397462540748677,1.3806967813898954
(0)yqy17+1+1.jpg,1,2,0,0,0,1,1,0,0,0,0,1.0,0.18509765625,0.17523658757156585,0.44182445413771126,5,0.8814533195859547,1.0115234537193376,-2.173309326171875,-7.4871978759765625,2.7886199951171875,0.7703397853874391,1.1127076032362717
(1)yqy17+1+1.jpg,0,2,0,0,0,1,1,0,0,0,0,0.027493463707455475,0.005088975694444445,1.0,2.52130254452297,4,1.0,1.1475632699352483,-1.9484100341796875,-20.744857788085938,-28.993484497070312,1.0,1.4444374084568932
(0)yqy18+2+1.jpg,1,4,0,0,0,0,3,0,1,0,0,0.821969696969697,0.005564917936694021,0.08241971390327653,0.45837526510767745,5,0.6704722869977209,0.34122990530571196,-16.684898376464844,-1.8247222900390625,11.536949157714844,0.9329354601809701,1.699781509406804
(1)yqy18+2+1.jpg,0,4,0,0,0,0,3,0,1,0,0,0.33035714285714285,0.002236591441969519,0.1731008154548589,0.9626960397798929,7,0.9183754956082801,0.4673976680002062,32.28839111328125,-22.464492797851562,-29.7701416015625,0.9487224649567504,1.7285449769263932
(2)yqy18+2+1.jpg,1,4,0,0,0,0,3,0,1,0,0,1.0,0.006770222743259086,0.17273585518590923,0.960666321984101,5,1.0,0.5089396115590261,4.766082763671875,3.0363616943359375,-6.0093231201171875,0.9423253360784313,1.7168895925565573
(3)yqy18+2+1.jpg,0,4,0,0,0,0,3,0,1,0,0,0.05627705627705628,0.0003810082063305979,1.0,5.561476052265879,5,0.9672516657407483,0.4922726870419174,0.192352294921875,6.471015930175781,-0.7744674682617188,1.0,1.8219711673057017
(0)yqy19+2+1.jpg,0,5,1,1,2,0,1,0,0,0,0,0.03329105897273304,0.0004309873029772329,0.17558089833144538,0.4088493804490992,3,0.7027136876826666,0.827652696384106,-4.618354797363281,12.358444213867188,-1.1095046997070312,1.0,1.3154294552082229
(1)yqy19+2+1.jpg,1,5,1,1,2,0,1,0,0,0,0,1.0,0.01294603765323993,0.25658207252604026,0.5974648858931705,2,1.0,1.177795040699221,1.4605255126953125,-1.3884735107421875,-3.1952056884765625,0.9511486595981764,1.2511689631172607
(2)yqy19+2+1.jpg,0,5,1,1,2,0,1,0,0,0,0,0.5157471993236102,0.006676882661996497,1.0,2.3285527317288874,1,0.684887548293459,0.8066571578166841,60.708282470703125,9.998077392578125,1.6170196533203125,0.9304091861025225,1.2238876487955672
(3)yqy19+2+1.jpg,1,5,1,1,2,0,1,0,0,0,0,0.9055168040583386,0.011722854640980735,0.30892722610889417,0.7193533362612932,5,0.6424161807979653,0.7566345918087776,2.07647705078125,-6.1374664306640625,-4.2730255126953125,0.9591232678513316,1.2616589977072075
(4)yqy19+2+1.jpg,0,5,1,1,2,0,1,0,0,0,0,0.09067850348763475,0.0011739273204903677,0.5370607009375014,1.25057416227225,3,0.7523800496941858,0.8861494912508454,-1.947418212890625,4.831306457519531,0.10150909423828125,0.98111783905605,1.2905913045245687
(0)yqy2+3+3.jpg,1,6,0,0,0,1,3,2,0,0,0,0.6737686426870535,0.0112,0.5779611382478094,0.8749073780413767,5,0.936681609959923,0.8911370659882737,-9.900665283203125,-16.39056396484375,-2.36749267578125,1.0,1.189186005404897
(1)yqy2+3+3.jpg,1,6,0,0,0,1,3,2,0,0,0,1.0,0.016622916666666668,0.5851422525537339,0.8857780222301178,5,1.0,0.95137670742399,23.827720642089844,-10.100265502929688,-13.903633117675781,0.9693523733587306,1.152740276704225
(2)yqy2+3+3.jpg,0,6,0,0,0,1,3,2,0,0,0,0.6865521995237498,0.0114125,0.7920364937237323,1.19897087568507,4,0.9749541434353725,0.9275486628709212,8.544822692871094,-0.7238388061523438,-3.423919677734375,0.99871069065686,1.1876527767773972
(3)yqy2+3+3.jpg,0,6,0,0,0,1,3,2,0,0,0,0.22609349542549192,0.003758333333333333,1.0,1.5137823638001198,5,0.5657807135401207,0.5382705923717958,33.87107849121094,-52.38663101196289,-10.838218688964844,0.9932020444023223,1.1811019717427746
(4)yqy2+3+3.jpg,0,6,0,0,0,1,3,2,0,0,0,0.3496678781802231,0.0058125,0.40504896600447193,0.6131559812130439,6,0.7091096506236592,0.6746304046129128,-26.379409790039062,-5.498786926269531,0.681732177734375,0.9860940473822923,1.1726492411600953
(5)yqy2+3+3.jpg,0,6,0,0,0,1,3,2,0,0,0,0.3239754355182354,0.005385416666666667,0.43666116395465243,0.6610099689509854,6,0.6201673422915718,0.5900127641612422,-12.14605712890625,-5.424522399902344,-4.783935546875,0.9658660817083389,1.1485944274628193
(0)yqy20+6+2.jpg,1,8,2,3,3,0,0,0,0,0,0,0.4442295293359123,0.011483333333333333,0.48758403903104014,0.4516643569362816,3,0.7961134634811533,0.7788414367276585,-60.62688446044922,4.354408264160156,-2.24920654296875,0.9425089970463069,1.0147666519295564
(1)yqy20+6+2.jpg,1,8,2,3,3,0,0,0,0,0,0,0.40006447453255967,0.010341666666666667,0.24507995031678123,0.2270252290821151,3,0.7596943285681741,0.7432124307365111,-42.84261703491211,-13.136833190917969,6.98138427734375,0.9843511204955044,1.059816610768389
(2)yqy20+6+2.jpg,1,8,2,3,3,0,0,0,0,0,0,1.0,0.02585,0.35784301879131647,0.33148118894069967,1,0.676868357606309,0.6621834051247247,-16.451416015625,-1.7912063598632812,5.158233642578125,0.9788162526691926,1.0538574111102628
(3)yqy20+6+2.jpg,1,8,2,3,3,0,0,0,0,0,0,0.7891682785299806,0.0204,0.4597804590246267,0.4259090305128017,1,1.0,0.9783045664396006,-48.354766845703125,0.2555999755859375,-3.8939208984375,0.9428807586649335,1.015166914732598
(4)yqy20+6+2.jpg,1,8,2,3,3,0,0,0,0,0,0,0.572963679346658,0.014811111111111112,0.4243445426094222,0.39308363197857643,2,0.9227503625169698,0.9027308933341486,-19.56915283203125,-9.53936767578125,9.931526184082031,0.9810816839028201,1.0562965221164486
(5)yqy20+6+2.jpg,1,8,2,3,3,0,0,0,0,0,0,0.6866537717601547,0.01775,1.0,0.9263313004130722,2,0.9328352766772932,0.9125970109093442,-27.94597625732422,-5.636199951171875,5.782989501953125,0.9621081934504733,1.035868424939569
(6)yqy20+6+2.jpg,0,8,2,3,3,0,0,0,0,0,0,0.1289490651192779,0.0033333333333333335,0.8115758073893545,0.7517880730427698,3,0.7804936552153727,0.7635605069743343,-21.615020751953125,5.9186859130859375,12.280853271484375,0.9970560440768592,1.073495560047468
(7)yqy20+6+2.jpg,0,8,2,3,3,0,0,0,0,0,0,0.19879647539222006,0.005138888888888889,0.9421103791997328,0.8727063326967411,2,0.7850399850346214,0.7680082021970458,8.428184509277344,-12.380752563476562,-0.4014434814453125,1.0,1.076665214984361
(0)yqy21+2+1.jpg,1,3,0,1,1,0,1,0,0,0,0,0.7039304760023701,0.01410982224157726,0.47599849710827025,0.575484679540546,5,0.7937448234458133,0.8240991426979847,-17.957321166992188,-14.744636535644531,-3.9139862060546875,0.9653653740858015,1.0605414265865196
(1)yqy21+2+1.jpg,1,3,0,1,1,0,1,0,0,0,0,1.0,0.020044340631062196,0.5591569743649044,0.6760237146968451,2,1.0,1.0382419114500763,8.158584594726562,-2.2698211669921875,5.550537109375,1.0,1.098590704675781
(2)yqy21+2+1.jpg,0,3,0,1,1,0,1,0,0,0,0,0.17282243729014418,0.0034641118017340353,1.0,1.209005244841449,3,0.5982441421574971,0.621122141667411,-23.532188415527344,5.534385681152344,18.204483032226562,0.9843212675309583,1.0813661949241935
(0)yqy22+3+5.jpg,0,13,0,0,0,4,3,6,0,0,0,0.211864406779661,0.0011726078799249532,0.6769297919050354,2.8769410877387043,4,0.6228174940972855,0.7640965447298895,-21.500389099121094,4.085289001464844,12.2928466796875,0.9389159020665986,1.0388214175761707
(1)yqy22+3+5.jpg,0,13,0,0,0,4,3,6,0,0,0,0.12457627118644068,0.0006894934333958725,0.5093057141030646,2.164541364030796,6,0.8705541160073624,1.0680293960042575,-13.778305053710938,10.111465454101562,2.3075714111328125,0.9702699139697297,1.0735116587577505
(2)yqy22+3+5.jpg,0,13,0,0,0,4,3,6,0,0,0,0.17711864406779662,0.0009803001876172608,0.5720529601221158,2.4312161837438304,6,0.889106173020672,1.090789775723597,-39.11279296875,7.963188171386719,1.0423583984375,0.9844777658098167,1.0892312996294677
(3)yqy22+3+5.jpg,0,13,0,0,0,4,3,6,0,0,0,0.30889830508474575,0.0017096622889305815,0.6194495075562316,2.6326507732105227,6,0.7265614185332593,0.89137359611256,-16.76502227783203,11.938179016113281,-10.235984802246094,0.9739203058415773,1.07755047123358
(4)yqy22+3+5.jpg,1,13,0,0,0,4,3,6,0,0,0,0.7169491525423729,0.003968105065666042,0.23421576299609517,0.995413350124891,5,0.6734502130776988,0.8262147189781711,3.6749954223632812,-4.0648193359375,-9.671035766601562,1.0,1.1064051799417556
(5)yqy22+3+5.jpg,0,13,0,0,0,4,3,6,0,0,0,0.37754237288135595,0.0020895872420262666,0.7591629461500339,3.226430714360101,5,0.8763307098970414,1.0751163443851937,18.67340087890625,-3.3270187377929688,-3.2229461669921875,0.9907412079268525,1.0961612044320215
(6)yqy22+3+5.jpg,0,13,0,0,0,4,3,6,0,0,0,0.601271186440678,0.003327861163227017,0.03419343643713099,0.14532157306907878,6,0.9874711361593687,1.2114677097397228,-29.64996337890625,15.913543701171875,-12.747184753417969,0.9509120681320143,1.0520940378503882
(7)yqy22+3+5.jpg,1,13,0,0,0,4,3,6,0,0,0,0.847457627118644,0.004690431519699813,0.39535259229413544,1.6802423685831367,5,0.5426265489475691,0.6657151975644046,10.123306274414062,1.01422119140625,-11.242095947265625,0.9843793603020013,1.089122423265886
(8)yqy22+3+5.jpg,1,13,0,0,0,4,3,6,0,0,0,1.0,0.005534709193245778,0.16838471832003513,0.7156324340799244,4,1.0,1.226838603558133,-11.425392150878906,3.0051498413085938,7.1711883544921875,0.9933607534799471,1.0990594832010587
(9)yqy22+3+5.jpg,0,13,0,0,0,4,3,6,0,0,0,0.13686440677966102,0.0007575046904315197,1.0,4.249984447637226,6,0.8925781742801796,1.0950493609003633,43.377716064453125,-2.0312347412109375,-4.36688232421875,0.9727636812553979,1.076270775800183
(10)yqy22+3+5.jpg,0,13,0,0,0,4,3,6,0,0,0,0.2093220338983051,0.0011585365853658536,0.08547132353486211,0.3632517957421336,6,0.950600610180236,1.16623352513503,14.228607177734375,12.202346801757812,0.9242019653320312,0.9962400366750473,1.102245137042637
(11)yqy22+3+5.jpg,0,13,0,0,0,4,3,6,0,0,0,0.08813559322033898,0.0004878048780487805,0.763429171985651,3.2445621078115816,4,0.6925202554084058,0.8496105830809701,10.571502685546875,10.416473388671875,-0.2779693603515625,0.9670943506101913,1.069998199007524
(12)yqy22+3+5.jpg,0,13,0,0,0,4,3,6,0,0,0,0.12966101694915255,0.0007176360225140713,0.08340006506807628,0.35444897947125686,4,0.41047334603916297,0.503584546652521,-4.5406494140625,11.344894409179688,-0.80584716796875,0.9690816281604576,1.0721969331831205
(0)yqy23+1+1.jpg,1,3,2,1,0,0,0,0,0,0,0,1.0,0.012955576697892272,0.15051860919981752,1.128351157972661,2,0.7089613348161082,0.8804865053739441,14.903488159179688,8.263298034667969,0.99859619140625,0.9695615485002677,1.2507232602836325
(1)yqy23+1+1.jpg,0,3,2,1,0,0,0,0,0,0,0,0.20166643129501483,0.002612704918032787,0.5546460726400216,4.157861553833145,1,0.940325061734604,1.1678260673228298,2.2199020385742188,9.097854614257812,-0.3827667236328125,1.0,1.2899885130740487
(2)yqy23+1+1.jpg,0,3,2,1,0,0,0,0,0,0,0,0.08755825448382996,0.001134367681498829,1.0,7.496422960397837,1,1.0,1.2419386814688933,15.350669860839844,7.18603515625,1.6176300048828125,0.9934223448971485,1.2815034135484074
(0)yqy24+2+2.jpg,0,5,0,1,1,2,1,0,0,0,0,0.10743801652892562,0.0021616057642820383,0.4791663328306427,0.7676676907520863,4,0.47146451421213903,0.7831344634157051,-0.4144134521484375,11.941268920898438,2.43243408203125,0.9993489952396785,1.0936123662306154
(1)yqy24+2+2.jpg,1,5,0,1,1,2,1,0,0,0,0,1.0,0.02011956134447128,1.0,1.602090209921764,5,0.9355547638001996,1.5540197742539068,6.2166748046875,-13.813850402832031,-1.4271087646484375,0.9932642819393437,1.0869537137059104
(2)yqy24+2+2.jpg,1,5,0,1,1,2,1,0,0,0,0,0.9242424242424242,0.0185953521517083,0.5579107296282889,0.89382331794779,2,1.0,1.6610676727693823,4.6435089111328125,-7.447196960449219,-9.062026977539062,1.0,1.0943247768696953
(3)yqy24+2+2.jpg,0,5,0,1,1,2,1,0,0,0,0,0.2809917355371901,0.005653430460429946,0.1975711068473426,0.3165267360435344,3,0.5216845024907129,0.8665532624721013,11.773391723632812,0.0429229736328125,-20.033912658691406,0.9888203639372489,1.082090624129841
(4)yqy24+2+2.jpg,0,5,0,1,1,2,1,0,0,0,0,0.04092876820149548,0.0008234688625836336,0.09094636809274716,0.1457042859493313,4,0.3117262319925001,0.5177983667169507,-6.050392150878906,9.696968078613281,-1.2457122802734375,0.9827581821912921,1.075456628443353
(0)yqy25+2+1.jpg,0,4,0,2,1,1,0,0,0,0,0,0.3168367346938776,0.0024585296330020983,0.25514555498207203,0.5046688970956081,4,0.706998460529484,0.6947056499905541,6.8471527099609375,7.1684417724609375,0.35263824462890625,1.0,1.2499953112738373
(1)yqy25+2+1.jpg,0,4,0,2,1,1,0,0,0,0,0,0.2755102040816326,0.0021378518547844334,1.0,1.9779646842409973,2,0.9237202171652421,0.9076591954593568,-13.662261962890625,2.641326904296875,0.3742828369140625,0.9897344556178967,1.2371634289285347
(2)yqy25+2+1.jpg,1,4,0,2,1,1,0,0,0,0,0,0.9795918367346939,0.007601251039233541,0.6679163040125486,1.3211148613655948,2,1.0,0.9826126770775092,4.9386749267578125,-4.435523986816406,5.5618743896484375,0.9970221142660086,1.2462729680688387
(3)yqy25+2+1.jpg,1,4,0,2,1,1,0,0,0,0,0,1.0,0.007759610435884239,0.4204843474381425,0.8317031895087673,3,0.991462345138966,0.9742234691785449,14.161125183105469,-2.2970809936523438,2.1353607177734375,0.9944596127311394,1.24306985316512
(0)yqy26+1+1.jpg,0,3,0,0,2,0,1,0,0,0,0,0.01087327306839502,0.0010095411536482047,0.8730279212981096,1.429836736239663,3,0.3076446611800395,0.4306902924955751,2.17315673828125,3.5910491943359375,-0.34696197509765625,1.0,1.0843222137807076
(1)yqy26+1+1.jpg,1,3,0,0,2,0,1,0,0,0,0,1.0,0.09284611425630468,1.0,1.6377903860321346,5,1.0,1.3999602360839507,6.810089111328125,-12.365142822265625,-7.1173095703125,0.9829684558198476,1.0658545320911808
(2)yqy26+1+1.jpg,0,3,0,0,2,0,1,0,0,0,0,0.07483370288248337,0.006948018528049408,0.16524968323900757,0.2706443425037022,3,0.3781981466415724,0.5294623666588484,18.34027099609375,6.9583587646484375,1.0079803466796875,0.9651956985592541,1.046583136593387
(0)yqy27+3+2.jpg,1,7,0,0,0,3,3,1,0,0,0,1.0,0.011591907834831149,0.7355402211075743,1.6106509003628122,5,0.8297726056260534,1.0327182322441835,-4.108856201171875,-4.329315185546875,10.321945190429688,0.9638723809624139,1.2315353447111372
(1)yqy27+3+2.jpg,0,7,0,0,0,3,3,1,0,0,0,0.1362704918032787,0.00157963498159072,0.6472940038215212,1.4174135419606178,4,0.4683658158156434,0.5829186382789752,-24.22442626953125,7.9055328369140625,0.5567092895507812,1.0,1.277695438769047
(2)yqy27+3+2.jpg,1,7,0,0,0,3,3,1,0,0,0,0.9310109289617486,0.01079219288174512,0.42879870440587675,0.9389629547188616,5,1.0,1.2445798104710992,0.15191650390625,-2.0814361572265625,-1.7721405029296875,0.9885853054914695,1.2631109356605554
(3)yqy27+3+2.jpg,1,7,0,0,0,3,3,1,0,0,0,0.8879781420765027,0.010293360782295419,0.5960348778225227,1.3051687522497595,6,0.6905934808406099,0.8594987034971828,11.187400817871094,-2.0897140502929688,-0.78912353515625,0.9712614357710518,1.2409763063369486
(4)yqy27+3+2.jpg,0,7,0,0,0,3,3,1,0,0,0,0.16393442622950818,0.0019003127598083852,0.5173982663707836,1.1329740504488086,4,0.5758592002711862,0.7167027343315516,18.97936248779297,5.34503173828125,3.7777557373046875,0.9774292961576982,1.2488569534199307
(5)yqy27+3+2.jpg,0,7,0,0,0,3,3,1,0,0,0,0.06557377049180328,0.000760125103923354,1.0,2.18975231284769,4,0.3468829445309183,0.431723509359947,30.003082275390625,11.879989624023438,-1.0980606079101562,0.9721217248289322,1.2420754937422251
(6)yqy27+3+2.jpg,0,7,0,0,0,3,3,1,0,0,0,0.14515027322404372,0.0016825685894136743,0.3094924182585766,0.6777117386905428,5,0.43259634018207016,0.538400671074292,14.3304443359375,8.801239013671875,1.65045166015625,0.9905851284464254,1.2656661003284482
(0)yqy28+2+2.jpg,0,9,0,1,0,5,1,2,0,0,0,0.24035216434336024,0.010586866597724922,0.5631708827526388,0.866422878843216,4,0.7370046972979369,0.9312537850134969,-21.419921875,-17.19037628173828,-26.465927124023438,0.9188540250056738,1.1801427555726667
(1)yqy28+2+2.jpg,1,9,0,1,0,5,1,2,0,0,0,1.0,0.044047311271975184,0.5103212500743316,0.7851151758115275,5,0.9380032282908292,1.185228615100116,13.147544860839844,17.649490356445312,-17.99627685546875,0.8739054497472495,1.1224124371314814
(2)yqy28+2+2.jpg,1,9,0,1,0,5,1,2,0,0,0,0.874468085106383,0.038517967942088935,0.48479677178819647,0.7458464695716881,2,1.0,1.263565603350604,9.325469970703125,9.849861145019531,0.3187255859375,0.8896842407278536,1.1426781435012612
(3)yqy28+2+2.jpg,0,9,0,1,0,5,1,2,0,0,0,0.04695524578136464,0.002068252326783868,0.9929335597369127,1.5276009106194635,4,0.8166338530646009,1.031870447264101,1.1551437377929688,-2.002960205078125,0.6434097290039062,0.974893595015893,1.2521179450730435
(4)yqy28+2+2.jpg,0,9,0,1,0,5,1,2,0,0,0,0.006162876008804109,0.00027145811789038265,1.0,1.5384724341719462,6,0.7703488575896128,0.9733863190306676,-3.0970001220703125,16.096221923828125,-1.0003280639648438,1.0,1.284363700279138
(5)yqy28+2+2.jpg,0,9,0,1,0,5,1,2,0,0,0,0.2383712399119589,0.010499612202688729,0.47579139144688676,0.7319919401573491,6,0.7155514150576774,0.9041461554957326,-32.257476806640625,4.1950225830078125,19.961761474609375,0.8757969727193813,1.1248418405751317
(6)yqy28+2+2.jpg,0,9,0,1,0,5,1,2,0,0,0,0.38004402054292,0.01673991726990693,0.2824921698933149,0.4346064162502831,4,0.5531361227311437,0.6989237786537913,56.889068603515625,-0.8074264526367188,-5.485679626464844,0.8676899717752858,1.114429502844407
(7)yqy28+2+2.jpg,0,9,0,1,0,5,1,2,0,0,0,0.007703595011005136,0.0003393226473629783,0.5020857296984504,0.7724450547321728,4,0.6059100474828908,0.7656070947239121,-3.0826644897460938,13.710914611816406,-1.19586181640625,0.9774142736570257,1.2553554132197835
(8)yqy28+2+2.jpg,0,9,0,1,0,5,1,2,0,0,0,0.008730741012472487,0.0003845656670113754,0.6288826840401929,0.9675186737239024,4,0.3828406759715689,0.4837443097211685,-0.8603439331054688,11.125282287597656,-1.5594482421875,0.8147461469050091,1.0464303760270877
(0)yqy29+1+1.jpg,1,6,0,1,0,3,0,2,0,0,0,1.0,0.010146672504378283,0.32658699206673386,0.7442188493731479,2,0.9764182207240673,0.9165210603926227,5.5327301025390625,0.4363250732421875,1.5479888916015625,0.8782089645323856,1.290670990371114
(1)yqy29+1+1.jpg,0,6,0,1,0,3,0,2,0,0,0,0.2295037756202805,0.002328699649737303,0.33747027382543465,0.7690194189751638,6,0.9529628084165565,0.8945044911564561,6.587425231933594,11.748199462890625,5.329627990722656,1.0,1.469662736884438
(2)yqy29+1+1.jpg,0,6,0,1,0,3,0,2,0,0,0,0.07942286947141317,0.0008058778458844133,0.18263664996337364,0.41618815443002843,4,0.8009574528142246,0.7518237148814124,14.159980773925781,-0.13991546630859375,0.8893890380859375,0.9456829810350181,1.3898350381329587
(3)yqy29+1+1.jpg,0,6,0,1,0,3,0,2,0,0,0,0.05461165048543689,0.0005541265323992995,0.4419920919367532,1.0072013095548724,4,0.8778504104955782,0.8239997697880681,39.95915222167969,8.461318969726562,-0.8896331787109375,0.9855609623176017,1.448442221246147
(4)yqy29+1+1.jpg,0,6,0,1,0,3,0,2,0,0,0,0.11124595469255663,0.0011287762697022767,1.0,2.278776765306918,6,1.0,0.9386562447728315,63.92741394042969,-5.3022003173828125,-7.4420166015625,0.9746746367815418,1.432442994264206
(5)yqy29+1+1.jpg,0,6,0,1,0,3,0,2,0,0,0,0.05177993527508091,0.0005253940455341507,0.3978352876369249,0.9065778098862188,4,0.6209559205217925,0.5828641525264426,-5.841461181640625,8.086624145507812,-1.9545745849609375,0.9607426638416544,1.4119676927831715
(0)yqy3+3+2.jpg,1,5,0,0,1,1,2,1,0,0,0,0.9518072289156626,0.017445833333333334,0.5980181531710969,1.6117183409405575,5,1.0,1.0604382561485575,-1.9112091064453125,-7.197906494140625,-0.5913848876953125,0.9831221999932863,1.177244952102869
(1)yqy3+3+2.jpg,1,5,0,0,1,1,2,1,0,0,0,0.9261195726301432,0.016975,1.0,2.6950993584293994,5,0.9324415658098038,0.9887967080077785,-6.486457824707031,-4.386833190917969,13.9166259765625,0.9866528457414927,1.1814727427933527
(2)yqy3+3+2.jpg,1,5,0,0,1,1,2,1,0,0,0,1.0,0.018329166666666667,0.9022001544138177,2.4315190573355854,4,0.8309346189852401,0.881154858330174,0.725555419921875,-6.704132080078125,-4.197486877441406,1.0,1.1974553642577783
(3)yqy3+3+2.jpg,0,5,0,0,1,1,2,1,0,0,0,0.2073198454194135,0.0038,0.20341241018081674,0.548216656174897,6,0.5966185471402404,0.6326771317152824,18.012466430664062,-7.3756866455078125,0.8907928466796875,0.9910098066922541,1.1866900090557038
(4)yqy3+3+2.jpg,0,5,0,0,1,1,2,1,0,0,0,0.25005683109797683,0.004583333333333333,0.4404508152521146,1.18705870960568,3,0.5117902255494681,0.5427219342955548,35.88238525390625,-29.551742553710938,12.643661499023438,0.9970344075618119,1.1939041996844677
(0)yqy30+1+2.jpg,0,8,4,2,2,0,0,0,0,0,0,0.06914893617021277,0.0006047504378283713,0.36105632295236606,0.7231706257328832,2,0.9782955266827409,0.8597495833709313,30.751617431640625,14.020408630371094,4.2673492431640625,1.0,1.4279684681263145
(1)yqy30+1+2.jpg,0,8,4,2,2,0,0,0,0,0,0,0.07728410513141427,0.0006758975481611208,0.7496923028689436,1.5015813802667743,1,1.0,0.8788239953280971,21.362579345703125,12.230827331542969,3.2622299194335938,0.93560152937655,1.336009482680469
(2)yqy30+1+2.jpg,0,8,4,2,2,0,0,0,0,0,0,0.11264080100125157,0.0009851138353765324,0.14923814493027485,0.29891359267700734,3,0.9355999867712219,0.8222277184032,11.775077819824219,10.022071838378906,1.9652099609375,0.9659512801538709,1.3793479698059754
(3)yqy30+1+2.jpg,1,8,4,2,2,0,0,0,0,0,0,1.0,0.008745621716287216,0.4072695393115491,0.8157324740293567,2,0.8907710321336605,0.7828309573822362,15.996780395507812,2.2558746337890625,3.488494873046875,0.8510300287479498,1.2152440464807033
(4)yqy30+1+2.jpg,0,8,4,2,2,0,0,0,0,0,0,0.12015018773466833,0.0010507880910683013,0.2898612653701399,0.580571892328013,1,0.8928964071352252,0.7846987879326818,-0.35648345947265625,11.703750610351562,-0.1566925048828125,0.9083837083962422,1.2971432925494826
(5)yqy30+1+2.jpg,0,8,4,2,2,0,0,0,0,0,0,0.08541927409261577,0.0007470446584938704,0.12098571384831919,0.24232594425433027,3,0.8707008528740943,0.7651928022583931,1.9629974365234375,7.325431823730469,-0.49495697021484375,0.9500264427464582,1.3566078041281517
(6)yqy30+1+2.jpg,0,8,4,2,2,0,0,0,0,0,0,0.16896120150187735,0.0014776707530647986,1.0,2.002930234871667,1,0.8185093161269508,0.7193256274119553,0.17502593994140625,-3.545440673828125,-1.3610916137695312,0.8552490318007904,1.2212686498070882
(7)yqy30+1+2.jpg,0,8,4,2,2,0,0,0,0,0,0,0.09637046307884856,0.0008428196147110332,0.34519250101582355,0.6913964971355617,1,0.6806763217669902,0.5981946846204996,-1.8215103149414062,8.319923400878906,-2.0383987426757812,0.8581320124501256,1.2253854552685572
(0)yqy31+1+4.jpg,0,5,0,0,0,3,1,1,0,0,0,0.019261637239165328,0.0010179509632224169,1.0,5.344093279654089,4,1.0,1.0269842827053592,11.6787109375,18.771926879882812,10.146896362304688,0.9821134653314001,1.4329655481976105
(1)yqy31+1+4.jpg,0,5,0,0,0,3,1,1,0,0,0,0.1384041837104541,0.007314470227670753,0.22531668976356217,1.204113407559358,6,0.7948382328411735,0.8162863724211878,-0.6604385375976562,8.347434997558594,-7.796234130859375,0.9058271730789406,1.321659031734544
(2)yqy31+1+4.jpg,0,5,0,0,0,3,1,1,0,0,0,0.01651737171853156,0.0008729203152364274,0.43626653331931065,2.331449048849715,4,0.8487550229079025,0.871658068393643,11.831932067871094,6.70367431640625,1.701385498046875,1.0,1.459063131482549
(3)yqy31+1+4.jpg,1,5,0,0,0,3,1,1,0,0,0,1.0,0.052848620840630474,0.01927060363491401,0.10298390338022163,5,0.7996962284445275,0.8212754575512842,20.146339416503906,23.341827392578125,-7.344268798828125,0.7568953010041202,1.104358028087498
(4)yqy31+1+4.jpg,0,5,0,0,0,3,1,1,0,0,0,0.012944648682234765,0.000684106830122592,0.20471212766400143,1.0940007057128802,4,0.3380102616951192,0.34713122615401276,-16.979644775390625,9.872978210449219,2.81195068359375,0.9954774581647128,1.452464457430094
(0)yqy32+1+4.jpg,1,9,0,0,0,3,3,3,0,0,0,1.0,0.022572788966725044,0.07986042205529148,0.5063966471544357,4,0.7165134669966058,0.8045853817777759,23.024208068847656,-5.9115447998046875,-18.439231872558594,0.8275567003052577,1.2168129532643444
(1)yqy32+1+4.jpg,0,9,0,0,0,3,3,3,0,0,0,0.06200751606255304,0.0013996825744308232,0.5714635535167861,3.6236626356858253,5,0.7518424461957081,0.8442569044022955,34.05949401855469,-16.25725555419922,-16.80718994140625,0.9847634919093436,1.4479648009799382
(2)yqy32+1+4.jpg,0,9,0,0,0,3,3,3,0,0,0,0.08910170929809674,0.0020112740805604203,0.4252607961258786,2.6965878188731915,5,0.8621728916052273,0.968148872425767,13.684410095214844,-1.8692092895507812,-4.910675048828125,0.9811210064753393,1.4426090066802384
(3)yqy32+1+4.jpg,0,9,0,0,0,3,3,3,0,0,0,0.09382955509758759,0.0021179947460595447,0.3069380683703846,1.9463008672707471,6,0.9542177884040611,1.0715076812169164,6.084991455078125,4.970237731933594,-5.9036865234375,0.9933040076187452,1.4605225026321924
(4)yqy32+1+4.jpg,0,9,0,0,0,3,3,3,0,0,0,0.07382713056128015,0.001666484238178634,0.4267151411466107,2.705809851807034,6,0.8910729260193008,1.0006012216047788,63.34043884277344,5.5637054443359375,7.68743896484375,1.0,1.4703680760671785
(5)yqy32+1+4.jpg,0,9,0,0,0,3,3,3,0,0,0,0.07176627469996363,0.0016199649737302978,0.42680562555078755,2.7063836153524257,5,0.8639176070633857,0.970108043631411,-5.4373931884765625,-4.7825164794921875,-2.4669647216796875,0.9943525100059979,1.462064187070089
(6)yqy32+1+4.jpg,0,9,0,0,0,3,3,3,0,0,0,0.09546611710510365,0.0021549365148861646,0.2441212054204544,1.547977793538674,6,0.9146459642374165,1.0270717944941987,10.715126037597656,-1.3897552490234375,-0.0511016845703125,0.9952969117235829,1.4634528052066091
(7)yqy32+1+4.jpg,0,9,0,0,0,3,3,3,0,0,0,0.026184992120257,0.0005910683012259195,0.7796445023699919,4.943742492360053,4,1.0,1.1229173195450735,16.141799926757812,-3.5828399658203125,3.4775543212890625,0.9927141151398935,1.4596551435629768
(8)yqy32+1+4.jpg,0,9,0,0,0,3,3,3,0,0,0,0.03570129712692448,0.0008058778458844133,1.0,6.34102142365127,4,0.815872099171816,0.9161569106936279,58.13627624511719,-6.685462951660156,-22.183433532714844,0.9900256582598904,1.455702122392737
(0)yqy33+8+1.jpg,1,11,3,4,1,2,0,1,0,0,0,1.0,0.0048763134851138356,0.4165071655147409,2.0937154303603225,1,0.8555996743662936,1.017782950024224,-45.489315032958984,7.427520751953125,-11.107406616210938,0.9405342299310403,1.4021162144008144
(1)yqy33+8+1.jpg,0,11,3,4,1,2,0,1,0,0,0,0.21043771043771045,0.0010261602451838879,1.0,5.026841321620005,4,0.7883433987266412,0.9377779048155899,-28.115463256835938,12.590240478515625,0.2412567138671875,0.9939541434347279,1.4817527916904054
(2)yqy33+8+1.jpg,1,11,3,4,1,2,0,1,0,0,0,0.3888888888888889,0.001896344133099825,0.6096657620472395,3.0646930450360137,2,0.7880874427186363,0.9374734310427397,-43.301902770996094,8.615264892578125,0.6404800415039062,0.9471754994329613,1.4120167914946768
(3)yqy33+8+1.jpg,1,11,3,4,1,2,0,1,0,0,0,0.41245791245791247,0.0020112740805604203,0.46893771945803614,2.3572755054379058,3,1.0,1.1895550927810397,-32.379669189453125,22.40119171142578,-5.6505889892578125,1.0,1.4907657475726501
(4)yqy33+8+1.jpg,1,11,3,4,1,2,0,1,0,0,0,0.7356902356902357,0.003587456217162872,0.5036370028460536,2.5317032970033946,1,0.8768007798799612,1.0430028330605952,-39.697349548339844,12.398757934570312,-8.341804504394531,0.9594402318652704,1.4303006345079068
(5)yqy33+8+1.jpg,1,11,3,4,1,2,0,1,0,0,0,0.5008417508417509,0.0024422613835376533,0.5421553182409787,2.7253287564697963,2,0.7045736279529236,0.8381291473706137,-65.18704223632812,-0.1220550537109375,8.65447998046875,0.9355769070876574,1.3947260073062395
(6)yqy33+8+1.jpg,1,11,3,4,1,2,0,1,0,0,0,0.47474747474747475,0.002315017513134851,0.6631194048124697,3.3333960252793866,2,0.7844226771894658,0.9331139905436666,-41.40363311767578,-8.154006958007812,4.123016357421875,0.9423431734852141,1.4048129254906687
(7)yqy33+8+1.jpg,1,11,3,4,1,2,0,1,0,0,0,0.6394500561167228,0.003118158931698774,0.634590031570656,3.189983392987517,1,0.8810399870398231,1.048045603526963,-75.06224822998047,1.760986328125,7.112892150878906,0.909384024458461,1.3556785550524428
(8)yqy33+8+1.jpg,1,11,3,4,1,2,0,1,0,0,0,0.4006734006734007,0.001953809106830123,0.3268686673363604,1.64311692370928,2,0.847674666743481,1.0083557168461785,-28.140274047851562,-1.3082427978515625,2.290374755859375,0.9773562006914713,1.4570091471685864
(9)yqy33+8+1.jpg,0,11,3,4,1,2,0,1,0,0,0,0.0718294051627385,0.0003502626970227671,0.7388728159873671,3.714196402827032,6,0.8324598002061331,0.9902567948706925,8.27783203125,12.494247436523438,0.058746337890625,0.9883832787229037,1.4734479373936566
(0)yqy34+10+1.jpg,1,12,1,1,4,2,3,1,0,0,0,0.44437041972018654,0.0036503940455341506,0.20415283990208943,0.7877711592064968,5,0.7451028435715717,0.9405500397386736,-6.7410430908203125,8.708839416503906,9.878173828125,0.9407731024473622,1.4157219153784584
(1)yqy34+10+1.jpg,1,12,1,1,4,2,3,1,0,0,0,0.5561292471685543,0.004568465411558669,0.5874477915200024,2.2668037727075103,5,0.7697441772068871,0.9716550174338547,-20.344070434570312,-3.742218017578125,0.5394744873046875,0.9781106714335636,1.471909336705885
(2)yqy34+10+1.jpg,1,12,1,1,4,2,3,1,0,0,0,0.5059960026648901,0.004156633099824869,0.2964825579934597,1.144046825442298,5,0.8899846145802596,1.123435606013581,-7.3161773681640625,-4.771965026855469,-1.1796798706054688,0.9722017551436571,1.4630173070910977
(3)yqy34+10+1.jpg,1,12,1,1,4,2,3,1,0,0,0,0.5826115922718188,0.004786011383537654,0.13777460197192837,0.5316353079226938,3,1.0,1.2623090192895337,17.005783081054688,5.215599060058594,-0.01338958740234375,0.9132616039302506,1.3743212511011162
(4)yqy34+10+1.jpg,1,12,1,1,4,2,3,1,0,0,0,0.676215856095936,0.0055549474605954465,0.4778383979967697,1.843850464602026,1,0.7523763129097635,0.9497314056857988,-18.798263549804688,8.373153686523438,3.9811859130859375,0.9425033915039609,1.4183257399680367
(5)yqy34+10+1.jpg,1,12,1,1,4,2,3,1,0,0,0,0.475016655562958,0.0039021453590192645,0.21149800719322587,0.8161141935442963,2,0.8962163534744793,1.131301986225612,-10.019950866699219,-4.489143371582031,-3.2877349853515625,1.0,1.5048494814483393
(6)yqy34+10+1.jpg,1,12,1,1,4,2,3,1,0,0,0,0.8847435043304464,0.007267950963222417,0.26896833527623804,1.037876805299514,4,0.5994177390650044,0.7566504183438953,-2.6376190185546875,-13.585647583007812,0.29770660400390625,0.9336171309520959,1.4049532553845478
(7)yqy34+10+1.jpg,1,12,1,1,4,2,3,1,0,0,0,0.4417055296469021,0.0036285026269702275,0.3158667472928804,1.2188452229664588,6,0.7740235310539967,0.9770568843917924,33.441314697265625,3.3611526489257812,-5.481544494628906,0.9738820930781258,1.4655459627604408
(8)yqy34+10+1.jpg,1,12,1,1,4,2,3,1,0,0,0,1.0,0.008214754816112084,0.5987199404242669,2.310299977870855,4,0.6484815195824059,0.8185840710114531,-13.430908203125,1.7210845947265625,0.6053695678710938,0.9514271476309994,1.431754649748382
(9)yqy34+10+1.jpg,0,12,1,1,4,2,3,1,0,0,0,0.15389740173217856,0.0012642294220665499,0.7037624029322889,2.7156307217171594,3,0.8674705087352143,1.0950158471441411,28.375030517578125,11.691490173339844,2.502777099609375,0.9961432931676278,1.4990457181715457
(10)yqy34+10+1.jpg,1,12,1,1,4,2,3,1,0,0,0,0.4876748834110593,0.0040061295971978985,0.21707215792343432,0.8376233490595172,3,0.9655077338542395,1.2187691206380051,-15.1318359375,6.3937835693359375,-6.1620941162109375,0.9356766903684253,1.408052582304223
(11)yqy34+10+1.jpg,0,12,1,1,4,2,3,1,0,0,0,0.11242504996668888,0.0009235442206654991,1.0,3.8587323085209464,3,0.9280915293997912,1.1715383082875739,61.47418212890625,19.113204956054688,4.9028778076171875,0.9190685988462185,1.3830599043891836
(0)yqy35+4+1.jpg,0,11,0,2,2,7,0,0,0,0,0,0.055410189318146834,0.0004925569176882662,0.4076076382838724,2.549944535897394,4,0.6520735240484894,0.7534229261910654,33.47833251953125,-10.477455139160156,2.5835494995117188,0.9842831766599223,1.342447746684602
(1)yqy35+4+1.jpg,0,11,0,2,2,7,0,0,0,0,0,0.06372171771586886,0.0005664404553415061,0.7216099731875646,4.514305511854046,4,0.8078544570702988,0.9334163196865791,65.34524536132812,10.428298950195312,1.60540771484375,0.9950325830505263,1.3571086864725115
(2)yqy35+4+1.jpg,1,11,0,2,2,7,0,0,0,0,0,0.7757426504540558,0.006895796847635726,0.13023993439695372,0.8147654211520389,2,0.8182342425964476,0.9454093973011904,-1.8370513916015625,3.4695587158203125,-7.8777008056640625,0.9690352424741495,1.3216513383189248
(3)yqy35+4+1.jpg,1,11,0,2,2,7,0,0,0,0,0,1.0,0.00888928415061296,0.03405008388977632,0.2130132441264862,3,0.7219160305064117,0.8341207978993687,8.158981323242188,4.9577178955078125,-8.76226806640625,0.9334791565320985,1.27315697350025
(4)yqy35+4+1.jpg,1,11,0,2,2,7,0,0,0,0,0,0.9027243343081423,0.008024573117338004,0.06706561996495353,0.4195544811088757,3,0.8237641704756389,0.9517988216386459,0.46666717529296875,3.4020767211914062,-1.5658416748046875,0.9717353127261272,1.325333920030783
(5)yqy35+4+1.jpg,1,11,0,2,2,7,0,0,0,0,0,0.86039710635678,0.007648314360770578,0.05927487388420349,0.3708165072995203,2,0.7824967422635536,0.9041173480420934,10.596176147460938,0.207061767578125,3.596160888671875,0.9552612096083711,1.3028651598878649
(6)yqy35+4+1.jpg,0,11,0,2,2,7,0,0,0,0,0,0.10774203478528552,0.0009577495621716287,0.7667705687071308,4.796824785211702,4,0.6257107747589024,0.7229627112311262,-16.708404541015625,8.6575927734375,2.0536041259765625,0.9937170998254088,1.355314520389786
(7)yqy35+4+1.jpg,0,11,0,2,2,7,0,0,0,0,0,0.2845928890257042,0.002529827057793345,0.10776872340654671,0.6741882182290655,4,0.5980789653629756,0.691036190795549,1.536865234375,-6.7085418701171875,0.665985107421875,0.9940939488102116,1.3558284985644469
(8)yqy35+4+1.jpg,0,11,0,2,2,7,0,0,0,0,0,0.029552100969678315,0.00026269702276707533,1.0,6.2558801563024735,4,0.7803723564420622,0.9016627767047241,16.30181121826172,7.368011474609375,0.9788360595703125,0.958713051377213,1.3075730704916184
(9)yqy35+4+1.jpg,0,11,0,2,2,7,0,0,0,0,0,0.034015699553640144,0.0003023752189141856,0.8419211167339075,5.2669576073476705,4,1.0,1.155426341363063,13.678176879882812,5.633544921875,-0.4301910400390625,0.9734305856885973,1.3276460751325354
(10)yqy35+4+1.jpg,0,11,0,2,2,7,0,0,0,0,0,0.0292442665845775,0.00025996059544658494,0.6035703119826897,3.775863537665802,4,0.7129225513724031,0.8237294952074361,18.541366577148438,0.1241912841796875,-2.32452392578125,1.0,1.363883665308676
(0)yqy36+2+2.jpg,1,6,2,3,1,0,0,0,0,0,0,1.0,0.016589590630472856,0.4568124032366558,1.3489918847571634,2,0.7012617557947064,0.9897276141933268,10.692375183105469,-8.450912475585938,-13.576339721679688,0.9107121220737596,1.15182640086458
(1)yqy36+2+2.jpg,0,6,2,3,1,0,0,0,0,0,0,0.3701443298969072,0.006140542907180385,0.18534165810178144,0.5473240019650091,1,0.9941636811757045,1.4031155130834425,45.03895568847656,18.182723999023438,16.023902893066406,0.9444526508678259,1.1944998548597268
(2)yqy36+2+2.jpg,0,6,2,3,1,0,0,0,0,0,0,0.05369072164948454,0.0008907070928196148,0.27109255796147974,0.8005510754896077,2,0.8121968723995988,1.146296181323004,4.492401123046875,9.057884216308594,-1.48138427734375,1.0,1.264753562565726
(3)yqy36+2+2.jpg,0,6,2,3,1,0,0,0,0,0,0,0.05880412371134021,0.0009755363397548161,0.4414093923206507,1.3035059553487354,1,1.0,1.411352616929346,11.701156616210938,8.014549255371094,-2.8970260620117188,0.9810028993702393,1.2407269118658166
(4)yqy36+2+2.jpg,1,6,2,3,1,0,0,0,0,0,0,0.7678350515463918,0.012738069176882662,1.0,2.953054416209242,2,0.6883016051223508,0.971436271626099,2.0217361450195312,-5.6716156005859375,-3.0371322631835938,0.9240452026442333,1.1686894620160624
(5)yqy36+2+2.jpg,0,6,2,3,1,0,0,0,0,0,0,0.014515463917525773,0.00024080560420315238,0.4534591208143932,1.339089459291304,3,0.8868139600318258,1.2516072032203938,1.6318359375,14.601226806640625,0.8411178588867188,0.9905580358880256,1.2528118048174886
(0)yqy37+4+1.jpg,0,10,0,2,0,5,1,2,0,0,0,0.03461538461538462,0.00034478984238178636,0.23461801908580085,1.2285958704497948,6,0.7652768491767933,0.8292627798949261,-3.082305908203125,12.884971618652344,3.5671539306640625,1.0,1.3870592076384567
(1)yqy37+4+1.jpg,0,10,0,2,0,5,1,2,0,0,0,0.04395604395604396,0.00043782837127845885,0.4891634939216847,2.561543443886944,4,0.6519128722312745,0.7064202729473946,61.793121337890625,11.568168640136719,0.8204269409179688,0.9994357719393959,1.386276589911788
(2)yqy37+4+1.jpg,0,10,0,2,0,5,1,2,0,0,0,0.04423076923076923,0.00044056479859894924,0.45661080786824676,2.391078720788773,4,0.7051165784250953,0.7640724198096189,51.234405517578125,9.560256958007812,1.464385986328125,0.9920279088308737,1.3760014451781868
(3)yqy37+4+1.jpg,0,10,0,2,0,5,1,2,0,0,0,0.028708791208791207,0.00028595665499124345,0.535864431714222,2.8060966096736744,4,0.6621708199315344,0.7175359028466719,-5.667167663574219,9.070266723632812,-0.931884765625,0.9909696841610577,1.3745336249061684
(4)yqy37+4+1.jpg,0,10,0,2,0,5,1,2,0,0,0,0.07554945054945054,0.0007525175131348511,0.59422907089729,3.1117276731359667,4,0.7317714540624048,0.7929559490742583,50.902557373046875,4.541999816894531,-4.536872863769531,0.975141325875582,1.352578754804499
(5)yqy37+4+1.jpg,1,10,0,2,0,5,1,2,0,0,0,1.0,0.009960595446584938,0.041059653470409095,0.21501213288053536,6,0.7544136516241473,0.8174912943067428,0.9160614013671875,2.7482070922851562,-9.416023254394531,0.9121416380048196,1.2651944576650092
(6)yqy37+4+1.jpg,1,10,0,2,0,5,1,2,0,0,0,0.8557692307692307,0.008523971103327496,0.054962486102858955,0.28781541894670903,2,0.8955572291318655,0.9704360953604668,-3.9005889892578125,5.4790802001953125,13.788177490234375,0.9671615049113685,1.3415102706607802
(7)yqy37+4+1.jpg,1,10,0,2,0,5,1,2,0,0,0,0.8032967032967033,0.008001313485113836,0.11014291226150512,0.5767720982859024,2,0.8845426776838524,0.9585006009535728,1.2748489379882812,6.7789154052734375,-6.1102447509765625,0.9627466408028615,1.335386592748603
(8)yqy37+4+1.jpg,1,10,0,2,0,5,1,2,0,0,0,0.8873626373626373,0.008838660245183889,0.04933519588458351,0.2583476672755666,5,0.8475279327435794,0.918390998370807,-1.7579345703125,2.652984619140625,-0.5598220825195312,0.9649394353144582,1.3384281285663724
(9)yqy37+4+1.jpg,0,10,0,2,0,5,1,2,0,0,0,0.042032967032967036,0.0004186733800350263,1.0,5.23657933536849,4,1.0,1.0836114809783706,45.010711669921875,12.354598999023438,2.5323715209960938,0.971112177071142,1.3469900868563547
(0)yqy38+4+1.jpg,0,6,1,1,2,1,1,0,0,0,0,0.05004170141784821,0.0007763975155279503,0.35775268951224165,0.6989585962431599,3,0.6122830395076895,0.691764747630848,45.00225830078125,-1.3583221435546875,-6.127899169921875,0.9986676885839234,1.4134022017114367
(1)yqy38+4+1.jpg,1,6,1,1,2,1,1,0,0,0,0,1.0,0.015515010351966873,1.0,1.953747984944898,4,0.734638018871375,0.8300028760117248,-20.352737426757812,-3.2845916748046875,-15.281196594238281,0.9704571609242848,1.3734761859192237
(2)yqy38+4+1.jpg,1,6,1,1,2,1,1,0,0,0,0,0.7562552126772311,0.011733307453416148,0.5324651977797392,1.040302807215452,1,0.7333314159663108,0.8285266603229771,-2.2200851440429688,-7.9661865234375,-7.7881011962890625,0.9810151694347019,1.388418806617678
(3)yqy38+4+1.jpg,1,6,1,1,2,1,1,0,0,0,0,0.786697247706422,0.012205615942028986,0.35848171763853987,0.7003829334758831,2,0.8607020701823955,0.9724315585220382,-2.6668701171875,-1.9509201049804688,11.462249755859375,0.9711631960822015,1.3744754288686978
(4)yqy38+4+1.jpg,1,6,1,1,2,1,1,0,0,0,0,0.8483110925771477,0.013161555383022775,0.7604602728956161,1.4857477258004572,5,1.0,1.1298120362554323,2.2069244384765625,-8.156814575195312,1.2511367797851562,0.9639979167730776,1.3643344964372566
(5)yqy38+4+1.jpg,0,6,1,1,2,1,1,0,0,0,0,0.07881567973311093,0.0012228260869565218,0.5512431655492183,1.076990223906432,3,0.7722221335434123,0.872465861140197,-18.914588928222656,7.24822998046875,4.529632568359375,1.0,1.4152878058121543
(0)yqy4+7+1.jpg,1,8,2,2,0,0,3,1,0,0,0,0.42796500043316293,0.010291666666666666,0.2421111934915646,0.6366010028352593,2,0.7982121350875669,0.6484938934406094,-9.452011108398438,-14.435195922851562,-11.392974853515625,0.94558484330577,1.1076853731523668
(1)yqy4+7+1.jpg,1,8,2,2,0,0,3,1,0,0,0,0.5597331716191631,0.013460416666666667,0.5154608648835081,1.355339663461715,2,0.820692410633852,0.6667576115348336,11.704078674316406,-1.9950714111328125,24.608665466308594,0.965019247784061,1.1304513953966222
(2)yqy4+7+1.jpg,1,8,2,2,0,0,3,1,0,0,0,1.0,0.024047916666666665,0.31763260424044576,0.8351750758673117,5,1.0,0.8124330174076684,11.317031860351562,-20.139984130859375,26.16455841064453,0.9506738101832397,1.1136467358101303
(3)yqy4+7+1.jpg,1,8,2,2,0,0,3,1,0,0,0,0.8342718530711254,0.0200625,0.37967359137890505,0.9983040665581475,6,0.8939959366868482,0.7263118163926909,3.396514892578125,-5.3234100341796875,-6.583076477050781,0.9688952378868098,1.1349918420563723
(4)yqy4+7+1.jpg,1,8,2,2,0,0,3,1,0,0,0,0.7633197608940483,0.01835625,0.6535721383755269,1.7184859267134274,1,0.8233326710947267,0.6689026463078043,12.11871337890625,-6.7086334228515625,2.63995361328125,0.9716189292989738,1.1381824527769158
(5)yqy4+7+1.jpg,1,8,2,2,0,0,3,1,0,0,0,0.9039244563804903,0.0217375,0.3313616498163858,0.8712738784694264,5,0.9182091980096672,0.7459834693504691,-16.297943115234375,-18.22759246826172,-13.756591796875,0.969384349429153,1.1355648014318627
(6)yqy4+7+1.jpg,1,8,2,2,0,0,3,1,0,0,0,0.8689248895434463,0.020895833333333332,1.0,2.629374518602913,5,0.9139518859821303,0.7425246884938914,1.7855987548828125,-1.0819931030273438,0.6693878173828125,0.9746967882253131,1.1417879455441367
(7)yqy4+7+1.jpg,0,8,2,2,0,0,3,1,0,0,0,0.12076583210603829,0.002904166666666667,0.1604678092254385,0.42192996863340143,1,0.47724589429511205,0.38773032194759904,11.480209350585938,11.167488098144531,-3.1773529052734375,1.0,1.1714288580175338
(0)yqy5+6+1.jpg,1,7,0,0,0,2,3,2,0,0,0,0.8795949812898965,0.008325,0.24774861759784436,1.0415889808062537,6,0.9623104661444372,0.8632308954511265,14.87548828125,-11.1590576171875,1.8701934814453125,0.9546446595901292,1.1730829439971973
(1)yqy5+6+1.jpg,1,7,0,0,0,2,3,2,0,0,0,0.7783403037640326,0.007366666666666666,0.3020205196274686,1.2697598407269066,5,0.951912494913106,0.8539035002572871,2.392333984375,-4.313301086425781,-0.3900604248046875,0.9702326435860534,1.1922377132332929
(2)yqy5+6+1.jpg,1,7,0,0,0,2,3,2,0,0,0,0.6867708562623817,0.0065,1.0,4.20421712502551,5,0.9439089428323256,0.8467239946065143,39.5015869140625,-8.009803771972656,29.539520263671875,0.9727068019999241,1.195277999487348
(3)yqy5+6+1.jpg,1,7,0,0,0,2,3,2,0,0,0,0.637904468412943,0.0060375,0.2252902525642553,0.9471691379319644,4,1.0,0.8970399115679583,19.86833953857422,-8.23297119140625,11.219764709472656,0.9729088850098336,1.1955263223892936
(4)yqy5+6+1.jpg,1,7,0,0,0,2,3,2,0,0,0,1.0,0.009464583333333334,0.07619078358696181,0.3203225971254174,6,0.7854625506353284,0.7045912569618579,17.573165893554688,-1.8733673095703125,-6.178672790527344,0.9260921104429928,1.1379971054334241
(5)yqy5+6+1.jpg,1,7,0,0,0,2,3,2,0,0,0,0.587277129650011,0.0055583333333333335,0.17077712012727447,0.717984093001626,4,0.8235075433744687,0.73871913388418,14.964042663574219,-8.382316589355469,15.893539428710938,0.9529575206891082,1.1710097601700427
(6)yqy5+6+1.jpg,0,7,0,0,0,2,3,2,0,0,0,0.12656834690732996,0.0011979166666666666,0.5247684683392508,2.2062405812652854,5,0.6788370225127134,0.6089439026438604,-11.904808044433594,7.178123474121094,5.337364196777344,1.0,1.2288163268004382
(0)yqy6+3+5.jpg,0,9,0,0,0,2,3,4,0,0,0,0.11904761904761904,0.002125,0.05915164187729946,0.24458138366140703,6,0.2976330003398774,0.6469908847932045,16.256561279296875,13.810615539550781,-0.7407760620117188,0.9671652598535951,1.1137337299852035
(1)yqy6+3+5.jpg,0,9,0,0,0,2,3,4,0,0,0,0.10714285714285714,0.0019125,1.0,4.134819861277083,6,0.4789829396603346,1.041207109352146,46.92144775390625,6.853706359863281,-4.864402770996094,0.983002357837957,1.1319708513360411
(2)yqy6+3+5.jpg,1,9,0,0,0,2,3,4,0,0,0,0.7761437908496732,0.013854166666666667,0.48158294362655046,1.9912587201593424,5,0.3998532797157516,0.869196046592074,13.8677978515625,-6.2633209228515625,26.027557373046875,0.9490689944601819,1.092895077076538
(3)yqy6+3+5.jpg,1,9,0,0,0,2,3,4,0,0,0,0.8151260504201681,0.01455,0.5672430672418248,2.345447900603229,5,0.38594657740541505,0.8389658314544858,16.432266235351562,-17.715179443359375,13.453559875488281,0.9765550371755501,1.1245464753913965
(4)yqy6+3+5.jpg,1,9,0,0,0,2,3,4,0,0,0,1.0,0.01785,0.36161416174587246,1.4952094181058968,5,0.4606066495098726,1.0012609602017248,-6.080352783203125,-15.27923583984375,-26.570449829101562,0.9695710307200952,1.116504081932132
(5)yqy6+3+5.jpg,0,9,0,0,0,2,3,4,0,0,0,0.08800186741363213,0.0015708333333333334,0.23746137681033622,0.9818600171215794,6,0.4588756571030584,0.9974981506087827,4.38055419921875,9.352912902832031,-0.7219390869140625,1.0,1.1515443908249923
(6)yqy6+3+5.jpg,0,9,0,0,0,2,3,4,0,0,0,0.06162464985994398,0.0011,0.29481846036335707,1.2190212253815391,4,0.38615609819377583,0.8394212851175181,-0.187408447265625,12.629867553710938,-0.191070556640625,0.9774198175623684,1.1255423083951326
(7)yqy6+3+5.jpg,0,9,0,0,0,2,3,4,0,0,0,0.21008403361344538,0.00375,0.07476141605890488,0.30912498797755933,6,0.30245430463647854,0.6574713756297488,-9.239166259765625,11.846176147460938,-2.854156494140625,0.8710549269885073,1.0030584152740887
(8)yqy6+3+5.jpg,0,9,0,0,0,2,3,4,0,0,0,0.02100840336134454,0.000375,0.48575296666534806,2.0085010142421456,4,1.0,2.17378746326645,-4.580375671386719,11.930397033691406,-0.8847503662109375,0.8721630610349881,1.004334480819596
(0)yqy7+2+1.jpg,1,7,0,0,2,1,3,1,0,0,0,1.0,0.01455,0.10313525063094073,0.28702561950459504,5,0.8164747438646991,0.7445103389028261,-5.403236389160156,-6.610130310058594,-10.436439514160156,0.9303147198169557,1.2427078763236619
(1)yqy7+2+1.jpg,1,7,0,0,2,1,3,1,0,0,0,0.979381443298969,0.01425,0.12761538596062386,0.35515388763381106,5,0.8532297029069111,0.778025701403018,-11.302169799804688,-10.747665405273438,-21.086349487304688,0.9329390759778317,1.2462134728727963
(2)yqy7+2+1.jpg,0,7,0,0,2,1,3,1,0,0,0,0.03350515463917526,0.0004875,1.0,2.7830021040205524,4,1.0,0.9118596068002828,2.5723114013671875,4.9386138916015625,-2.2402267456054688,1.0,1.3357929847312007
(3)yqy7+2+1.jpg,0,7,0,0,2,1,3,1,0,0,0,0.08719931271477663,0.00126875,0.1105152272396484,0.307564109934251,3,0.31629139531272876,0.2884133473641776,-24.642578125,3.3491134643554688,16.710037231445312,0.8517003183009575,1.1376953102797498
(4)yqy7+2+1.jpg,1,7,0,0,2,1,3,1,0,0,0,0.3337628865979381,0.00485625,0.05273721990230366,0.14676779394830564,5,0.6110174600759203,0.5571621408929361,6.190521240234375,7.1580963134765625,-1.4684906005859375,0.9089467054019994,1.214164632570528
(5)yqy7+2+1.jpg,1,7,0,0,2,1,3,1,0,0,0,0.4392898052691867,0.006391666666666667,0.09805708436378024,0.2728930720985212,6,0.5327706485193618,0.48581203407359697,64.62161254882812,-25.673324584960938,-11.905303955078125,0.937350983932047,1.2521068685673167
(6)yqy7+2+1.jpg,0,7,0,0,2,1,3,1,0,0,0,0.09765177548682703,0.0014208333333333334,0.17785195195477874,0.4949623564943114,3,0.5010712405347455,0.45690662437294294,32.109344482421875,13.058555603027344,1.9146270751953125,0.9434857559339035,1.260301653970322
(0)yqy8+5+1.jpg,1,11,1,1,2,1,2,4,0,0,0,0.8630952380952381,0.009666666666666667,0.03902845673973046,0.27551289646049903,4,0.9324554409599601,0.8347616223746865,7.660125732421875,3.83660888671875,5.5189208984375,0.949793115046277,1.1168147342694235
(1)yqy8+5+1.jpg,1,11,1,1,2,1,2,4,0,0,0,1.0,0.0112,0.03512948753665722,0.24798897191711694,1,0.8200514234014222,0.734134229432457,8.680465698242188,4.4480743408203125,-2.1267852783203125,0.9314828174586695,1.0952845612130504
(2)yqy8+5+1.jpg,1,11,1,1,2,1,2,4,0,0,0,0.7659970238095238,0.008579166666666667,0.09395927337820838,0.6632850417424121,5,1.0,0.8952295044954662,1.1890411376953125,-1.7383346557617188,-1.6744384765625,0.9675999962461188,1.1377529649012592
(3)yqy8+5+1.jpg,1,11,1,1,2,1,2,4,0,0,0,0.9944196428571429,0.0111375,0.030689155580597434,0.21664341483761368,6,0.9826023718277196,0.8796546344473992,-3.6567840576171875,-0.328704833984375,-0.496551513671875,0.9603905376957879,1.1292757192700125
(4)yqy8+5+1.jpg,0,11,1,1,2,1,2,4,0,0,0,0.21205357142857142,0.002375,0.12141094915044154,0.8570741724564415,6,0.9116875194698608,0.8161695663097043,-26.299285888671875,7.648246765136719,-4.97552490234375,0.9874992265088183,1.1611514852800051
(5)yqy8+5+1.jpg,0,11,1,1,2,1,2,4,0,0,0,0.14564732142857142,0.00163125,0.15286192167014323,1.0790954681788922,6,0.6597644906424579,0.5906406380415513,41.97520446777344,-5.939689636230469,1.2897262573242188,0.971698492552936,1.1425721839409544
(6)yqy8+5+1.jpg,1,11,1,1,2,1,2,4,0,0,0,0.8816964285714286,0.009875,0.0415749670919446,0.2934894320863862,5,0.6513362113472029,0.5830953937443106,13.20379638671875,6.16644287109375,9.538772583007812,0.9561594442665515,1.1243005858341257
(7)yqy8+5+1.jpg,0,11,1,1,2,1,2,4,0,0,0,0.03794642857142857,0.000425,0.12261565206642389,0.8655785105082924,2,0.5614539391676583,0.5026301317580903,2.8093643188476562,6.477058410644531,1.7948455810546875,1.0,1.1758505263696386
(8)yqy8+5+1.jpg,0,11,1,1,2,1,2,4,0,0,0,0.028645833333333332,0.00032083333333333334,1.0,7.059282366654034,3,0.9578151011927919,0.8574643384390979,11.295158386230469,5.834014892578125,1.5374298095703125,0.9380416205956423,1.102996733334015
(9)yqy8+5+1.jpg,0,11,1,1,2,1,2,4,0,0,0,0.19996279761904762,0.0022395833333333334,0.03246934440319436,0.22921027040228675,6,0.9823915768683652,0.8794659245803863,72.65237426757812,-11.978591918945312,-15.893081665039062,0.9862340082891411,1.159663777770425
(0)yqy9+5+1.jpg,1,7,0,0,0,2,4,1,0,0,0,1.0,0.0087,0.4475772717240493,0.26659610222176827,5,1.0,0.9167741796325791,13.387619018554688,3.8972625732421875,-11.191108703613281,0.8874421097269773,0.9993442543155601
(1)yqy9+5+1.jpg,1,7,0,0,0,2,4,1,0,0,0,0.9482758620689655,0.00825,0.4989696501247549,0.2972075935353432,5,0.9890189992056067,0.9067070816377545,5.286895751953125,-6.0667572021484375,0.5487213134765625,0.9094542549971021,1.0241320243117644
(2)yqy9+5+1.jpg,1,7,0,0,0,2,4,1,0,0,0,0.8611111111111112,0.0074916666666666664,0.3500514800038154,0.20850558337447414,4,0.7106806820331717,0.6515336992516828,-13.007003784179688,1.560546875,7.0078125,0.8806653025642134,0.9917129246474241
(3)yqy9+5+1.jpg,0,7,0,0,0,2,4,1,0,0,0,0.0610632183908046,0.00053125,0.7627832770803431,0.45434623551426373,4,0.9189825189901851,0.842499444943908,3.3406829833984375,11.890823364257812,0.206207275390625,1.0,1.1260951484745407
(4)yqy9+5+1.jpg,1,7,0,0,0,2,4,1,0,0,0,0.8448275862068966,0.00735,0.38402797082615314,0.22874342964740457,5,0.7447479308950914,0.6827656733794082,-3.192291259765625,3.9951019287109375,5.2731475830078125,0.9087876116759939,1.0233813205021014
(5)yqy9+5+1.jpg,1,7,0,0,0,2,4,1,0,0,0,0.9722222222222222,0.008458333333333333,0.3078579992431394,0.18337334762301122,6,0.95528771254548,0.8757831089819654,0.8421478271484375,-5.681739807128906,2.8058013916015625,0.9008556312272078,1.0144491558009285
(6)yqy9+5+1.jpg,0,7,0,0,0,2,4,1,0,0,0,0.04693486590038314,0.00040833333333333336,1.0,0.595642627684938,5,0.9428679652267908,0.8643970053226303,-7.3565521240234375,11.259872436523438,-1.5763397216796875,0.895234205129299,1.0081188951445652
(0)yx1+4+1.jpg,1,7,2,3,0,0,0,1,1,0,0,0.661724433033804,0.00679698488045007,0.03995616503033253,0.688127493722161,1,0.8835261333007396,0.9227839157156605,-1.385009765625,-7.604820251464844,27.602401733398438,0.9518677827577522,1.3827210055712176
(1)yx1+4+1.jpg,0,7,2,3,0,0,0,1,1,0,0,0.1652759948652118,0.001697652953586498,0.1245077862497535,2.1442806344376635,2,0.827511821443238,0.8642807157719535,-4.434112548828125,-15.051483154296875,9.033401489257812,0.9533611103092882,1.3848902725756378
(2)yx1+4+1.jpg,1,7,2,3,0,0,0,1,1,0,0,0.6590500641848523,0.006769514767932489,0.09645058011227081,1.6610777313168252,2,1.0,1.0444330743995753,4.597709655761719,-7.7893524169921875,1.5139312744140625,0.8816227959546734,1.2806803434665635
(3)yx1+4+1.jpg,1,7,2,3,0,0,0,1,1,0,0,0.8923192126658108,0.009165567862165963,0.06820208441292525,1.174580427777929,6,0.8804192865688282,0.919539022231762,8.724609375,-7.595848083496094,8.637290954589844,0.9154397936365986,1.3298042595052801
(4)yx1+4+1.jpg,1,7,2,3,0,0,0,1,1,0,0,1.0,0.01027162447257384,0.04162407235130297,0.716852294605052,1,0.9865811409658591,1.030417974203613,2.9615936279296875,-4.7897796630859375,4.2086181640625,0.9169190431940843,1.3319530762555347
(5)yx1+4+1.jpg,0,7,2,3,0,0,0,1,1,0,0,0.05365853658536585,0.0005511603375527426,0.23340630784177321,4.01973756771136,2,0.9579479671031828,1.0005125403964006,59.754608154296875,-5.5309906005859375,-13.037490844726562,1.0,1.4526397789882088
(6)yx1+4+1.jpg,0,7,2,3,0,0,0,1,1,0,0,0.0038510911424903724,3.9556962025316456e-05,1.0,17.222060555605683,7,0.741892980535551,0.7748575665362099,8.410812377929688,11.57672119140625,18.146484375,0.9498698781967895,1.3798187699313411
(0)yx10+3+4.jpg,0,12,0,0,0,5,4,3,0,0,0,0.10430247718383312,0.0005861664712778429,0.5028028379878399,3.803838354390895,4,1.0,1.1468415625339705,-17.56402587890625,6.747322082519531,7.677909851074219,0.9708176175581691,1.244126442395005
(1)yx10+3+4.jpg,0,12,0,0,0,5,4,3,0,0,0,0.13624511082138202,0.0007656799531066823,0.2582170327660836,1.953481123780757,4,0.6686782055539688,0.7668679580899251,-18.392852783203125,6.126914978027344,2.285430908203125,0.9621105770839213,1.2329681577768685
(2)yx10+3+4.jpg,1,12,0,0,0,5,4,3,0,0,0,0.5880052151238592,0.0033045134818288392,0.13149970711139106,0.9948305612260203,5,0.610364736567399,0.6999916482005912,4.102203369140625,7.9608001708984375,3.079315185546875,0.9638509352322657,1.235198469168455
(3)yx10+3+4.jpg,0,12,0,0,0,5,4,3,0,0,0,0.06779661016949153,0.0003810082063305979,0.9107373451327464,6.889972335987216,6,0.7603371563064105,0.8719862523910797,3.6177749633789062,11.251899719238281,4.1785736083984375,0.938430355942877,1.2026213771349636
(4)yx10+3+4.jpg,0,12,0,0,0,5,4,3,0,0,0,0.3754889178617992,0.0021101992966002345,0.29135587801420654,2.204185378115302,6,0.6306587233215912,0.7232656356798127,6.8106231689453125,-3.6660232543945312,-4.7325286865234375,0.9814920435432821,1.2578059795040146
(5)yx10+3+4.jpg,0,12,0,0,0,5,4,3,0,0,0,0.08311603650586702,0.00046710140679953106,0.4093329708677744,3.0967137348203826,4,0.7211960858185602,0.8270976459535412,-34.066131591796875,10.085861206054688,-2.6628341674804688,0.9686394646080072,1.2413350862928225
(6)yx10+3+4.jpg,1,12,0,0,0,5,4,3,0,0,0,1.0,0.005619871043376319,0.09459173022379416,0.715611814908186,5,0.6347005223098687,0.7279009387469771,4.592803955078125,5.3426513671875,10.714859008789062,0.9608536152528022,1.231357330549495
(7)yx10+3+4.jpg,1,12,0,0,0,5,4,3,0,0,0,0.8761408083441982,0.00492379835873388,0.1544598579461604,1.168530261723749,5,0.5171255862888705,0.5930611154058238,-4.0463104248046875,-5.317497253417969,-3.8893508911132812,0.9044559640653979,1.1590823657546625
(8)yx10+3+4.jpg,0,12,0,0,0,5,4,3,0,0,0,0.05378096479791395,0.00030224208675263777,1.0,7.565268266212312,6,0.8246374711971194,0.9457285259917666,22.67706298828125,12.890670776367188,-0.8330154418945312,0.947890294927749,1.2147445195477735
(9)yx10+3+4.jpg,0,12,0,0,0,5,4,3,0,0,0,0.06649282920469361,0.00037368112543962484,0.554136307621972,4.192189823208569,4,0.6598595725724626,0.7567543832620011,-10.875839233398438,11.821517944335938,-0.7172012329101562,0.9769722616484289,1.2520137688276276
(10)yx10+3+4.jpg,0,12,0,0,0,5,4,3,0,0,0,0.07757496740547588,0.00043596131301289567,0.9099262080270628,6.883835866182041,4,0.8149574028404283,0.9346270212721433,-0.0640106201171875,11.138557434082031,-4.5133056640625,0.9605851272028901,1.2310132565686345
(11)yx10+3+4.jpg,0,12,0,0,0,5,4,3,0,0,0,0.08213820078226858,0.0004616060961313013,0.21323569510197804,1.6131852373787188,5,0.3416147816489949,0.3917780299710345,-36.14570617675781,5.0912322998046875,-1.47125244140625,1.0,1.2815243768693347
(0)yx11+1+1.jpg,1,3,0,2,0,0,0,1,0,0,0,1.0,0.05165592028135991,0.45843043176473325,1.6229050777043734,2,1.0,1.064129059417898,-17.815078735351562,-10.025238037109375,19.580703735351562,0.9522617778192249,1.077574653129816
(1)yx11+1+1.jpg,0,3,0,2,0,0,0,1,0,0,0,0.026382978723404255,0.0013628370457209847,0.6674831862177218,2.3629798048637514,6,0.8805176642277348,0.936984433835504,25.971710205078125,-3.63201904296875,16.438247680664062,0.9979967414225153,1.129328108627718
(2)yx11+1+1.jpg,0,3,0,2,0,0,0,1,0,0,0,0.016595744680851062,0.0008572684642438453,1.0,3.540133824573952,2,0.7804899276772114,0.8305420126242942,40.12591552734375,8.479248046875,0.341583251953125,1.0,1.1315949859896406
(0)yx2+4+5.jpg,0,11,0,0,0,4,3,4,0,0,0,0.38458781362007166,0.0006899434156378601,0.37114500560433583,1.0200229649790458,4,1.0,0.9572594555080293,53.30816650390625,9.368637084960938,7.18524169921875,1.0,1.3184256863310564
(1)yx2+4+5.jpg,1,11,0,0,0,4,3,4,0,0,0,0.8939068100358423,0.0016036522633744855,1.0,2.748313865407245,5,0.9022588950293117,0.863695858583035,2.5139694213867188,0.6535186767578125,-3.9060821533203125,0.9782370283265234,1.2897328254658496
(2)yx2+4+5.jpg,0,11,0,0,0,4,3,4,0,0,0,0.6064516129032258,0.0010879629629629629,0.6262394074880481,1.72110244666382,6,0.8930207867218836,0.8548525920547423,-58.304771423339844,7.5057373046875,10.914207458496094,0.9759561166500509,1.286725612923336
(3)yx2+4+5.jpg,0,11,0,0,0,4,3,4,0,0,0,0.210752688172043,0.0003780864197530864,0.04588846534394055,0.12611590556701166,4,0.3029557426137625,0.29000724921748094,58.181884765625,0.9454498291015625,-9.124221801757812,0.9951484043711551,1.312029218034296
(4)yx2+4+5.jpg,0,11,0,0,0,4,3,4,0,0,0,0.556989247311828,0.0009992283950617283,0.8031520166116154,2.207313823283492,6,0.8339026097041853,0.798261158112153,-43.143768310546875,-7.557426452636719,3.9282379150390625,0.9807504568860572,1.2930465942394973
(5)yx2+4+5.jpg,1,11,0,0,0,4,3,4,0,0,0,0.9516129032258065,0.001707175925925926,0.8754681892889975,2.4060613633459265,4,0.7190575802044682,0.6883246677054504,8.572586059570312,-3.0917129516601562,-1.3865432739257812,0.9824600507176918,1.2953005666603175
(6)yx2+4+5.jpg,1,11,0,0,0,4,3,4,0,0,0,1.0,0.0017939814814814815,0.6207233884019595,1.705942694927672,5,0.873639306293056,0.8362994866525032,0.9475479125976562,-0.0918121337890625,-3.3949356079101562,0.9945545904800995,1.3112463185474281
(7)yx2+4+5.jpg,1,11,0,0,0,4,3,4,0,0,0,0.9397849462365592,0.0016859567901234569,0.44021986268052377,1.2098623524325567,5,0.7072255031282816,0.6769983000459708,5.9537353515625,-4.5569610595703125,1.816802978515625,0.9969603780107108,1.3144181706236409
(8)yx2+4+5.jpg,0,11,0,0,0,4,3,4,0,0,0,0.6774193548387096,0.0012152777777777778,0.551566089528242,1.5158767315389212,6,0.7988194964399256,0.7646775162112812,-36.957275390625,-6.715057373046875,13.492103576660156,0.9609067721963586,1.2668841706331442
(9)yx2+4+5.jpg,0,11,0,0,0,4,3,4,0,0,0,0.0913978494623656,0.00016396604938271605,0.2517341379342767,0.6918444216811126,4,0.381050090346372,0.3647638020062534,23.12042999267578,6.3182830810546875,-2.478912353515625,0.9900008977134127,1.3052426130361683
(10)yx2+4+5.jpg,0,11,0,0,0,4,3,4,0,0,0,0.421505376344086,0.0007561728395061729,0.07061389183967223,0.1940691380333387,6,0.521710115959001,0.49941194153594415,67.04660034179688,10.898551940917969,-0.3138885498046875,0.9246164368964788,1.219038060408216
(0)yx3+3+1.jpg,1,5,0,1,1,1,2,0,0,0,0,1.0,0.09524209104938272,0.305350215898525,0.5490053660363378,3,0.7526040020017112,0.9317963584858279,10.834365844726562,-1.9769210815429688,7.1653594970703125,0.7929603001030244,1.0577736755694105
(1)yx3+3+1.jpg,1,5,0,1,1,1,2,0,0,0,0,0.5671767243561829,0.05401909722222222,0.24407559568161896,0.4388364729116659,5,0.9380931823963914,1.161449858029524,0.48442840576171875,5.049896240234375,-4.33416748046875,0.765677509732791,1.0213796499845709
(2)yx3+3+1.jpg,1,5,0,1,1,1,2,0,0,0,0,0.6194821108489372,0.059000771604938274,0.09181274375547557,0.16507500688660504,4,0.8357807681832681,1.0347772191143443,-19.601486206054688,-15.218231201171875,40.407958984375,0.6012167505505082,0.8019963319236576
(3)yx3+3+1.jpg,0,5,0,1,1,1,2,0,0,0,0,0.04519124631634379,0.004304108796296296,0.591440793144307,1.0633828051293042,2,1.0,1.2380964703981328,13.124519348144531,10.601234436035156,12.026069641113281,0.9600364424906035,1.280645798184258
(4)yx3+3+1.jpg,0,5,0,1,1,1,2,0,0,0,0,0.028962905202183357,0.0027584876543209876,1.0,1.7979530959912111,5,0.8420074617295067,1.0424864664161932,-1.5099334716796875,8.149765014648438,5.555206298828125,1.0,1.333955401590698
(0)yx4+1+3.jpg,0,12,0,0,1,2,4,5,0,0,0,0.06789250353606789,0.00022492970946579193,0.5984468479038688,1.6237917135301025,6,0.3058085526012397,0.44485267528180467,45.74134826660156,1.7298431396484375,5.06585693359375,0.9809608317112235,1.1733462730400583
(1)yx4+1+3.jpg,0,12,0,0,1,2,4,5,0,0,0,0.4679101838755304,0.0015501991565135896,0.13679944423384174,0.37118384822392436,6,0.3462464783671994,0.5036767968010315,-10.072738647460938,-13.084320068359375,11.140983581542969,0.9550522274537737,1.142356489082917
(2)yx4+1+3.jpg,0,12,0,0,1,2,4,5,0,0,0,0.16893564356435645,0.0005596883786316776,1.0,2.713343247136527,4,0.7110787019320861,1.0343898501193167,7.3565216064453125,8.780502319335938,8.614540100097656,0.9621397664079439,1.1508340318634933
(3)yx4+1+3.jpg,1,12,0,0,1,2,4,5,0,0,0,1.0,0.0033130271790065605,0.3210123669644375,0.8710167381502693,5,0.5233019832182243,0.7612353717211161,12.6859130859375,6.539863586425781,5.307884216308594,0.9845999554611977,1.1776990995252046
(4)yx4+1+3.jpg,0,12,0,0,1,2,4,5,0,0,0,0.08398161244695898,0.0002782333645735708,0.2696242658828222,0.731583181097299,6,0.720941367808763,1.0487368435677678,-77.00454711914062,-10.944671630859375,8.563888549804688,0.9962870667615121,1.1916782799812753
(5)yx4+1+3.jpg,0,12,0,0,1,2,4,5,0,0,0,0.1775990099009901,0.0005883903467666354,0.5780348560613278,1.568406973303538,4,0.6418335374752873,0.9336605003450402,45.16082763671875,11.541595458984375,0.47052001953125,0.9478247787454434,1.1337115975323397
(6)yx4+1+3.jpg,0,12,0,0,1,2,4,5,0,0,0,0.10687765205091938,0.00035408856607310215,0.3298609644109594,0.895026020278419,3,1.0,1.4546770242291822,5.7272186279296875,1.9212570190429688,12.271942138671875,0.992073834689178,1.1866387513989747
(7)yx4+1+3.jpg,0,12,0,0,1,2,4,5,0,0,0,0.04084158415841584,0.00013530927835051548,0.45632872287640636,1.2381764586911326,6,0.4160423522470265,0.6052072509200138,7.11212158203125,12.636474609375,0.555999755859375,0.9747125447769378,1.16587257587476
(8)yx4+1+3.jpg,0,12,0,0,1,2,4,5,0,0,0,0.056577086280056574,0.00018744142455482662,0.6894579296357045,1.8707360175617695,5,0.3500124939630964,0.5091551331612717,39.9998779296875,8.797988891601562,-0.41489410400390625,0.979586768325634,1.171702729179505
(9)yx4+1+3.jpg,0,12,0,0,1,2,4,5,0,0,0,0.07072135785007072,0.00023430178069353328,0.1142086964445591,0.3098873952621099,5,0.28916019058113157,0.4206346855601037,8.526397705078125,-2.4437255859375,-2.3758697509765625,0.940535475979781,1.1249927211443493
(10)yx4+1+3.jpg,0,12,0,0,1,2,4,5,0,0,0,0.01953677510608204,6.472586691658857e-05,0.5924213687192762,1.6074425202738267,5,0.40740884016620804,0.5926482792576421,21.458084106445312,10.108779907226562,1.9633026123046875,1.0,1.1961193914269042
(11)yx4+1+3.jpg,0,12,0,0,1,2,4,5,0,0,0,0.0510961810466761,0.00016928303655107778,0.5275220600996472,1.4313484194869268,6,0.6309659590356348,0.9178516836798694,26.773887634277344,-3.9102706909179688,-2.08465576171875,0.9795815281732569,1.1716964613316327
(0)yx5+1+2.jpg,0,5,0,0,0,2,3,0,0,0,0,0.8866995073891626,0.00121875,1.0,0.9620538590990879,5,0.8575355060352344,0.8911691353806801,-7.0321807861328125,21.375625610351562,-0.3005218505859375,0.9624346607009507,1.2737707926718278
(1)yx5+1+2.jpg,0,5,0,0,0,2,3,0,0,0,0,1.0,0.0013744791666666666,0.6766338666758465,0.6509582226326358,5,0.8671939231065547,0.9012063678101452,-17.228607177734375,6.93389892578125,-1.3867263793945312,1.0,1.323488071121761
(2)yx5+1+2.jpg,0,5,0,0,0,2,3,0,0,0,0,0.49696854869268664,0.0006830729166666667,0.7194097849968978,0.6921109599299107,4,1.0,1.0392212673513064,21.787376403808594,7.876495361328125,-0.6306610107421875,0.971340881022857,1.2855580690266528
(3)yx5+1+2.jpg,0,5,0,0,0,2,3,0,0,0,0,0.6684350132625995,0.00091875,0.673258406155613,0.6477108478129087,5,0.8982095397049877,0.9334384561992508,-27.029525756835938,12.710472106933594,-2.8335113525390625,0.9616474834061531,1.272728972912305
(4)yx5+1+2.jpg,0,5,0,0,0,2,3,0,0,0,0,0.6445623342175066,0.0008859375,0.4323006946860412,0.4158965516139225,4,0.6345205521528146,0.6594072523686986,5.4076080322265625,1.8581314086914062,-4.2419281005859375,0.9556020453423886,1.2647279077502074
(0)yx6+3+2.jpg,0,6,0,0,0,2,4,0,0,0,0,0.06762295081967214,0.00044560185185185187,1.0,2.8749136317671544,4,0.8439559765994459,0.8950996218088773,51.316162109375,9.771240234375,6.5809783935546875,0.9918725401941725,1.2126153835386768
(1)yx6+3+2.jpg,0,6,0,0,0,2,4,0,0,0,0,0.07494145199063232,0.0004938271604938272,0.8483921269213748,2.43905409077019,4,0.9347644468018874,0.9914110759474691,30.400711059570312,-3.25738525390625,4.6947479248046875,0.9903491220252215,1.2107529261841554
(2)yx6+3+2.jpg,1,6,0,0,0,2,4,0,0,0,0,0.9041764246682279,0.005958076131687243,0.04298374701088393,0.12357456022602088,5,0.8732777797920998,0.9261983232532958,3.79833984375,-5.252220153808594,-1.96533203125,0.9959162714580906,1.2175590537571943
(3)yx6+3+2.jpg,1,6,0,0,0,2,4,0,0,0,0,0.9601873536299765,0.006327160493827161,0.22765371525122544,0.6544847692981861,5,0.842748439859852,0.8938189084673047,-3.9544906616210938,-6.3604583740234375,-6.4364166259765625,0.9940815507649088,1.2153160129965201
(4)yx6+3+2.jpg,1,6,0,0,0,2,4,0,0,0,0,1.0,0.006589506172839506,0.06006130491487406,0.17267106424149503,5,1.0,1.0605998969466448,1.5872955322265625,-4.502265930175781,1.425140380859375,0.9897482995634113,1.210018389708507
(5)yx6+3+2.jpg,0,6,0,0,0,2,4,0,0,0,0,0.2459016393442623,0.0016203703703703703,0.12238609110831909,0.35184944166600346,5,0.9600141746324204,1.0181909346824634,-33.39582061767578,-0.6212081909179688,-12.81072998046875,1.0,1.2225516227128244
(0)yx7+1+1.jpg,1,3,0,0,0,2,1,0,0,0,0,1.0,0.004269444444444445,0.24103576154647682,0.8301752183695985,5,1.0,0.7400323366563979,10.63031005859375,3.6478729248046875,23.275474548339844,0.9329015134843226,1.2269515311695618
(1)yx7+1+1.jpg,0,3,0,0,0,2,1,0,0,0,0,0.18607677293428757,0.0007944444444444444,0.23609939517789194,0.8131733884266085,4,0.7340212489622834,0.5431994600250062,81.93154907226562,14.323486328125,15.579437255859375,0.9114739095402619,1.1987699588508862
(2)yx7+1+1.jpg,0,3,0,0,0,2,1,0,0,0,0,0.02580785079158534,0.00011018518518518518,1.0,3.4441993712601984,4,0.9799980303204376,0.7252302322967009,15.00885009765625,10.109619140625,4.625495910644531,1.0,1.3151994218414147
(0)yx8+2+1.jpg,1,4,0,1,0,1,2,0,0,0,0,1.0,0.04496527777777778,0.951719831517974,2.820509603979572,5,0.567173432094494,0.6755830442505268,2.3284149169921875,5.8126068115234375,3.1533050537109375,0.8896819071649459,1.307844933284596
(1)yx8+2+1.jpg,0,4,0,1,0,1,2,0,0,0,0,0.05019305019305019,0.0022569444444444442,0.816838916730714,2.4207775578959736,5,0.40361813776457867,0.480765767216496,67.93594360351562,-25.227142333984375,2.3087997436523438,0.8349401424477534,1.2273737681997874
(2)yx8+2+1.jpg,1,4,0,1,0,1,2,0,0,0,0,0.7967824967824968,0.035827546296296295,1.0,2.963592341541224,4,0.6505277466476823,0.7748697145892689,-10.868621826171875,-11.664726257324219,1.3386688232421875,0.8771073386476427,1.2893601404713977
(3)yx8+2+1.jpg,0,4,0,1,0,1,2,0,0,0,0,0.020495495495495494,0.0009215856481481482,0.4299013406965826,1.2740523209066965,2,1.0,1.1911401451857344,63.720550537109375,18.787399291992188,3.3365020751953125,1.0,1.4700140834066924
(0)yx9+2+2.jpg,1,6,2,3,0,0,1,0,0,0,0,0.9905163329820864,0.013774912075029308,0.8838510817748826,1.656920796919469,5,0.7907613611530341,0.8375202836907377,4.1099395751953125,-2.8841629028320312,-11.845054626464844,0.9408967772499351,1.3212863683801475
(1)yx9+2+2.jpg,0,6,2,3,0,0,1,0,0,0,0,0.16596417281348788,0.0023080304806565063,0.5476478403368961,1.0266538274977792,1,0.8243593211842839,0.8731049422225761,-55.16462707519531,1.457061767578125,5.2893218994140625,1.0,1.4042840833635541
(2)yx9+2+2.jpg,1,6,2,3,0,0,1,0,0,0,0,1.0,0.013906799531066823,0.5655039517865008,1.06012797605406,2,1.0,1.0591315216382386,-0.3805389404296875,-7.630584716796875,3.2231826782226562,0.9458876869402553,1.3282950234197688
(3)yx9+2+2.jpg,0,6,2,3,0,0,1,0,0,0,0,0.26001053740779767,0.0036159144196951935,0.4358373445735673,0.817047096721246,1,0.6108061471001484,0.6469240440041699,-36.43669128417969,5.38934326171875,5.8924713134765625,0.9735819858354634,1.3671856865582224
(4)yx9+2+2.jpg,0,6,2,3,0,0,1,0,0,0,0,0.16991570073761855,0.0023629835873388043,0.44640101083568556,0.8368503856262861,2,0.8345044962931271,0.8838500169728916,8.607856750488281,4.111930847167969,-0.49134063720703125,0.9929290591046818,1.3943544736098543
(5)yx9+2+2.jpg,0,6,2,3,0,0,1,0,0,0,0,0.22049525816649104,0.0030663833528722156,1.0,1.8746605973397312,2,0.8847490499034887,0.9370656074922679,12.638420104980469,19.543785095214844,3.1835174560546875,0.9290970135417262,1.3047161480172587
(0)yyd1+1+2.jpg,0,5,0,0,0,4,1,0,0,0,0,0.08024691358024691,0.0011906506447831183,0.17453069123537077,0.5757536696035318,4,0.435564228461249,0.5964042983615634,-4.681159973144531,3.5019378662109375,6.219612121582031,1.0,1.0465046131524205
(1)yyd1+1+2.jpg,0,5,0,0,0,4,1,0,0,0,0,0.06444444444444444,0.0009561840562719812,0.27404885945884105,0.9040509458093139,4,0.97350299056299,1.3329868021778064,20.881622314453125,8.480644226074219,-0.898895263671875,0.9996393652511268,1.0461272072240617
(2)yyd1+1+2.jpg,0,5,0,0,0,4,1,0,0,0,0,0.02666666666666667,0.00039566236811254394,1.0,3.298867755167913,4,0.7518699969685717,1.0295117658888429,26.220977783203125,4.360633850097656,-1.7902984619140625,0.9489555864203224,0.9930863988656279
(3)yyd1+1+2.jpg,1,5,0,0,0,4,1,0,0,0,0,1.0,0.014837338804220399,0.11083425967999232,0.3656275654262338,5,1.0,1.369268317714075,-6.511222839355469,2.5227584838867188,2.1032180786132812,0.9800778929174853,1.0256560361868523
(4)yyd1+1+2.jpg,0,5,0,0,0,4,1,0,0,0,0,0.02567901234567901,0.0003810082063305979,0.6934806063831105,2.287700811231535,4,0.67656890398781,0.9264043649810442,21.22369384765625,-3.7178726196289062,-2.57391357421875,0.9893323850488842,1.0353409048947442
(0)yyd2+1+2.jpg,0,5,0,0,0,2,2,1,0,0,0,0.15776815776815778,0.002403282532239156,0.8629708145391689,1.6953402247429847,6,0.824450309068041,0.851457107238095,10.128089904785156,0.744842529296875,-5.654571533203125,0.9914261205002657,1.3053470188886267
(1)yyd2+1+2.jpg,1,5,0,0,0,2,2,1,0,0,0,1.0,0.015233001172332943,0.16536937241739746,0.3248746588833706,5,1.0,1.03275733888751,7.75390625,-7.160888671875,-2.90289306640625,0.9643942018619884,1.269755829913789
(2)yyd2+1+2.jpg,0,5,0,0,0,2,2,1,0,0,0,0.07082732082732082,0.0010789126611957796,1.0,1.9645394678246513,5,0.9223175225705337,0.9525301902192652,-31.037933349609375,16.078842163085938,8.884323120117188,0.9894599446320176,1.302758281558473
(3)yyd2+1+2.jpg,0,5,0,0,0,2,2,1,0,0,0,0.022486772486772486,0.00034254103165298945,0.951833388349878,1.8699142582066037,4,0.9057441036696264,0.9354138702188963,-3.3328857421875,5.264854431152344,-2.7781524658203125,0.9744394542158938,1.282981767725008
(0)yyd3+4+7.jpg,0,20,0,0,0,9,2,8,0,1,0,0.04449755320359622,0.0007162221570926143,0.544682334346935,2.3400842853150965,6,0.8970490179862914,1.1257246756804786,6.3318939208984375,5.109352111816406,-0.9756088256835938,0.9898356065765048,1.1133865263122487
(1)yyd3+4+7.jpg,0,20,0,0,0,9,2,8,0,1,0,0.05326049846363947,0.0008572684642438453,0.678965073857565,2.916994731464678,6,0.9730642360613577,1.2211176865400506,15.639884948730469,10.0252685546875,-0.783447265625,0.9651834404209305,1.0856572857599127
(2)yyd3+4+7.jpg,0,20,0,0,0,9,2,8,0,1,0,0.06452714236940936,0.001038613716295428,0.300279856974613,1.2900733697292723,6,1.0,1.2549199130806936,-21.480087280273438,1.8863754272460938,-2.786529541015625,1.0,1.1248196356191542
(3)yyd3+4+7.jpg,1,20,0,0,0,9,2,8,0,1,0,1.0,0.016095764947245017,0.10199000126230856,0.4381731959406223,8,0.8365962651291711,1.0498613123195324,2.8212738037109375,-19.026992797851562,-1.9993743896484375,0.9778280967136468,1.0998802434436152
(4)yyd3+4+7.jpg,0,20,0,0,0,9,2,8,0,1,0,0.049732559462842836,0.0008004835873388043,0.4059646019155733,1.7441200594028,4,0.5262647589893245,0.6604201256083153,-2.1829071044921875,-6.155792236328125,7.1904754638671875,0.9939942547663678,1.1180642554538385
(5)yyd3+4+7.jpg,0,20,0,0,0,9,2,8,0,1,0,0.08819847501991579,0.0014196219226260257,0.2559396097070102,1.0995771680077506,6,0.7495896915715282,0.9406750305931261,27.63361358642578,4.5193328857421875,-6.756950378417969,0.9969334580816945,1.1213703290559949
(6)yyd3+4+7.jpg,1,20,0,0,0,9,2,8,0,1,0,0.6913622396722431,0.0111280041031653,0.5328490693264707,2.28924577675293,6,0.9284427397491752,1.165121282266436,-12.841064453125,5.64166259765625,-18.878700256347656,0.9729197920148592,1.0943592859408173
(7)yyd3+4+7.jpg,0,20,0,0,0,9,2,8,0,1,0,0.059178331626266074,0.0009525205158264947,0.6120100825321096,2.6293402342576706,4,0.7424525900446154,0.9317185397653247,47.10346984863281,-6.48388671875,-18.922523498535156,0.9804118786379186,1.1027865320861938
(8)yyd3+4+7.jpg,1,20,0,0,0,9,2,8,0,1,0,0.5305565039262546,0.008539712778429074,0.2310835135354458,0.9927894931052815,5,0.8357150085143414,1.0487554058450486,7.5478668212890625,0.8499984741210938,-13.126609802246094,0.9886476697391596,1.1120503116317273
(9)yyd3+4+7.jpg,1,20,0,0,0,9,2,8,0,1,0,0.8166609764424718,0.013144783118405627,0.17514152406120723,0.7524494596527814,5,0.7317003765165312,0.9182253728992362,2.8680267333984375,-9.892044067382812,5.323768615722656,0.9737027562044616,1.0952399794352685
(10)yyd3+4+7.jpg,0,20,0,0,0,9,2,8,0,1,0,0.031068624103789688,0.0005000732708089098,0.2737039535703176,1.1758969957166872,6,0.7563677039285855,0.9491808932711044,6.977851867675781,7.0187835693359375,0.31221771240234375,0.9699829970304497,1.0910559212765654
(11)yyd3+4+7.jpg,0,20,0,0,0,9,2,8,0,1,0,0.025492204392853077,0.00041031652989449003,0.8050936941842607,3.4588731507617836,4,0.7213677581309471,0.905258764332903,-1.8216476440429688,9.87860107421875,0.170989990234375,0.9794713236520449,1.1017285773697039
(12)yyd3+4+7.jpg,0,20,0,0,0,9,2,8,0,1,0,0.0597473540457494,0.000961679366940211,0.987311026436627,4.2417219579055905,4,0.710826810207606,0.8920307188811556,-24.639389038085938,8.748428344726562,6.392005920410156,0.9784776133305494,1.1006108324879682
(13)yyd3+4+7.jpg,0,20,0,0,0,9,2,8,0,1,0,0.025036986457266416,0.000402989449003517,1.0,4.29623679299388,4,0.6894842581099986,0.8652475252579059,-8.605888366699219,8.685836791992188,-1.9459381103515625,0.9597907740226066,1.0795915087067343
(14)yyd3+4+7.jpg,0,20,0,0,0,9,2,8,0,1,0,0.04005917833162627,0.0006447831184056272,0.4463600564453466,1.9176684974233231,6,0.7347411244100326,0.9220412679814491,-4.2129058837890625,1.0879669189453125,-0.40811920166015625,0.95816909935658,1.0777674171998015
(15)yyd3+4+7.jpg,0,20,0,0,0,9,2,8,0,1,0,0.04301809491293957,0.000692409144196952,0.6633423965068,2.849876010225249,4,0.7768943308186439,0.9749401661038164,2.5774154663085938,11.143409729003906,-3.4403915405273438,0.9769497942227386,1.0988923115558284
(16)yyd3+4+7.jpg,0,20,0,0,0,9,2,8,0,1,0,0.02731307613519973,0.0004396248534583822,0.49793699615670217,2.139255243481276,6,0.9064020270096993,1.1374619529511765,-3.57147216796875,12.796615600585938,1.2615280151367188,0.971866311307971,1.0931743101559632
(17)yyd3+4+7.jpg,0,20,0,0,0,9,2,8,0,1,0,0.03414134516899966,0.0005495310668229777,0.7158546056468257,3.075480895214017,4,0.6781056583404357,0.8509682938241061,6.993927001953125,8.289657592773438,2.8001174926757812,0.9591325358200241,1.078851109451555
(18)yyd3+4+7.jpg,0,20,0,0,0,9,2,8,0,1,0,0.021850460908159782,0.00035169988276670573,0.39977965552082323,1.7175480651389798,4,0.6173824050729938,0.774765474111751,7.86273193359375,3.0938873291015625,3.6158294677734375,0.9559759587574512,1.0753005295902278
(19)yyd3+4+7.jpg,0,20,0,0,0,9,2,8,0,1,0,0.023785137134403094,0.0003828399765533412,0.9395412369987113,4.036491630928846,4,0.7030745473650641,0.8823022498686143,7.6230010986328125,5.7781219482421875,1.014404296875,0.973427878079865,1.0949307911233201
(0)yyd4+8+2.jpg,1,10,0,0,0,3,5,2,0,0,0,0.7871720116618076,0.004945779601406799,0.581723781815137,0.952836202481123,5,0.6601617984112301,0.6543324268851971,13.07562255859375,3.2861328125,-1.1045074462890625,0.9869299815146134,1.5034235753251977
(1)yyd4+8+2.jpg,1,10,0,0,0,3,5,2,0,0,0,0.9664723032069971,0.0060723182883939035,0.613408875727453,1.0047348965047123,6,0.7295592561138874,0.7231170900200915,33.698028564453125,-6.140869140625,-1.038360595703125,0.9725544943507739,1.4815249130961579
(2)yyd4+8+2.jpg,1,10,0,0,0,3,5,2,0,0,0,1.0,0.006282971864009379,0.47942465525409406,0.7852750431875946,5,0.9265265581275145,0.9183451281370784,18.153793334960938,-4.118278503417969,-2.0653076171875,0.9915416334219139,1.510448659503904
(3)yyd4+8+2.jpg,0,10,0,0,0,3,5,2,0,0,0,0.37667638483965016,0.002366647127784291,0.444904016925614,0.7287318607350918,4,0.5212333621064155,0.516630758734342,19.340972900390625,-24.035675048828125,-12.193626403808594,0.9699735195542231,1.4775932275367631
(4)yyd4+8+2.jpg,1,10,0,0,0,3,5,2,0,0,0,0.6769679300291546,0.0042533704572098475,0.5385904854448037,0.8821858911155447,4,0.7408238704893834,0.7342822354132104,16.728790283203125,-1.8261871337890625,2.7702789306640625,1.0,1.523333573287475
(5)yyd4+8+2.jpg,0,10,0,0,0,3,5,2,0,0,0,0.710204081632653,0.004462192262602579,0.3845393338279933,0.6298573481146131,6,0.759984184537949,0.7532733597428111,-41.819374084472656,-18.56695556640625,14.596221923828125,0.9859120339535892,1.5018729016296433
(6)yyd4+8+2.jpg,1,10,0,0,0,3,5,2,0,0,0,0.6530612244897959,0.004103165298944901,0.6430228666577031,1.053241221225088,4,0.6637847538546823,0.6579233908481472,30.24530029296875,-10.654373168945312,17.315216064453125,0.9956880523613666,1.5167650386832872
(7)yyd4+8+2.jpg,1,10,0,0,0,3,5,2,0,0,0,0.9,0.005654674677608441,0.5370679083666119,0.8796919814516794,5,1.0,0.9911697836196185,12.737411499023438,7.679779052734375,-3.665496826171875,0.994936189826123,1.5156197012408534
(8)yyd4+8+2.jpg,1,10,0,0,0,3,5,2,0,0,0,0.7580174927113703,0.004762602579132473,0.5156561826634722,0.8446205815101337,5,0.6015330782839506,0.5962214110427464,32.59037780761719,-13.116287231445312,4.391387939453125,0.9807176295447942,1.4939600910004938
(9)yyd4+8+2.jpg,1,10,0,0,0,3,5,2,0,0,0,0.7731778425655976,0.004857854630715123,1.0,1.6379529808941522,5,0.7256709696016775,0.7192631379191334,20.416229248046875,11.872673034667969,8.153778076171875,0.9877921627142093,1.5047369648927995
(0)yyd5+1+1.jpg,0,2,0,0,0,1,1,0,0,0,0,0.4171591388771634,0.0072409876905041035,0.1119026168451835,0.026747975533620558,4,0.7491396021558226,0.5829471169072061,19.89759063720703,7.2662353515625,-0.727325439453125,1.0,1.0202546680184938
(1)yyd5+1+1.jpg,1,2,0,0,0,1,1,0,0,0,0,1.0,0.01735785463071512,1.0,0.239029044071652,5,1.0,0.778155520319098,28.162094116210938,2.8710479736328125,-7.430976867675781,0.9371445714694566,0.956126123649904
(0)yyd6+3+2.jpg,1,7,0,1,0,1,1,4,0,0,0,1.0,0.012970764947245018,0.19639363583170946,0.4320881702520723,4,0.8160112009253272,1.330686352867776,-51.960472106933594,-7.1725616455078125,0.45792388916015625,0.9458371724015843,0.9859480725276456
(1)yyd6+3+2.jpg,0,7,0,1,0,1,1,4,0,0,0,0.0542296285835334,0.0007033997655334115,1.0,2.2001128927738294,6,0.638331699101725,1.0409407121303658,39.48223876953125,12.437873840332031,-0.225738525390625,0.9764295652018699,1.0178378222600062
(2)yyd6+3+2.jpg,1,7,0,1,0,1,1,4,0,0,0,0.9896907216494846,0.01283704572098476,0.24642500701914702,0.5421628350447069,5,0.7807397350371275,1.2731684434936819,-36.05634307861328,-12.455818176269531,6.9643402099609375,0.9686025219697634,1.0096788511247405
(3)yyd6+3+2.jpg,1,7,0,1,0,1,1,4,0,0,0,0.8672503883632255,0.011248900937866353,0.42154247678624257,0.9274410380292251,2,1.0,1.6307206952047053,-6.2627105712890625,-8.144790649414062,-1.1301040649414062,0.9750385516481447,1.0163878188427449
(4)yyd6+3+2.jpg,0,7,0,1,0,1,1,4,0,0,0,0.05281739867250388,0.0006850820633059789,0.35717999708383763,0.78583631662507,6,0.7622194139944564,1.2429669726875627,32.356353759765625,10.702957153320312,-5.1273193359375,0.9914593245654528,1.0335049610736067
(5)yyd6+3+2.jpg,0,7,0,1,0,1,1,4,0,0,0,0.04067222143765005,0.0005275498241500586,0.37969102807584326,0.8353631261402128,6,0.6267695161517598,1.0220860211121146,14.816390991210938,-0.5817031860351562,-1.0977859497070312,0.9989134975463795,1.041275249340213
(6)yyd6+3+2.jpg,0,7,0,1,0,1,1,4,0,0,0,0.031210281033752296,0.0004048212192262603,0.34186607201542546,0.752143952643084,6,0.5086235048653523,0.8294228754514812,5.032905578613281,8.252861022949219,0.5379867553710938,1.0,1.0424078280030118
(0)yyd7+1+2.jpg,0,4,0,0,0,2,1,1,0,0,0,0.12274645186037592,0.0017584994138335288,0.1410565597038409,0.09553148809019532,4,0.49900977989791806,0.7870701932702727,-29.784317016601562,6.657051086425781,-2.2599563598632812,0.9340127663537284,0.9654261915911184
(1)yyd7+1+2.jpg,1,4,0,0,0,2,1,1,0,0,0,1.0,0.01432627491207503,0.49598281180659703,0.33590764001706563,5,1.0,1.5772640637048896,5.26885986328125,3.3514251708984375,-0.691680908203125,0.9858079532304826,1.0189633934479905
(2)yyd7+1+2.jpg,0,4,0,0,0,2,1,1,0,0,0,0.08899117759877254,0.0012749120750293083,1.0,0.6772566145861705,6,0.675497193536622,1.0654374484988207,53.6766357421875,6.297523498535156,-3.2109909057617188,0.9942092250746306,1.0276472232340448
(3)yyd7+1+2.jpg,0,4,0,0,0,2,1,1,0,0,0,0.04833141542002301,0.000692409144196952,0.45788826305756114,0.31010785489710574,4,0.3984494816711819,0.6284600486417953,17.727279663085938,-0.0690460205078125,-1.860076904296875,1.0,1.0336327578904774
(0)yyd8+2+1.jpg,1,3,0,0,0,1,2,0,0,0,0,0.7345885211053751,0.008862104337631887,0.3591594012356991,0.41337384658283466,5,0.9778821159743925,1.1456191129909767,15.217575073242188,1.0580520629882812,4.784271240234375,1.0,1.0239224113621888
(1)yyd8+2+1.jpg,0,3,0,0,0,1,2,0,0,0,0,0.20498026116003645,0.0024728898007033997,1.0,1.1509481449200802,4,0.9865606220035897,1.1557862509484482,-71.10142517089844,-2.61029052734375,-3.3930130004882812,0.9898610597668952,1.0135409232300512
(2)yyd8+2+1.jpg,1,3,0,0,0,1,2,0,0,0,0,1.0,0.012064038686987104,0.4383772531328886,0.5045494862684585,5,1.0,1.171530897514621,82.12088012695312,31.900131225585938,34.652740478515625,0.9743302934119636,0.9976386234936069
(0)zhs1+4+1.jpg,0,10,0,0,0,3,2,3,0,2,0,0.09218106995884774,0.0001440329218106996,1.0,12.124462545922633,6,1.0,0.8200271669684839,34.166839599609375,16.065879821777344,1.4845428466796875,0.9587370612406363,1.5182088732209889
(1)zhs1+4+1.jpg,1,10,0,0,0,3,2,3,0,2,0,1.0,0.0015625,0.09324183685088105,1.130507158611536,8,0.5440407046087176,0.4461281577158244,11.064353942871094,-0.522796630859375,11.044281005859375,0.884451289753425,1.4005735778043205
(2)zhs1+4+1.jpg,1,10,0,0,0,3,2,3,0,2,0,0.7506172839506173,0.0011728395061728395,0.0853290624981455,1.0345690223374566,8,0.7723731239217113,0.6333669446521186,9.40460205078125,4.1511383056640625,4.5736846923828125,0.9240773313346211,1.4633234290110173
(3)zhs1+4+1.jpg,0,10,0,0,0,3,2,3,0,2,0,0.16296296296296298,0.0002546296296296296,0.12146146977799917,1.4726550410960648,4,0.6224023678126077,0.510386850391849,10.4227294921875,7.377479553222656,-0.7157363891601562,0.9329549911398516,1.4773816546023981
(4)zhs1+4+1.jpg,1,10,0,0,0,3,2,3,0,2,0,0.39382716049382716,0.000615354938271605,0.026467603853596793,0.3209054716032519,5,0.49200092844722915,0.40345412750044507,-13.903366088867188,6.02593994140625,3.5364227294921875,0.9387607127046104,1.4865753098301007
(5)zhs1+4+1.jpg,0,10,0,0,0,3,2,3,0,2,0,0.1382716049382716,0.0002160493827160494,0.18488627654592216,2.2416467352361273,6,0.5218157616078032,0.4279031006707486,19.31231689453125,6.5689849853515625,1.0076065063476562,0.9391274752615284,1.4871560969831055
(6)zhs1+4+1.jpg,0,10,0,0,0,3,2,3,0,2,0,0.08641975308641975,0.00013503086419753085,0.13422406038989473,1.6273945929589364,6,0.7350296307202346,0.6027442657174049,3.944091796875,10.663055419921875,0.189483642578125,1.0,1.5835508343198692
(7)zhs1+4+1.jpg,0,10,0,0,0,3,2,3,0,2,0,0.05761316872427984,9.002057613168725e-05,0.07357343655497667,0.8920383758856297,4,0.5985879068730572,0.49085834545470775,-11.107017517089844,12.5567626953125,-2.6865005493164062,0.9888621045624063,1.5659134107071
(8)zhs1+4+1.jpg,0,10,0,0,0,3,2,3,0,2,0,0.07489711934156379,0.00011702674897119342,0.24413120743774455,2.9599596808698028,4,0.902024457861445,0.7396845607164033,-5.1893157958984375,5.0948638916015625,-1.914276123046875,0.9732520326095385,1.541194068242343
(9)zhs1+4+1.jpg,1,10,0,0,0,3,2,3,0,2,0,0.4609053497942387,0.000720164609053498,0.09541429521872181,1.1568470487249976,5,0.5651128734547953,0.4634079086365552,-20.588729858398438,10.935447692871094,-0.6334304809570312,0.9172956720538312,1.4525843267988494
(0)zhs10+3+1.jpg,1,5,0,1,0,1,3,0,0,0,0,1.0,0.0036728395061728395,0.20830615944336345,0.9796368344225262,2,0.7948085757062561,1.0045214097834612,-4.0252838134765625,2.94085693359375,-3.4368133544921875,0.9455384118812463,1.0822880933793464
(1)zhs10+3+1.jpg,1,5,0,1,0,1,3,0,0,0,0,0.8088235294117647,0.002970679012345679,0.3907325496892087,1.8375644729192568,5,0.9175663803227895,1.1596692613850228,-3.87164306640625,8.246383666992188,4.57891845703125,0.9955110854835951,1.1394881277243785
(2)zhs10+3+1.jpg,1,5,0,1,0,1,3,0,0,0,0,0.8627450980392157,0.003168724279835391,0.14343440542998187,0.6745533941876022,5,0.5425660386371622,0.6857238569024414,-4.639862060546875,2.5028076171875,-2.88134765625,0.9229659749928334,1.0564510894290995
(3)zhs10+3+1.jpg,0,5,0,1,0,1,3,0,0,0,0,0.9397759103641457,0.0034516460905349793,0.0574244749971039,0.27005985351015815,4,0.5379782133159777,0.6799255189122135,-54.73603057861328,-0.42633056640625,13.255851745605469,0.9184150959642025,1.0512420337998336
(4)zhs10+3+1.jpg,0,5,0,1,0,1,3,0,0,0,0,0.029586834733893556,0.00010866769547325103,1.0,4.702870222562384,5,1.0,1.2638532603788994,4.7619781494140625,5.6420745849609375,0.8786468505859375,1.0,1.1446262571459391
(0)zhs11+1+1.jpg,1,3,0,0,0,0,2,1,0,0,0,1.0,0.11614501953125,0.27055685888370595,0.7138260311496301,5,0.9810754717960366,0.8771576352123629,2.3943939208984375,2.9429397583007812,4.7030487060546875,0.8829940253194624,1.0430526431989822
(1)zhs11+1+1.jpg,0,3,0,0,0,0,2,1,0,0,0,0.020179513589641183,0.00234375,0.49484345039206595,1.3055745017559797,6,1.0,0.8940776325867843,9.660873413085938,5.810211181640625,5.953094482421875,1.0,1.181268064437482
(2)zhs11+1+1.jpg,0,3,0,0,0,0,2,1,0,0,0,0.007230992369621424,0.00083984375,1.0,2.6383586581201977,5,0.73456007504021,0.6567537328847216,-26.17572021484375,-13.195503234863281,8.161865234375,0.9906454769877385,1.1702178651450519
(0)zhs12+3+3.jpg,1,7,0,0,0,4,3,0,0,0,0,0.855072463768116,0.0015174897119341563,0.6450921253230728,1.2075130486660597,5,1.0,0.7441478050664296,-42.26130294799805,1.728118896484375,13.31536865234375,0.9438018427584135,1.1660651257093626
(1)zhs12+3+3.jpg,0,7,0,0,0,4,3,0,0,0,0,0.43043478260869567,0.0007638888888888889,0.4420431823977577,0.8274367177429753,4,0.7608279893426181,0.5661684783024141,-6.8674774169921875,0.517547607421875,4.899078369140625,1.0,1.2354978268545744
(2)zhs12+3+3.jpg,0,7,0,0,0,4,3,0,0,0,0,0.32282608695652176,0.0005729166666666667,0.2847233588781282,0.532958251401976,4,0.7600482414787385,0.5655882306410029,-0.65826416015625,12.764945983886719,10.886192321777344,0.9847036096458495,1.216599169813302
(3)zhs12+3+3.jpg,0,7,0,0,0,4,3,0,0,0,0,0.4782608695652174,0.0008487654320987654,0.30780222430913795,0.5761583309912216,4,0.7083401796241274,0.5271097899076549,10.314949035644531,0.3999481201171875,-0.0592041015625,0.9949465493169154,1.2292542995175066
(4)zhs12+3+3.jpg,1,7,0,0,0,4,3,0,0,0,0,1.0,0.0017746913580246914,0.41420481457832464,0.7753275831310846,5,0.7610494182708661,0.5663332541533481,22.807220458984375,-5.3359527587890625,1.44732666015625,0.9073232342492753,1.1209958841696437
(5)zhs12+3+3.jpg,0,7,0,0,0,4,3,0,0,0,0,0.1673913043478261,0.0002970679012345679,1.0,1.8718458980743522,4,0.9446217410871822,0.7029381952480558,-12.615524291992188,13.882232666015625,2.9560699462890625,0.9415225070710216,1.1632490114209177
(6)zhs12+3+3.jpg,1,7,0,0,0,4,3,0,0,0,0,0.8101449275362319,0.0014377572016460905,0.3989659022805538,0.7468026876553874,5,0.7682178582502626,0.5716676330297664,-2.9004135131835938,10.217605590820312,2.3335647583007812,0.9439828216636187,1.1662887247534501
(0)zhs13+2+2.jpg,0,7,0,0,0,4,3,0,0,0,0,0.35064935064935066,0.0005208333333333333,0.02220077373179053,0.08236862200648226,4,0.4249163117835044,0.3756938328265568,-3.4965972900390625,9.091529846191406,-1.0155029296875,0.8460540530650411,1.091949116437
(1)zhs13+2+2.jpg,0,7,0,0,0,4,3,0,0,0,0,0.16363636363636364,0.00024305555555555555,0.033257780912609336,0.12339198704783981,4,0.36161955509252497,0.3197293982608154,2.3543243408203125,6.8071746826171875,-0.1348724365234375,0.9925139958184204,1.2809758157401847
(2)zhs13+2+2.jpg,0,7,0,0,0,4,3,0,0,0,0,0.4121212121212121,0.0006121399176954733,0.5538003894190131,2.0546930253055815,4,0.7021126098407927,0.6207795985985596,14.014907836914062,-4.655670166015625,2.7989730834960938,1.0,1.2906375337144749
(3)zhs13+2+2.jpg,1,7,0,0,0,4,3,0,0,0,0,1.0,0.0014853395061728396,0.31885015088343155,1.1829879387140185,5,0.7961233750567084,0.7039001184079289,27.296836853027344,-2.2011337280273438,-6.2508697509765625,0.9768737403163408,1.2607899149523165
(4)zhs13+2+2.jpg,0,7,0,0,0,4,3,0,0,0,0,0.30865800865800863,0.0004584619341563786,0.00960648377184363,0.03564167808626084,4,0.368904804440158,0.3261707213510524,-1.7259750366210938,7.460884094238281,-0.7617416381835938,0.8499681265985475,1.0970007666490618
(5)zhs13+2+2.jpg,1,7,0,0,0,4,3,0,0,0,0,0.8168831168831169,0.0012133487654320987,0.6750398746859487,2.504512002556483,5,1.0,0.8841595919197694,1.0613861083984375,-1.1763458251953125,7.78302001953125,0.9961401807424937,1.2856559061073833
(6)zhs13+2+2.jpg,1,7,0,0,0,4,3,0,0,0,0,0.6060606060606061,0.0009002057613168725,1.0,3.710168978864643,5,0.9102786984042307,0.8048316425143435,63.63018798828125,-11.551559448242188,-13.913253784179688,0.9368368428177383,1.2091167923071409
(0)zhs14+2+1.jpg,1,7,0,0,0,1,4,2,0,0,0,0.8318264014466547,0.002662037037037037,0.2734472240414416,0.8447670876126951,5,0.7001530957393468,0.8093960596669963,-0.4239501953125,-0.137420654296875,-4.9599609375,0.8787347390596535,1.5199601645165375
(1)zhs14+2+1.jpg,1,7,0,0,0,1,4,2,0,0,0,1.0,0.0032002314814814814,0.6042460217968654,1.866711771619724,5,1.0,1.1560272526000779,-1.5739288330078125,-4.640296936035156,-5.2220458984375,0.9518666546089357,1.646457494653557
(2)zhs14+2+1.jpg,0,7,0,0,0,1,4,2,0,0,0,0.19690576652601968,0.0006301440329218107,1.0,3.089324057225275,6,0.8120465472690263,0.9387479390227916,64.37269592285156,12.060333251953125,9.808433532714844,1.0,1.7297144370815116
(3)zhs14+2+1.jpg,0,7,0,0,0,1,4,2,0,0,0,0.14567008237894313,0.00046617798353909464,0.10314686322933621,0.31865408600171347,5,0.44665637547588233,0.5163469425976931,-0.341400146484375,5.692817687988281,-1.0361480712890625,0.7622884097070727,1.31854126749023
(4)zhs14+2+1.jpg,0,7,0,0,0,1,4,2,0,0,0,0.16636528028933092,0.0005324074074074074,0.17111752598174215,0.5286374896282671,6,0.6620676782549106,0.7653682791283366,-1.4677505493164062,6.7306976318359375,-0.7169723510742188,0.8361135476610088,1.4462376744286873
(5)zhs14+2+1.jpg,0,7,0,0,0,1,4,2,0,0,0,0.05786618444846293,0.00018518518518518518,0.08190838388388245,0.25304154082092106,5,0.3005087187608893,0.34739626853152034,0.851959228515625,5.3440704345703125,-0.02332305908203125,0.8797216501101719,1.5216672388087344
(6)zhs14+2+1.jpg,0,7,0,0,0,1,4,2,0,0,0,0.16797267430178822,0.0005375514403292181,0.1409487356272547,0.4354363198087632,4,0.4683334936510168,0.541406281965981,1.361572265625,2.39569091796875,-0.40271759033203125,0.8474782292677888,1.4658953282767695
(0)zhs15+2+2.jpg,0,5,0,1,0,1,2,1,0,0,0,0.2136089577950043,0.0015946502057613168,0.6754332876148916,0.960896081009934,5,1.0,0.9668539266654754,-48.832786560058594,-7.6685333251953125,12.336387634277344,1.0,1.1171035630825539
(1)zhs15+2+2.jpg,1,5,0,1,0,1,2,1,0,0,0,1.0,0.007465277777777778,0.4127216455710939,0.5871528973315165,2,0.9114703758012637,0.8812587118827083,-2.1099472045898438,-1.0605010986328125,-6.245880126953125,0.948925322957142,1.0600478593746865
(2)zhs15+2+2.jpg,0,5,0,1,0,1,2,1,0,0,0,0.8465116279069768,0.006319444444444444,0.11841933002440763,0.1684676669373062,5,0.9479817527856175,0.9165598800879943,-1.1157989501953125,-0.9580078125,1.4766387939453125,0.9479795805403378,1.0589913671511162
(3)zhs15+2+2.jpg,0,5,0,1,0,1,2,1,0,0,0,0.10697674418604651,0.0007986111111111112,0.640983004676952,0.9118858493975059,6,0.9240805573634827,0.8934509154421044,25.184280395507812,8.660270690917969,13.440277099609375,0.9714376004230956,1.0851964047450062
(4)zhs15+2+2.jpg,0,5,0,1,0,1,2,1,0,0,0,0.05236864771748493,0.0003909465020576132,1.0,1.4226365484636925,4,0.9395223076976229,0.9083808323872556,-13.520462036132812,8.231796264648438,-5.1593017578125,0.9653056654169011,1.078346398300996
(0)zhs16+2+1.jpg,1,3,0,0,0,1,1,1,0,0,0,1.0,0.0128125,0.8369693572068594,0.9347747898934011,6,0.9370095395760855,1.0947782246654418,5.754302978515625,-3.7995986938476562,-3.1603240966796875,1.0,1.206714616363719
(1)zhs16+2+1.jpg,1,3,0,0,0,1,1,1,0,0,0,0.6315366857372278,0.00809156378600823,0.550292519806038,0.6145978585145071,5,0.7484078501935054,0.8744207854396078,-1.7371444702148438,0.23431396484375,-2.1690521240234375,0.9307269673814766,1.1231218353831063
(2)zhs16+2+1.jpg,0,3,0,0,0,1,1,1,0,0,0,0.26196928635953026,0.0033564814814814816,1.0,1.1168566469541235,4,1.0,1.1683746839554408,55.96778869628906,-1.383941650390625,8.795059204101562,0.9669418315711786,1.1668228413304467
(0)zhs17+2+1.jpg,1,2,0,0,0,0,2,0,0,0,0,0.928532460447354,0.006566358024691358,1.0,2.6464657608390554,5,1.0,1.3139452775403486,1.9958724975585938,-6.6107330322265625,-2.5163955688476562,0.9931097165149059,1.1339587070269521
(1)zhs17+2+1.jpg,1,2,0,0,0,0,2,0,0,0,0,1.0,0.007071759259259259,0.2098969512506194,0.5554850947892687,5,0.9763678008224291,1.2828938610330864,3.8262405395507812,1.86810302734375,-3.1484375,1.0,1.1418262133274901
(0)zhs18+4+2.jpg,0,7,0,0,0,2,3,2,0,0,0,0.19047619047619047,0.0012563644779474972,0.8051102862771913,1.2230370304419225,6,1.0,0.7123746789632532,-34.7335205078125,7.512702941894531,8.281425476074219,1.0,1.2498186596894398
(1)zhs18+4+2.jpg,1,7,0,0,0,2,3,2,0,0,0,1.0,0.00659591350922436,0.2512607973913463,0.3816884031241665,5,0.9481069845211675,0.6754074087210848,4.3132476806640625,-2.604766845703125,-12.643524169921875,0.9151080173768255,1.1437190757489646
(2)zhs18+4+2.jpg,1,7,0,0,0,2,3,2,0,0,0,0.9727443609022557,0.006416137671097005,0.19362661070775708,0.2941367400354108,5,0.8378290002642925,0.5968481650893788,0.36932373046875,1.840240478515625,-5.2237548828125,0.9322165953176976,1.1651016957002178
(3)zhs18+4+2.jpg,1,7,0,0,0,2,3,2,0,0,0,0.8552631578947368,0.005641241817099782,0.24681242077500204,0.37493090738740503,5,0.8091886544302765,0.5764455079204751,-0.5019073486328125,-5.0468902587890625,3.6851654052734375,0.9500774159150183,1.1874244825601146
(4)zhs18+4+2.jpg,1,7,0,0,0,2,3,2,0,0,0,0.9719611528822055,0.006410971698737023,0.28715948270404773,0.43622182820886257,4,0.7499581172418214,0.5342511730060284,-6.739593505859375,-4.9230194091796875,9.39373779296875,0.8730756182007514,1.0911861989471923
(5)zhs18+4+2.jpg,0,7,0,0,0,2,3,2,0,0,0,0.15350877192982457,0.0010125305825563712,1.0,1.519092540845818,6,0.6300608049479444,0.44883936365212074,28.338706970214844,-4.562202453613281,-0.888092041015625,0.8048846520044106,1.0059598569727537
(6)zhs18+4+2.jpg,0,7,0,0,0,2,3,2,0,0,0,0.34633458646616544,0.0022843929775838126,0.22144720426241665,0.3363987961861974,4,0.7606284945303105,0.5418524796013325,-13.667243957519531,10.613418579101562,-0.38092803955078125,0.9192064380659061,1.148841358401435
(0)zhs19+3+2.jpg,1,5,0,0,0,2,3,0,0,0,0,0.9155919688464067,0.011640946502057613,0.3575940879260346,1.0126534347403344,5,0.6659564281228115,0.6599335936982543,-5.0244140625,-11.84808349609375,-16.436912536621094,0.8928834020849488,1.207014910679095
(1)zhs19+3+2.jpg,0,5,0,0,0,2,3,0,0,0,0,0.06675769989379457,0.0008487654320987654,0.38483489990091324,1.0897953751215814,4,0.9180713138948923,0.909768381030184,72.51751708984375,-3.5315170288085938,0.7149200439453125,1.0,1.351816942571254
(2)zhs19+3+2.jpg,1,5,0,0,0,2,3,0,0,0,0,1.0,0.01271412037037037,0.24837022660446162,0.7033476546465351,5,1.0,0.9909561133878769,-9.499984741210938,-3.7519989013671875,0.630706787109375,0.8852845715754528,1.196742682852631
(3)zhs19+3+2.jpg,0,5,0,0,0,2,3,0,0,0,0,0.08091842411369038,0.00102880658436214,1.0,2.831851724992147,4,0.9358233607541298,0.9273598803904934,8.024940490722656,-6.866615295410156,-3.6861343383789062,0.9643885458759688,1.3036767755367897
(4)zhs19+3+2.jpg,1,5,0,0,0,2,3,0,0,0,0,0.6244879380974055,0.007939814814814814,0.15132524297201938,0.4285306503451688,5,0.47398017719184543,0.46969355421292835,16.395004272460938,-1.9071121215820312,7.3011016845703125,0.7630793558688281,1.0315436017898412
(0)zhs2+2+2.jpg,0,9,0,0,0,3,2,1,0,0,3,0.444253859348199,0.0009992283950617283,0.06363470387712467,0.20394286059125574,6,0.32632182890204897,0.5562084237471157,4.115730285644531,10.919082641601562,0.311370849609375,0.7140658773394305,1.2641146741436695
(1)zhs2+2+2.jpg,1,9,0,0,0,3,2,1,0,0,3,0.8576329331046312,0.0019290123456790122,0.7461405701851264,2.391305891523874,5,1.0,1.7044781393219977,-8.160400390625,-2.0457763671875,11.911125183105469,0.971431173925058,1.719729846852139
(2)zhs2+2+2.jpg,1,9,0,0,0,3,2,1,0,0,3,1.0,0.0022492283950617284,1.0,3.204899970699304,5,0.9551935484630962,1.6281065221767548,-14.577064514160156,-3.0958404541015625,-1.2986907958984375,1.0,1.7703053937455884
(3)zhs2+2+2.jpg,0,9,0,0,0,3,2,1,0,0,3,0.5686106346483705,0.0012789351851851853,0.037424541316487966,0.1199419113686472,9,0.3529871085878103,0.6016588100504029,4.5720062255859375,11.07452392578125,0.7307281494140625,0.7451480036991821,1.3191395300874198
(4)zhs2+2+2.jpg,0,9,0,0,0,3,2,1,0,0,3,0.7461406518010292,0.0016782407407407408,0.3717865178413459,1.191538600136126,9,0.4876099917232542,0.831120571407267,7.6208953857421875,3.2263031005859375,-0.5639495849609375,0.8963275130812558,1.5867734309703168
(5)zhs2+2+2.jpg,0,9,0,0,0,3,2,1,0,0,3,0.3985134362492853,0.0008963477366255144,0.6213954071625875,1.991510122208059,4,0.39737171175616054,0.6773113958733377,-9.290237426757812,5.2248687744140625,-0.234283447265625,0.8592570775941458,1.521147439078988
(6)zhs2+2+2.jpg,0,9,0,0,0,3,2,1,0,0,3,0.6852487135506004,0.001541280864197531,0.41002444554958584,1.3140873335278662,9,0.5718565240474022,0.9747169440674611,42.918548583984375,3.9654922485351562,-2.4013214111328125,0.9651431914315651,1.7085981975281308
(7)zhs2+2+2.jpg,0,9,0,0,0,3,2,1,0,0,3,0.7252715837621498,0.0016313014403292181,0.07839981155503109,0.2512635537555501,4,0.42530412403913737,0.724921581988201,5.977203369140625,1.6145782470703125,1.1694259643554688,0.8490142864856017,1.503014570732523
(8)zhs2+2+2.jpg,0,9,0,0,0,3,2,1,0,0,3,0.6578044596912521,0.0014795524691358026,0.1830777748278205,0.5867459551813758,4,0.4291936611520871,0.7315512129693054,16.374526977539062,-1.36444091796875,-0.8141632080078125,0.8492325830900805,1.5034010223888683
(0)zhs20+2+3.jpg,1,7,0,1,0,1,1,4,0,0,0,1.0,0.14099690755208333,0.15789560531521127,0.5496818866203228,2,0.7949855449022835,0.9365464093623566,2.4501190185546875,-1.4844818115234375,12.87091064453125,0.757350344376146,1.3054090533234468
(1)zhs20+2+3.jpg,1,7,0,1,0,1,1,4,0,0,0,0.7421922346571855,0.10464680989583333,0.13376640668332854,0.4656809202848016,5,0.7157562848660939,0.8432090153944569,3.7663421630859375,3.7354202270507812,-7.917228698730469,0.7604079175687217,1.3106792479651028
(2)zhs20+2+3.jpg,0,7,0,1,0,1,1,4,0,0,0,0.005702511298244804,0.0008040364583333334,1.0,3.4812994669672914,6,0.8483116757740643,0.9993681760138396,4.5240325927734375,7.217742919921875,-1.808258056640625,0.828094007516772,1.4273465674670611
(3)zhs20+2+3.jpg,0,7,0,1,0,1,1,4,0,0,0,0.04342681680971043,0.006123046875,0.2812548647226445,0.9791324106409,6,1.0,1.1780672181624048,47.790313720703125,-11.244125366210938,-13.588951110839844,0.7929107966785088,1.3667029270510935
(4)zhs20+2+3.jpg,0,7,0,1,0,1,1,4,0,0,0,0.042133939754237924,0.005940755208333333,0.2796351020279158,0.9734935316351275,4,0.9030972689641854,1.063909287378703,-32.77641296386719,14.770912170410156,3.3408279418945312,0.8529042572500553,1.4701108242704592
(5)zhs20+2+3.jpg,0,7,0,1,0,1,1,4,0,0,0,0.022059714758999635,0.0031103515625,0.5640189636615403,1.9635189175543641,6,0.887884962504959,1.045988167826448,57.746856689453125,6.265960693359375,-2.4995269775390625,0.8611497614271163,1.4843232107595923
(0)zhs21+2+2.jpg,0,8,0,2,1,1,0,4,0,0,0,0.0925969037364684,0.0010230195473251028,0.15622405583926188,0.24389066321897146,3,0.8287598399463696,0.6984428715657397,-11.71136474609375,11.087661743164062,4.2561492919921875,0.8516758123098364,1.7139550418945961
(1)zhs21+2+2.jpg,0,8,0,2,1,1,0,4,0,0,0,0.34937725526714003,0.0038599537037037036,0.10131478408310388,0.15816853397621944,6,0.8473665286169948,0.7141237822940905,-8.788726806640625,10.106781005859375,2.2915420532226562,0.7422717605465325,1.493784851062412
(2)zhs21+2+2.jpg,1,8,0,2,1,1,0,4,0,0,0,0.9516936328716098,0.01051440329218107,0.043836602184322525,0.06843592635311488,2,0.8129606307013498,0.6851279828106648,42.43402099609375,-3.8438034057617188,-1.08050537109375,0.5250391329441819,1.056615036020619
(3)zhs21+2+2.jpg,1,8,0,2,1,1,0,4,0,0,0,1.0,0.01104809670781893,0.03883289299459252,0.06062433839835244,2,0.852590655637608,0.7185264501139227,-8.64117431640625,-0.8185501098632812,-15.0726318359375,0.6824889186173241,1.3734748670727785
(4)zhs21+2+2.jpg,0,8,0,2,1,1,0,4,0,0,0,0.05488301711093004,0.0006063528806584363,0.2656721181197745,0.414756541423351,6,0.8221675088201388,0.6928871406287594,17.141571044921875,11.543426513671875,-1.0949859619140625,0.7874148731447335,1.584633110841749
(5)zhs21+2+2.jpg,0,8,0,2,1,1,0,4,0,0,0,0.03026423000814806,0.0003343621399176955,0.1080762460465901,0.16872425430844032,4,0.7283969413389457,0.6138613707215791,2.3552627563476562,11.376937866210938,-0.0741424560546875,0.8161740417058012,1.6425095014160613
(6)zhs21+2+2.jpg,0,8,0,2,1,1,0,4,0,0,0,0.16237923408217902,0.0017939814814814815,0.8210564771827521,1.2818000895224988,6,0.8912983205460852,0.7511475923642889,-27.980430603027344,8.721450805664062,1.3528518676757812,0.781423657463754,1.5725760884688313
(7)zhs21+2+2.jpg,0,8,0,2,1,1,0,4,0,0,0,0.01658712606215807,0.00018325617283950618,1.0,1.5611594636226145,6,1.0,0.8427566562720235,12.878379821777344,9.260269165039062,0.32598876953125,1.0,2.0124500627136115
(0)zhs22+2+10.jpg,0,32,3,10,0,6,5,8,0,0,0,0.021984786527722816,0.0003215020576131687,0.21927014666363057,1.252623084725598,2,0.59510202245716,0.8242099438435798,-17.311187744140625,5.695243835449219,1.5999603271484375,0.9732385132863332,1.7660020867424024
(1)zhs22+2+10.jpg,0,32,3,10,0,6,5,8,0,0,0,0.023391812865497075,0.0003420781893004115,0.5907896819270513,3.3750002226010487,6,0.7332184689105183,1.0154997467334568,40.1064453125,9.702972412109375,-6.8955230712890625,0.9628606851579393,1.7471708692346697
(2)zhs22+2+10.jpg,0,32,3,10,0,6,5,8,0,0,0,0.024007386888273315,0.0003510802469135803,0.1496538197836521,0.8549263647182127,6,0.606092735021834,0.8394319633358476,32.7056884765625,17.874267578125,1.684906005859375,0.9258879375044551,1.680081508695314
(3)zhs22+2+10.jpg,0,32,3,10,0,6,5,8,0,0,0,0.018467220683287166,0.0002700617283950617,0.3555365831271562,2.031071435240693,2,0.5551647008212428,0.7688971800137914,68.89990234375,-1.4071502685546875,-14.947502136230469,0.9679248308258745,1.756360077938446
(4)zhs22+2+10.jpg,0,32,3,10,0,6,5,8,0,0,0,0.014202172096908938,0.000207690329218107,0.3378585730219072,1.9300823864039767,2,0.5706447085567857,0.7903368253601967,13.174530029296875,7.282539367675781,-0.7524948120117188,0.9594628795900723,1.7410053387493047
(5)zhs22+2+10.jpg,0,32,3,10,0,6,5,8,0,0,0,0.020050125313283207,0.0002932098765432099,0.558770671389635,3.192085437531074,2,0.46987832835646054,0.6507764652335267,0.45098876953125,1.9879302978515625,1.6148757934570312,0.9874467618331486,1.791783841410026
(6)zhs22+2+10.jpg,0,32,3,10,0,6,5,8,0,0,0,0.023391812865497075,0.0003420781893004115,0.32190638010893297,1.8389524017761973,2,0.6262506676942292,0.8673504847472138,17.418800354003906,5.970863342285156,0.163787841796875,0.9726466727989899,1.7649281552020881
(7)zhs22+2+10.jpg,0,32,3,10,0,6,5,8,0,0,0,0.037989711119905026,0.0005555555555555556,0.31375126388667945,1.792364724456468,4,0.7539532682514597,1.0442172223183015,74.50675964355469,4.129829406738281,0.1414642333984375,0.9893193119299187,1.7951817005506998
(8)zhs22+2+10.jpg,1,32,3,10,0,6,5,8,0,0,0,1.0,0.014623842592592593,0.10825833813417014,0.6184466765050218,5,0.7781896369070359,1.0777843339979172,7.7445526123046875,1.2886734008789062,-11.473846435546875,0.88283727698438,1.6019633955337527
(9)zhs22+2+10.jpg,1,32,3,10,0,6,5,8,0,0,0,0.7079101261926747,0.010352366255144033,0.1091074426249866,0.6232973499903299,5,0.4422896319136427,0.6125664153802861,5.739784240722656,0.0046234130859375,7.3638763427734375,0.8597420706056613,1.5600557006555045
(10)zhs22+2+10.jpg,0,32,3,10,0,6,5,8,0,0,0,0.04484896451655455,0.0006558641975308642,0.31085176847977947,1.7758007966441225,4,0.7548106277879643,1.0454046561174986,-39.61134338378906,-9.988327026367188,19.55957794189453,0.9597974663458811,1.7416124673214772
(11)zhs22+2+10.jpg,0,32,3,10,0,6,5,8,0,0,0,0.026117926394934706,0.00038194444444444446,0.2916719737388967,1.6662325128704825,1,1.0,1.3849893173618186,38.46223449707031,3.4126968383789062,1.858245849609375,0.977350325850275,1.7734632275306923
(12)zhs22+2+10.jpg,0,32,3,10,0,6,5,8,0,0,0,0.019346612144396078,0.00028292181069958846,0.4392255357754338,2.5091607493530903,6,0.6299887892810239,0.872527743211924,15.080093383789062,-3.5068511962890625,-0.2584228515625,0.9774754642283151,1.7736902989358343
(13)zhs22+2+10.jpg,0,32,3,10,0,6,5,8,0,0,0,0.026117926394934706,0.00038194444444444446,0.40426208968312405,2.309425307191094,5,0.6218981425526476,0.8613222839225744,26.2470703125,-4.603385925292969,6.384613037109375,0.9487473314184462,1.7215613071236135
(14)zhs22+2+10.jpg,0,32,3,10,0,6,5,8,0,0,0,0.03640680648990898,0.0005324074074074074,0.6839842525557281,3.9073922162984456,4,0.7720417527083184,1.069269580058316,6.4151763916015625,5.250457763671875,5.8321380615234375,0.9660180616277253,1.7529001261004356
(15)zhs22+2+10.jpg,0,32,3,10,0,6,5,8,0,0,0,0.020577760189948554,0.00030092592592592595,1.0,5.712693240667975,6,0.8867348500154616,1.228118294603849,-15.452041625976562,0.6416473388671875,2.7071533203125,0.9284928588263947,1.6848083011799344
(16)zhs22+2+10.jpg,0,32,3,10,0,6,5,8,0,0,0,0.020050125313283207,0.0002932098765432099,0.3744615091517687,2.139183732221638,2,0.7356948976114467,1.0189295740294506,42.64518737792969,1.95025634765625,-2.042999267578125,0.9480663504953427,1.7203256246934435
(17)zhs22+2+10.jpg,0,32,3,10,0,6,5,8,0,0,0,0.02708525700215451,0.00039609053497942386,0.19441639591958793,1.110641230844859,6,0.49321209770538255,0.6830934865155684,27.392990112304688,5.108070373535156,-1.5121078491210938,0.947088222543397,1.7185507504147794
(18)zhs22+2+10.jpg,0,32,3,10,0,6,5,8,0,0,0,0.03429626698324759,0.0005015432098765432,0.19015322709422922,1.0862870551124058,2,0.5271351981105394,0.730076618188503,1.1064453125,2.2708511352539062,4.164520263671875,0.9495965419074104,1.7231022526114057
(19)zhs22+2+10.jpg,0,32,3,10,0,6,5,8,0,0,0,0.04748713889988128,0.0006944444444444445,0.37354733953181163,2.1339613616128856,1,0.7306806649213412,1.0119849153188882,-19.87353515625,6.097015380859375,1.732269287109375,0.959351998915191,1.7408041388373134
(20)zhs22+2+10.jpg,0,32,3,10,0,6,5,8,0,0,0,0.056588840522358526,0.0008275462962962963,0.20974942257226178,1.1982341085625707,1,0.6019086072487279,0.8336369910676186,-7.2475128173828125,-31.660659790039062,9.970550537109375,0.9652372853888165,1.7514833588348904
(21)zhs22+2+10.jpg,0,32,3,10,0,6,5,8,0,0,0,0.06239282416567735,0.0009124228395061729,0.28903883660035223,1.6511902081373675,4,0.6659034373506274,0.9222691471251341,-2.1064605712890625,-10.362739562988281,-1.331390380859375,0.9886331157364633,1.7939365546866453
(22)zhs22+2+10.jpg,0,32,3,10,0,6,5,8,0,0,0,0.034076419117970366,0.0004983281893004115,0.6521674783174171,3.725632745167387,5,0.8952845790622883,1.2399595780000419,-15.052398681640625,4.6380157470703125,3.5902557373046875,0.9560460588380085,1.7348053040242157
(23)zhs22+2+10.jpg,0,32,3,10,0,6,5,8,0,0,0,0.0251505957877149,0.000367798353909465,0.12308049924332504,0.7031211360853828,6,0.5847305156409258,0.8098455176981502,69.34068298339844,8.930854797363281,9.355758666992188,0.9352460838168887,1.6970624498419946
(24)zhs22+2+10.jpg,0,32,3,10,0,6,5,8,0,0,0,0.021369212504946576,0.0003125,0.39208012744761306,2.239833493870217,6,0.6994162195143891,0.9686839924170177,4.3509521484375,7.144706726074219,0.34828948974609375,0.9668428524194175,1.7543967605218744
(25)zhs22+2+10.jpg,0,32,3,10,0,6,5,8,0,0,0,0.01670843776106934,0.00024434156378600825,0.35694158957462263,2.0390978060762293,2,0.6591968384768925,0.9129805793291803,12.504112243652344,-2.1524505615234375,-0.2379608154296875,1.0,1.8145624763442065
(26)zhs22+2+10.jpg,0,32,3,10,0,6,5,8,0,0,0,0.028580222486039662,0.00041795267489711934,0.358572643700381,2.048415517955613,2,0.5522023749679444,0.7647943903524284,4.1407470703125,-2.58984375,7.5431365966796875,0.9770103603590898,1.7728463389071356
(27)zhs22+2+10.jpg,0,32,3,10,0,6,5,8,0,0,0,0.017587829222178254,0.000257201646090535,0.4260965163733904,2.434158688958439,6,0.5853530278752341,0.8107076904925942,28.395355224609375,1.669769287109375,1.5729904174804688,0.8691306737029174,1.5770919075410743
(28)zhs22+2+10.jpg,0,32,3,10,0,6,5,8,0,0,0,0.046431869146550585,0.0006790123456790123,0.11428046980769843,0.6528492674107994,4,0.4267529576017848,0.5910482874310331,59.720611572265625,-19.51910400390625,-9.500778198242188,0.9445502881759894,1.7139455099442573
(29)zhs22+2+10.jpg,0,32,3,10,0,6,5,8,0,0,0,0.022864177988831728,0.0003343621399176955,0.32153316054541614,1.8368203128984097,5,0.6244594018476439,0.864869600685138,-27.295501708984375,2.1588592529296875,11.0126953125,0.9858242164007256,1.7888396313521875
(30)zhs22+2+10.jpg,0,32,3,10,0,6,5,8,0,0,0,0.06516290726817042,0.0009529320987654321,0.3753189132786336,2.1440818189817,4,0.8014945459599913,1.110061384078349,11.005851745605469,-23.537521362304688,-4.760261535644531,0.9430555432238581,1.7112332018424148
(0)zhs23+2+2.jpg,0,14,0,0,0,3,6,5,0,0,0,0.11444028297960883,0.0005304783950617284,0.25369558070114284,2.546502937204011,4,0.7692278177241869,1.097333147127064,-41.801368713378906,2.297027587890625,2.8896331787109375,1.0,1.4457699818207452
(1)zhs23+2+2.jpg,1,14,0,0,0,3,6,5,0,0,0,0.7185462616174226,0.003330761316872428,0.1802847273632982,1.8096317897807002,5,0.6207462194406534,0.8855184210073339,3.8678054809570312,-2.083526611328125,-3.7220001220703125,0.978528114028202,1.4147265736296417
(2)zhs23+2+2.jpg,1,14,0,0,0,3,6,5,0,0,0,1.0,0.004635416666666667,0.17021204922036368,1.7085259510207038,5,0.8363299944537702,1.193056990016157,-7.4839324951171875,4.956207275390625,11.003814697265625,0.9870060402794906,1.4269837049118448
(3)zhs23+2+2.jpg,0,14,0,0,0,3,6,5,0,0,0,0.09155222638368705,0.0004243827160493827,0.548846491728841,5.509119234158241,5,0.8046767620224314,1.1479024332511811,-31.781875610351562,2.3744888305664062,-6.515174865722656,0.9656658587909597,1.3961307111091201
(4)zhs23+2+2.jpg,0,14,0,0,0,3,6,5,0,0,0,0.06658343736995423,0.00030864197530864197,0.41150927590032077,4.130578770314945,5,0.6252003093215275,0.89187235199364,-3.8978271484375,-9.2275390625,4.6417388916015625,0.9831828712823947,1.421456281940416
(5)zhs23+2+2.jpg,0,14,0,0,0,3,6,5,0,0,0,0.06214454154529061,0.0002880658436213992,0.36932970910001583,3.707195791194389,6,0.7205991056824282,1.0279624140412615,29.706695556640625,-11.593093872070312,-2.375457763671875,0.9951900896640934,1.4388159578418422
(6)zhs23+2+2.jpg,0,14,0,0,0,3,6,5,0,0,0,0.07573866000832292,0.0003510802469135803,0.6953894246909306,6.980063300992633,5,0.9998894024970563,1.4263807932314128,53.717742919921875,-34.065277099609375,-5.229408264160156,0.9662279546557545,1.3969433724373461
(7)zhs23+2+2.jpg,0,14,0,0,0,3,6,5,0,0,0,0.030517408794562353,0.00014146090534979423,0.5660925021295193,5.682228343977987,6,0.6038353113064686,0.8613943583875453,2.195465087890625,2.0152359008789062,-0.6595611572265625,0.988190273730088,1.4286958340861868
(8)zhs23+2+2.jpg,0,14,0,0,0,3,6,5,0,0,0,0.036620890553474825,0.00016975308641975308,0.4462466857496463,4.479260114970976,6,0.5971111089566333,0.8518020244177542,4.12115478515625,2.5482025146484375,-2.3331451416015625,0.9835480429454813,1.421984236169118
(9)zhs23+2+2.jpg,0,14,0,0,0,3,6,5,0,0,0,0.027049521431543905,0.0001253858024691358,1.0,10.0376322290132,6,1.0,1.4265385648345363,56.132049560546875,6.6224212646484375,7.896858215332031,0.9469239010163119,1.3690341511579824
(10)zhs23+2+2.jpg,0,14,0,0,0,3,6,5,0,0,0,0.03245942571785269,0.00015046296296296297,0.35560894572726454,3.5694718145573967,6,0.8676232676779692,1.2376980510903808,23.678985595703125,0.32585906982421875,-3.60711669921875,0.977848133902536,1.413743478775719
(11)zhs23+2+2.jpg,0,14,0,0,0,3,6,5,0,0,0,0.027049521431543905,0.0001253858024691358,0.7189208668174841,7.216263262877286,4,0.960170316454736,1.3697199852320618,31.349151611328125,4.91497802734375,1.0486679077148438,0.963196335641728,1.3925603486705496
(12)zhs23+2+2.jpg,0,14,0,0,0,3,6,5,0,0,0,0.03245942571785269,0.00015046296296296297,0.4347045654624992,4.363404556385561,5,0.5316598103262073,0.7584332228029497,17.258453369140625,2.571441650390625,-0.5010986328125,0.9719520088935374,1.4052190382286465
(13)zhs23+2+2.jpg,0,14,0,0,0,3,6,5,0,0,0,0.02746566791510612,0.0001273148148148148,0.4319098365506018,4.335352095388144,4,0.546094046956007,0.7790242180093062,-4.963226318359375,4.101173400878906,-0.7907638549804688,0.9883329724923391,1.4289021436730924
(0)zhs24+2+1.jpg,0,3,2,0,0,0,0,1,0,0,0,0.13801677249953112,0.020960286458333335,0.4604835613088121,0.6465466369094489,1,0.9547144022712241,0.9158315697849497,29.196685791015625,-4.434326171875,13.047286987304688,1.0,1.4374386211984636
(1)zhs24+2+1.jpg,1,3,2,0,0,0,0,1,0,0,0,0.9623020657503416,0.146142578125,0.4581795799250481,0.6433117083683721,1,1.0,0.9592728124832162,8.347305297851562,9.417343139648438,36.447723388671875,0.8725375415671995,1.2542191606942523
(0)zhs3+2+1.jpg,1,4,0,0,0,1,2,1,0,0,0,0.690787689303344,0.11417579551382369,0.12126219741742751,0.61592388496909,6,0.7842133851721327,1.1025381050662122,-17.470626831054688,-8.139106750488281,5.322601318359375,0.7811272417174663,1.0566881067897824
(1)zhs3+2+1.jpg,0,4,0,0,0,1,2,1,0,0,0,0.06420656563913149,0.0106122848200313,0.7142656119971573,3.6279505073350062,5,1.0,1.4059159482775319,-0.9245223999023438,-1.02777099609375,-8.768707275390625,0.9663733244760506,1.3072840686589418
(2)zhs3+2+1.jpg,0,4,0,0,0,1,2,1,0,0,0,0.0078113056814427245,0.0012910798122065727,1.0,5.079273657303615,5,0.49285847923088616,0.6929175961945135,0.6377105712890625,-12.555793762207031,-2.7861328125,1.0,1.3527733387795307
(0)zhs4+2+2.jpg,1,2,0,0,0,0,1,1,0,0,0,1.0,0.09222173317683881,0.8066273537762727,0.8699195076122099,5,1.0,0.9283817554083269,10.273773193359375,0.6956863403320312,11.881454467773438,0.9371931792786276,1.2524954986623844
(1)zhs4+2+2.jpg,0,2,0,0,0,0,1,1,0,0,0,0.1875646294577754,0.017297535211267607,1.0,1.0784651717297107,6,0.9998911574806963,0.9282807079991927,41.579345703125,-36.15607452392578,14.598495483398438,1.0,1.3364325801287307
(0)zhs5+5+5.jpg,0,16,2,2,4,5,0,2,0,0,1,0.08316176470588235,0.0007272376543209876,0.6311240615869639,1.5111811126238235,3,0.8598966278314679,1.217839578895624,34.507843017578125,14.1849365234375,16.909683227539062,0.9824203216014412,1.329645862332406
(1)zhs5+5+5.jpg,1,16,2,2,4,5,0,2,0,0,1,0.6426470588235295,0.005619855967078189,0.09416183056900679,0.22546372186819316,4,0.5796128692057894,0.8208841268934576,-3.46514892578125,2.0835342407226562,-12.769210815429688,0.8953323607006018,1.2117776298410337
(2)zhs5+5+5.jpg,1,16,2,2,4,5,0,2,0,0,1,0.8298529411764706,0.007256944444444444,0.20144645066201436,0.48234901816304165,9,0.5769710107354069,0.8171425611017809,-2.0494232177734375,-0.732818603515625,-0.8686294555664062,0.9307074496900112,1.259655650755478
(3)zhs5+5+5.jpg,1,16,2,2,4,5,0,2,0,0,1,0.6114705882352941,0.005347222222222222,0.4809558866085907,1.1516142325814316,2,0.905379025564553,1.2822546054344648,-0.6696395874023438,0.2028350830078125,1.1495590209960938,0.9124448110848958,1.2349382855680597
(4)zhs5+5+5.jpg,1,16,2,2,4,5,0,2,0,0,1,1.0,0.00874485596707819,0.23609856903299992,0.5653210199957159,2,1.0,1.4162627686618976,-6.8090362548828125,-16.394386291503906,10.20196533203125,0.9183212704279633,1.2428917141351086
(5)zhs5+5+5.jpg,1,16,2,2,4,5,0,2,0,0,1,0.5529411764705883,0.0048353909465020575,0.2565013102882888,0.6141739145489923,6,0.65539182054226,0.9282070343195427,15.037338256835938,-7.716827392578125,13.631378173828125,0.9249690950704648,1.251889138491116
(6)zhs5+5+5.jpg,0,16,2,2,4,5,0,2,0,0,1,0.1411764705882353,0.0012345679012345679,0.4095756901227309,0.9806994928176311,4,0.680212914607107,0.9633602257210402,-16.918800354003906,-1.3189773559570312,-2.1008377075195312,0.969316505599667,1.3119106482448937
(7)zhs5+5+5.jpg,0,16,2,2,4,5,0,2,0,0,1,0.20823529411764705,0.0018209876543209876,0.5930665256977444,1.4200550837980837,6,0.6335503723335918,0.8972738044079488,-13.025642395019531,-22.777877807617188,12.735321044921875,0.9174700040671054,1.241739577142856
(8)zhs5+5+5.jpg,0,16,2,2,4,5,0,2,0,0,1,0.0925,0.0008088991769547325,0.5083508532593599,1.217209507271965,1,0.6703607020203468,0.9494069038454698,2.808197021484375,15.575477600097656,4.774955749511719,1.0,1.3534388826209878
(9)zhs5+5+5.jpg,0,16,2,2,4,5,0,2,0,0,1,0.09794117647058824,0.0008564814814814815,0.5326047736713581,1.2752837729583837,4,0.6217258711928888,0.880527203684371,23.311508178710938,-0.982635498046875,-4.348724365234375,0.9132076598473076,1.235970754744667
(10)zhs5+5+5.jpg,0,16,2,2,4,5,0,2,0,0,1,0.11029411764705882,0.0009645061728395061,0.3158295275193665,0.7562310579572286,3,0.7974318037355698,1.129372974177589,37.03485107421875,21.885848999023438,9.336776733398438,0.9550885976700058,1.2926540444345387
(11)zhs5+5+5.jpg,0,16,2,2,4,5,0,2,0,0,1,0.07941176470588235,0.0006944444444444445,0.5555848433245318,1.3303078947440987,4,0.5424216914901557,0.7682116465721176,-9.653579711914062,2.428497314453125,-1.2602462768554688,0.8747289447562808,1.1838921655871764
(12)zhs5+5+5.jpg,0,16,2,2,4,5,0,2,0,0,1,0.054411764705882354,0.00047582304526748974,0.8924523303630886,2.136912831639809,1,0.6326827717397686,0.896045053988848,3.7609405517578125,0.92352294921875,-0.8820419311523438,0.9471935802315732,1.2819686208543932
(13)zhs5+5+5.jpg,0,16,2,2,4,5,0,2,0,0,1,0.07264705882352941,0.0006352880658436214,0.1893077413710589,0.45328375298206014,3,0.6252887900455543,0.8855732330031646,-7.2528533935546875,13.058425903320312,-1.4354324340820312,0.8895524496151309,1.2039548734398653
(14)zhs5+5+5.jpg,0,16,2,2,4,5,0,2,0,0,1,0.0663970588235294,0.0005806327160493827,0.502677101042832,1.203624116206752,4,0.43799904558276403,0.620321740968314,12.009040832519531,1.7949600219726562,-1.3937301635742188,0.8766794735390249,1.1865320870834135
(0)zhs6+13+1.jpg,1,15,1,6,1,1,3,2,0,0,1,0.32977365345902687,0.01094891105894627,0.7177449133802849,2.381428332661457,2,0.8691859771925624,1.0410980479784888,-2.6292343139648438,-12.82196044921875,14.084213256835938,0.9405823302845608,1.3198700883738101
(1)zhs6+13+1.jpg,1,15,1,6,1,1,3,2,0,0,1,0.432366082388177,0.014355112154407929,0.404500619617036,1.3421052774842053,5,1.0,1.1977851406912892,6.337852478027344,-14.263900756835938,15.161201477050781,0.9292397164480823,1.303953590429166
(2)zhs6+13+1.jpg,1,15,1,6,1,1,3,2,0,0,1,0.5680758089065645,0.018860850286906625,0.26921486808416223,0.8932364444213847,6,0.9259446195439082,1.1090827063927422,13.811126708984375,-0.7124176025390625,7.401153564453125,0.887155498623293,1.2448990042317591
(3)zhs6+13+1.jpg,1,15,1,6,1,1,3,2,0,0,1,0.35528060097216085,0.011795774647887324,0.3222614590990186,1.0692413905225515,6,0.826594987993869,0.9900831939889507,12.804763793945312,-14.522445678710938,8.092056274414062,0.9028464088884883,1.266917239586152
(4)zhs6+13+1.jpg,1,15,1,6,1,1,3,2,0,0,1,0.3519909657779742,0.011686554512258737,0.4305462740476746,1.428522970243205,3,0.723015583624407,0.8660173225535549,8.570297241210938,-6.0233917236328125,-0.15021514892578125,0.9377264713388521,1.3158626105829874
(5)zhs6+13+1.jpg,1,15,1,6,1,1,3,2,0,0,1,0.4931015858987578,0.01637160928534168,0.5225796092118924,1.73388325608235,5,0.8662585348253934,1.0375916010108637,-4.267181396484375,-10.678642272949219,6.025932312011719,0.9101802430434018,1.27720842625052
(6)zhs6+13+1.jpg,1,15,1,6,1,1,3,2,0,0,1,0.3794864241174449,0.012599439227960354,0.6856638402036044,2.2749855349754022,5,0.7641238621739028,0.9152562077595394,0.16925811767578125,-7.977973937988281,6.129180908203125,0.881039884136083,1.236317281639488
(7)zhs6+13+1.jpg,1,15,1,6,1,1,3,2,0,0,1,1.0,0.033201291079812206,0.33675780172403913,1.1173392598402279,9,0.8798146704518076,1.0538289388293784,10.157745361328125,-10.988075256347656,17.647544860839844,0.8590411455509827,1.2054476000544168
(8)zhs6+13+1.jpg,1,15,1,6,1,1,3,2,0,0,1,0.024058526047036875,0.000798774126238915,1.0,3.3179313266685564,2,0.7325648026808413,0.8774552352445579,7.134269714355469,6.73480224609375,-0.0267791748046875,1.0,1.403247802852623
(9)zhs6+13+1.jpg,1,15,1,6,1,1,3,2,0,0,1,0.20150243040212107,0.006690140845070422,0.9620306559366651,3.191951650547761,2,0.8997769982460976,1.0777395184349878,16.169357299804688,-1.4421234130859375,24.196083068847656,0.934542849856179,1.311395200732312
(10)zhs6+13+1.jpg,1,15,1,6,1,1,3,2,0,0,1,0.2010605391073796,0.006675469483568075,0.6820853263449168,2.263112271740745,2,0.8313186994958062,0.9957411854348837,-5.267265319824219,-8.236549377441406,4.475128173828125,0.9435485373994057,1.324032411990522
(11)zhs6+13+1.jpg,1,15,1,6,1,1,3,2,0,0,1,0.522389158933569,0.017343994522691707,0.41349885209535453,1.3719607949086647,1,0.8744256335787908,1.0473740305402415,3.457733154296875,-21.970413208007812,7.0614013671875,0.8802973294352495,1.2352752933870454
(12)zhs6+13+1.jpg,1,15,1,6,1,1,3,2,0,0,1,0.30718809839446165,0.010199041471048513,0.38578186434783407,1.2799977329802783,2,0.9811941144820981,1.1752597304604047,2.071441650390625,-5.7064208984375,11.568855285644531,0.925871659894685,1.2992273724707277
(13)zhs6+13+1.jpg,1,15,1,6,1,1,3,2,0,0,1,0.5757352580154171,0.019115153886280645,0.48024451692375497,1.5934183271621345,4,0.7836122137831296,0.9385990657336385,-5.719001770019531,-33.3193359375,5.422737121582031,0.8791906542248837,1.2337223538296282
(14)zhs6+13+1.jpg,0,15,1,6,1,1,3,2,0,0,1,0.027053567044729217,0.0008982133541992697,0.6825667890606508,2.264709731967902,2,0.4234857324204084,0.5072449175879324,-23.609176635742188,3.4737701416015625,18.746131896972656,0.9468047268856185,1.328601652732722
(0)zhs7+13+2.jpg,0,16,3,5,1,1,2,2,1,0,1,0.031247590903250674,0.00099113197704747,0.6382418146044653,2.7509690784762992,2,0.744450290005503,0.935108323088071,-4.9701080322265625,7.2429351806640625,11.561233520507812,0.9727671147694481,1.3344203610398464
(1)zhs7+13+2.jpg,1,16,3,5,1,1,2,2,1,0,1,0.3367339072337145,0.010680751173708921,0.5032401316186828,2.16908076132443,1,0.8553879227566358,1.0744577264290318,-2.310638427734375,-9.383216857910156,10.336509704589844,0.9536412274557025,1.3081838928585956
(2)zhs7+13+2.jpg,1,16,3,5,1,1,2,2,1,0,1,0.542721315688038,0.017214397496087636,0.17605183397408047,0.758823913428298,6,0.907573428033956,1.1400082420034403,16.486038208007812,-3.5554275512695312,4.680572509765625,0.9097356974391739,1.2479552602015513
(3)zhs7+13+2.jpg,1,16,3,5,1,1,2,2,1,0,1,0.39077476551458307,0.01239485524256651,0.3094865666361127,1.3339583141342244,5,0.9896219900254623,1.2430699161618288,9.088577270507812,-17.879623413085938,10.685874938964844,0.9279409336877679,1.2729287996631748
(4)zhs7+13+2.jpg,1,16,3,5,1,1,2,2,1,0,1,0.38453038674033146,0.01219679186228482,0.7042818581502118,3.035616861774805,5,0.750436714481393,0.9426279055613366,0.31308746337890625,-5.954071044921875,4.356788635253906,0.8957450224593667,1.2287631624483597
(5)zhs7+13+2.jpg,1,16,3,5,1,1,2,2,1,0,1,0.518360529358859,0.01644170579029734,0.5130463892134769,2.2113479879485114,4,0.8167077620549681,1.0258713524345422,-2.8564300537109375,-10.776641845703125,5.0860443115234375,0.9234743385228572,1.266801623443827
(6)zhs7+13+2.jpg,1,16,3,5,1,1,2,2,1,0,1,0.356160863420275,0.011296948356807512,0.2740312743009406,1.1811378460129967,6,0.8353090421608955,1.0492365281630878,16.95220947265625,-10.977821350097656,5.9702301025390625,0.9350819418535978,1.2827246763433746
(7)zhs7+13+2.jpg,1,16,3,5,1,1,2,2,1,0,1,0.22687909546447385,0.007196302816901408,0.5143490298580353,2.2169626688602717,2,0.9102006527777202,1.1433083142278713,6.702003479003906,2.992095947265625,22.733383178710938,0.9407660540360442,1.290522015414082
(8)zhs7+13+2.jpg,0,16,3,5,1,1,2,2,1,0,1,0.02569703199280483,0.000815075639019301,1.0,4.310230097006642,2,0.6283211460779705,0.7892378324755609,25.1781005859375,2.6413421630859375,-1.780059814453125,0.9819652553744096,1.3470381663918263
(9)zhs7+13+2.jpg,1,16,3,5,1,1,2,2,1,0,1,0.6921752537581909,0.02195487741262389,0.4317395867433206,1.86089696085027,7,0.7596258437006806,0.9541704240212652,-11.558784484863281,-20.554061889648438,1.6839752197265625,0.8856594874777233,1.2149280491646686
(10)zhs7+13+2.jpg,1,16,3,5,1,1,2,2,1,0,1,0.31157651291275856,0.009882792123109024,0.25071771678515287,1.080651048740153,2,1.0,1.256105794627548,1.3360977172851562,-2.033447265625,10.351852416992188,0.9255239467342704,1.269613230546841
(11)zhs7+13+2.jpg,1,16,3,5,1,1,2,2,1,0,1,0.3739432095592959,0.011860980699008868,0.24594970500383773,1.0600998208574464,3,0.6677567151434359,0.8387730792931269,7.152374267578125,-7.03961181640625,0.9306182861328125,0.9293203769302849,1.2748210893199339
(12)zhs7+13+2.jpg,1,16,3,5,1,1,2,2,1,0,1,0.5925221636900938,0.01879401408450704,0.3546131048782786,1.528464077439329,1,0.8327363868987726,1.0460050009807562,-2.6759033203125,-16.411514282226562,7.1888580322265625,0.891422795270834,1.2228340270182572
(13)zhs7+13+2.jpg,1,16,3,5,1,1,2,2,1,0,1,0.22736733907233714,0.007211789254042775,0.5063225344961569,2.182366626978019,2,0.7424759620671684,0.9326283583242337,-16.166183471679688,-9.482528686523438,5.6736602783203125,0.9484031366499847,1.300998396023845
(14)zhs7+13+2.jpg,1,16,3,5,1,1,2,2,1,0,1,1.0,0.0317186684924361,0.2784558639024878,1.200208845280488,9,0.8407173448098829,1.0560299284595804,11.926345825195312,-14.644798278808594,17.439376831054688,0.8650686965563231,1.1866820586924856
(15)zhs7+13+2.jpg,0,16,3,5,1,1,2,2,1,0,1,0.01973532057047411,0.0006259780907668231,0.6911103383510013,2.9788445807129293,1,0.7118225958409705,0.8941244873826663,37.81903076171875,-8.196258544921875,-6.9388427734375,1.0,1.371777829224945
(0)zhs7+3+1.jpg,1,3,0,0,0,0,3,0,0,0,0,0.9868421052631579,0.0005495310668229777,0.738284450206746,2.375906627801348,5,0.9261155665266769,1.007107657469364,-9.624404907226562,4.0103607177734375,-3.7078704833984375,1.0,1.216475564197194
(1)zhs7+3+1.jpg,1,3,0,0,0,0,3,0,0,0,0,0.9473684210526315,0.0005275498241500586,0.734969597204406,2.3652389492172445,5,0.7093520988226997,0.7713874557206545,-4.595611572265625,9.780601501464844,4.2712249755859375,0.9963729712408063,1.2120633723409944
(2)zhs7+3+1.jpg,1,3,0,0,0,0,3,0,0,0,0,1.0,0.0005568581477139508,1.0,3.2181452922867453,5,1.0,1.0874535466955182,2.8216323852539062,5.1319580078125,-3.4415283203125,0.9963429520066763,1.2120268546762194
(0)zhs8+3+1.jpg,0,5,0,1,0,2,2,0,0,0,0,0.2751283932501834,0.00048225308641975306,1.0,3.0850531319072156,4,1.0,0.7121423066524902,24.57135772705078,13.260391235351562,7.5467987060546875,0.9904910216096435,1.4227008859681876
(1)zhs8+3+1.jpg,1,5,0,1,0,2,2,0,0,0,0,0.9280997798972854,0.0016268004115226338,0.9253841671034689,2.8548593229399066,5,0.8766796903089558,0.6243206968520105,-1.4214019775390625,3.8297119140625,3.89501953125,0.9833725146243952,1.4124761530087457
(2)zhs8+3+1.jpg,1,5,0,1,0,2,2,0,0,0,0,1.0,0.0017528292181069958,0.37223544482418186,1.1483661248617176,2,0.895644625374303,0.6378264294549616,5.6543121337890625,8.531158447265625,-4.76904296875,0.9796435579972363,1.4071200318713986
(3)zhs8+3+1.jpg,1,5,0,1,0,2,2,0,0,0,0,0.669112252384446,0.0011728395061728395,0.2601839316316937,0.8026812531522894,5,0.7972520301591528,0.5677568997409198,-13.800445556640625,14.113784790039062,1.6516265869140625,0.9730864713347195,1.3977017001544965
(4)zhs8+3+1.jpg,0,5,0,1,0,2,2,0,0,0,0,0.36977256052824653,0.0006481481481481481,0.5769975433319166,1.7800680781588982,4,0.8228426817257816,0.5859810853763189,30.518783569335938,0.3863677978515625,0.692108154296875,1.0,1.4363591945095688
(0)zhs9+3+1.jpg,0,4,0,1,0,1,2,0,0,0,0,0.2826086956521739,0.00048482510288065845,1.0,1.4296559520368706,4,0.8846925460885351,0.5804270091777683,10.165786743164062,9.776168823242188,4.002845764160156,1.0,1.4434934553611427
(1)zhs9+3+1.jpg,1,4,0,1,0,1,2,0,0,0,0,1.0,0.0017155349794238683,0.8428883551632346,1.205040353861686,2,1.0,0.6560776529021218,2.9293212890625,4.427513122558594,-5.966972351074219,0.9839363516950318,1.420305684163698
(2)zhs9+3+1.jpg,1,4,0,1,0,1,2,0,0,0,0,0.8343328335832084,0.0014313271604938272,0.6920317900658095,0.9893673676663146,5,0.8488104859038357,0.5568855913504981,-4.4897613525390625,14.999496459960938,-1.0333786010742188,0.9592974357282087,1.3847395702183958
(3)zhs9+3+1.jpg,1,4,0,1,0,1,2,0,0,0,0,0.7308845577211395,0.001253858024691358,0.8247872497515116,1.1791620007713695,5,0.9222123599713787,0.6050429206073489,1.646636962890625,8.128303527832031,7.003753662109375,0.979779210944882,1.4143048786978416
(0)zlm1+2+3.jpg,1,5,1,2,2,0,0,0,0,0,0,1.0,0.009671746776084409,0.1713807668769213,0.702939464070247,2,1.0,1.03053622410435,5.018714904785156,6.4958648681640625,-1.2298431396484375,0.973687450048094,1.298370727969654
(1)zlm1+2+3.jpg,0,5,1,2,2,0,0,0,0,0,0,0.17613636363636365,0.001703546307151231,0.5565059810611943,2.282578279976888,3,0.9453307768483737,0.9741976093029551,11.9632568359375,6.5768585205078125,6.21600341796875,0.9911557161922395,1.321663916588673
(2)zlm1+2+3.jpg,1,5,1,2,2,0,0,0,0,0,0,0.9337121212121212,0.009030627198124268,0.15301220092234863,0.6275985133723244,2,0.9441576055994676,0.9729886138338795,-0.0313568115234375,-6.012702941894531,7.577667236328125,0.9583780138690654,1.2779562471261467
(3)zlm1+2+3.jpg,0,5,1,2,2,0,0,0,0,0,0,0.48522727272727273,0.00469299531066823,0.15344332449674994,0.6293668201657895,1,0.9592732064386349,0.9885657880477435,26.195068359375,-14.82427978515625,-3.76959228515625,1.0,1.3334573922109427
(4)zlm1+2+3.jpg,0,5,1,2,2,0,0,0,0,0,0,0.1278409090909091,0.0012364449003516998,1.0,4.101623985467807,3,0.5362938763829415,0.5526702663779616,78.900390625,0.234832763671875,0.529266357421875,0.9938044847097837,1.3251959365486479
(0)zlm2+5+1.jpg,1,6,0,1,2,2,1,0,0,0,0,0.5733082706766918,0.007821658851113716,0.2589119940722482,1.0268957583620402,5,0.5607808854071606,0.7040807395767807,-5.3772430419921875,-4.296844482421875,-6.4473876953125,0.9917230982641289,1.2365985690791736
(1)zlm2+5+1.jpg,1,6,0,1,2,2,1,0,0,0,0,1.0,0.013643024618991794,0.16104726807127764,0.6387450572569506,2,0.5961408193693782,0.7484764190718622,10.443305969238281,-4.363655090332031,-6.353141784667969,0.9455977835532136,1.1790840287103124
(2)zlm2+5+1.jpg,1,6,0,1,2,2,1,0,0,0,0,0.58968850698174,0.008045134818288394,0.26912269414058604,1.0673933978308292,4,0.6641412821345669,0.8338534662594018,-76.37586975097656,-1.7644271850585938,5.8589935302734375,0.9382882344753873,1.1699696116456346
(3)zlm2+5+1.jpg,0,6,0,1,2,2,1,0,0,0,0,0.07894736842105263,0.0010770808909730362,1.0,3.9661961665456476,3,1.0,1.2555362671920884,10.932426452636719,-0.5448989868164062,-2.7074737548828125,1.0,1.2469191967431885
(4)zlm2+5+1.jpg,1,6,0,1,2,2,1,0,0,0,0,0.9163533834586466,0.012501831770222743,0.16527544363694965,0.6555148309770009,4,0.6331062501724041,0.7948878580774407,-43.08637237548828,-46.02046203613281,-10.366851806640625,0.9149256787427558,1.1408383924176335
(5)zlm2+5+1.jpg,0,6,0,1,2,2,1,0,0,0,0,0.17346938775510204,0.002366647127784291,0.4440047184233832,1.761009812139002,3,0.7283938298785084,0.9145248702114115,33.4932861328125,0.8088836669921875,-1.7298660278320312,0.9211375838559025,1.1485841361515634
(0)zlm3+2+2.jpg,1,6,0,2,3,0,0,1,0,0,0,0.553156146179402,0.020161895360315894,0.29289291762945135,1.0220111697705871,6,0.8465092295184016,1.1195113955902183,20.708084106445312,-4.701484680175781,16.054397583007812,0.8792851510683539,1.2674587202655248
(1)zlm3+2+2.jpg,0,6,0,2,3,0,0,1,0,0,0,0.019716885743174924,0.0007186574531095755,1.0,3.4893679848673154,3,1.0,1.322503472557687,27.287750244140625,12.645515441894531,-1.271240234375,1.0,1.4414649431137672
(2)zlm3+2+2.jpg,0,6,0,2,3,0,0,1,0,0,0,0.10497616640184891,0.003826258637709773,0.2122637049839134,0.7406661765201882,2,0.9543630950772745,1.2621485073205974,49.18180847167969,13.897933959960938,25.466880798339844,0.908002224119526,1.3088533743376267
(3)zlm3+2+2.jpg,0,6,0,2,3,0,0,1,0,0,0,0.032355915065722954,0.0011793353076669957,0.793021384768029,2.767143431324705,3,0.5902179970271996,0.780565350634514,33.797088623046875,9.301460266113281,3.8085250854492188,0.9597041290014938,1.3833798577171856
(4)zlm3+2+2.jpg,1,6,0,2,3,0,0,1,0,0,0,1.0,0.03644883185258309,0.32914989832903946,1.1485251174516822,2,0.9929258634754641,1.313147902438641,12.0394287109375,2.6741790771484375,46.345733642578125,0.8265402264855571,1.1914287605522438
(0)zlm4+4+1.jpg,1,5,0,1,1,2,0,1,0,0,0,0.2968818620992534,0.006191383352872216,0.5801558224221259,0.49412566224148513,6,0.71365864257472,0.8338789253528485,-37.323272705078125,-4.022071838378906,12.184684753417969,0.9702430871626818,1.0323004669180305
(1)zlm4+4+1.jpg,1,5,0,1,1,2,0,1,0,0,0,1.0,0.020854703985932005,0.20406867940923282,0.17380773829839066,3,0.5680833372414517,0.663780545080646,-31.48644256591797,-12.636787414550781,3.5651702880859375,0.9531862777413904,1.0141526928573856
(2)zlm4+4+1.jpg,1,5,0,1,1,2,0,1,0,0,0,0.4574440052700922,0.009539859320046893,1.0,0.8517119765833452,2,0.7369633184074018,0.8611094202697773,-80.56541442871094,-0.9503402709960938,0.39232635498046875,0.9765914328001869,1.0390548568770643
(3)zlm4+4+1.jpg,1,5,0,1,1,2,0,1,0,0,0,0.8176548089591568,0.017051949003517,0.8378894764221744,0.7136405021219143,4,1.0,1.1684562837274706,-13.064041137695312,6.8586578369140625,5.932861328125,0.9671261536039499,1.028984172258884
(4)zlm4+4+1.jpg,0,5,0,1,1,2,0,1,0,0,0,0.2635046113306983,0.005495310668229777,0.7401284557878643,0.630376270004661,4,0.47808250765352883,0.5586185102079523,-21.796478271484375,6.3142242431640625,-5.791191101074219,1.0,1.0639606512805213
(0)zxb1+1+1.jpg,1,2,0,1,1,0,0,0,0,0,0,1.0,0.018465323336457357,0.16551621489000784,1.6342095078776093,2,1.0,1.2338313090554218,20.348922729492188,2.39727783203125,-8.977912902832031,0.9509598212253374,1.2162284056974504
(1)zxb1+1+1.jpg,0,2,0,1,1,0,0,0,0,0,0,0.02626570232204035,0.0004850046860356139,1.0,9.873410342084048,3,0.9977236065299263,1.2310226235203157,-23.7906494140625,7.903289794921875,5.0658721923828125,1.0,1.2789482568572743
(0)zxb2+2+2.jpg,0,8,1,2,4,1,0,0,0,0,0,0.09067322504797168,0.0008736979166666667,0.5427759584003369,0.7728690842897936,1,0.5008195169030257,0.5575430033025981,71.24664306640625,-9.919952392578125,-9.983673095703125,0.9019496242919648,1.0406602923465202
(1)zxb2+2+2.jpg,0,8,1,2,4,1,0,0,0,0,0,0.11799681089700279,0.0011369791666666666,0.2521754991355035,0.3590775237569131,3,0.6206663849672694,0.6909638874769005,-11.282546997070312,-1.33831787109375,1.6885299682617188,0.972136492734918,1.1216411864735816
(2)zxb2+2+2.jpg,0,8,1,2,4,1,0,0,0,0,0,0.044998783816653606,0.00043359375,0.8762289334637823,1.2476791629280013,3,0.7998665227575084,0.8904604718625191,-38.2701416015625,10.247634887695312,12.393653869628906,1.0,1.1537898174340324
(3)zxb2+2+2.jpg,1,8,1,2,4,1,0,0,0,0,0,1.0,0.009635677083333334,0.4340011465942935,0.617982546127533,2,0.8097829519712336,0.901500049073981,4.380615234375,-3.8834686279296875,-1.8965377807617188,0.9154333483221345,1.0562176758336206
(4)zxb2+2+2.jpg,1,8,1,2,4,1,0,0,0,0,0,0.773843950163509,0.007456510416666667,0.16472528862103414,0.23455549385628718,2,1.0,1.1132613336443833,-2.8104629516601562,-12.905281066894531,-0.5963973999023438,0.9488331602707184,1.0947540387641084
(5)zxb2+2+2.jpg,0,8,1,2,4,1,0,0,0,0,0,0.012432096429826222,0.00011979166666666666,0.39566372429436286,0.5633931561436746,3,0.47924123936488394,0.5335207412727379,-7.095680236816406,8.898216247558594,-2.1262893676757812,0.9930839209443598,1.145810115843066
(6)zxb2+2+2.jpg,0,8,1,2,4,1,0,0,0,0,0,0.07583578822193995,0.0007307291666666666,1.0,1.4239191554607256,4,0.48759724685648076,0.5428231613167753,53.822296142578125,-32.294822692871094,11.7803955078125,0.935630747425421,1.0795212292576437
(7)zxb2+2+2.jpg,0,8,1,2,4,1,0,0,0,0,0,0.09529472176427664,0.0009182291666666667,0.7696981459580567,1.0959879339522824,3,0.7777033318468861,0.8657870483915447,-8.933853149414062,-1.410736083984375,1.6086273193359375,0.9628059701850457,1.1108757245642003
(0)zxb3+1+2.jpg,0,5,0,2,0,0,1,2,0,0,0,0.04870819094957026,0.003446475674091442,0.9664972265826898,2.626855340116849,6,1.0,0.9000163803119676,77.77804565429688,14.17132568359375,5.3948211669921875,0.9115406563351267,1.3619222289760613
(1)zxb3+1+2.jpg,0,5,0,2,0,0,1,2,0,0,0,0.023299161230195712,0.0016485932004689332,1.0,2.717912962259396,2,0.9382204372259061,0.8444137618467717,71.45986938476562,-2.410186767578125,9.20526123046875,1.0,1.4940882993104285
(2)zxb3+1+2.jpg,0,5,0,2,0,0,1,2,0,0,0,0.008737185461323392,0.0006182224501758499,0.9833252854987503,2.6725925395744747,6,0.5702108889655806,0.5131991403012711,0.33538055419921875,1.247955322265625,-0.9649200439453125,0.9216564911964998,1.3770361794801953
(3)zxb3+1+2.jpg,0,5,0,2,0,0,1,2,0,0,0,0.020923941182561873,0.0014805282825322392,0.43813239311170643,1.1908057104240362,5,0.7861474071981313,0.7075455438181005,23.052993774414062,-11.905143737792969,3.9493865966796875,0.9761491347998646,1.458453000686476
(0)zyq1+1+2.jpg,0,3,0,1,0,1,0,1,0,0,0,0.18081333643964692,0.015158420138888889,0.16664841679747677,0.2904953903153068,4,0.8108875099933048,0.8895820553631921,31.276336669921875,0.9517364501953125,-9.316200256347656,0.9091123019090597,1.1253852267347029
(1)zyq1+1+2.jpg,1,3,0,1,0,1,0,1,0,0,0,1.0,0.08383463541666666,0.41861572808103426,0.7297155392049762,2,0.9180782604836554,1.0071753922465243,-3.0645370483398438,-1.6606063842773438,-0.5724639892578125,0.8777449907845644,1.0865558010765413
(2)zyq1+1+2.jpg,0,3,0,1,0,1,0,1,0,0,0,0.03611089539489011,0.00302734375,1.0,1.7431632168959508,6,1.0,1.097047425691064,-12.244796752929688,2.0791854858398438,-4.023231506347656,1.0,1.2378946191482485
(0)zyq2+6+1.jpg,1,8,0,0,0,0,5,3,0,0,0,0.9347692307692308,0.0035557116104868915,0.2588725762599157,1.3742773054899196,5,0.9820289270413022,1.0876486874956584,-4.583770751953125,2.6465301513671875,5.0068206787109375,0.9972031466062325,1.301820537584759
(1)zyq2+6+1.jpg,1,8,0,0,0,0,5,3,0,0,0,0.6147692307692307,0.0023384831460674157,0.3652998131756046,1.9392677671770637,5,0.9053722883035646,1.0027474282607332,11.808380126953125,-7.653961181640625,4.1587677001953125,0.9663887064618308,1.2615931564631881
(2)zyq2+6+1.jpg,1,8,0,0,0,0,5,3,0,0,0,0.7753846153846153,0.002949438202247191,0.2503285868414214,1.3289198136851732,6,0.8499813113818111,0.9413990079758451,-4.8022918701171875,-1.8045272827148438,-0.7112579345703125,0.9969374913156909,1.3014737321075376
(3)zyq2+6+1.jpg,0,8,0,0,0,0,5,3,0,0,0,0.372,0.0014150280898876405,0.25772066175417013,1.3681621349068396,6,0.7462819400447512,0.8265465000474973,7.7140960693359375,-13.247467041015625,10.800125122070312,1.0,1.3054717506811189
(4)zyq2+6+1.jpg,1,8,0,0,0,0,5,3,0,0,0,0.9101538461538462,0.003462078651685393,0.18467173116471453,0.9803671473118492,6,1.0,1.1075525960040422,4.385353088378906,3.675872802734375,-3.0910263061523438,0.9928080993473222,1.2960829275453427
(5)zyq2+6+1.jpg,1,8,0,0,0,0,5,3,0,0,0,0.7926153846153846,0.0030149812734082395,0.3077694265226968,1.6338561013474238,5,0.8212516948231305,0.9095794465740777,-0.8001480102539062,-6.6751251220703125,1.0347061157226562,0.9312536240140029,1.2157252988696967
(6)zyq2+6+1.jpg,1,8,0,0,0,0,5,3,0,0,0,1.0,0.0038038389513108616,1.0,5.30870177654548,5,0.8162551233726517,0.9040454808929802,-6.1991424560546875,-16.451194763183594,-4.397850036621094,0.8209895348622711,1.0717786453675264
(0)zyq3+1+1.jpg,1,3,1,1,1,0,0,0,0,0,0,1.0,0.05742519077424334,0.20140674713990395,0.4767905652836576,2,0.8726899497795226,1.0542918239835748,-0.794708251953125,17.470069885253906,7.017539978027344,0.9844194548578213,1.2111577400661766
(1)zyq3+1+1.jpg,0,3,1,1,1,0,0,0,0,0,0,0.14594998133631953,0.008381205521735402,1.0,2.3673018508782264,3,0.9120618602509306,1.1018568077617261,13.498741149902344,11.009651184082031,1.7483596801757812,0.9872323921009103,1.2146185724354228
(2)zyq3+1+1.jpg,0,3,1,1,1,0,0,0,0,0,0,0.06159014557670773,0.0035368258595558605,0.24035362834394752,0.5689895892439244,1,1.0,1.2080943801976087,-2.9179229736328125,10.320663452148438,-0.29571533203125,1.0,1.2303269039325344
(0)01-06-21_at_17.45.07_1.jpg,1,6,2,2,2,0,0,0,0,0,0,0.91722061959112,0.004748405294215425,0.9092846738344718,0.5182832190784744,1,0.9594979018625659,1.086182901264254,4.8478240966796875,5.4850006103515625,-2.174102783203125,1.0,1.12170991838309
(1)01-06-21_at_17.45.07_1.jpg,1,6,2,2,2,0,0,0,0,0,0,1.0,0.00517695000831117,1.0,0.5699900526123064,3,0.8045944714559305,0.9108271687209594,6.2585296630859375,-8.084434509277344,1.414825439453125,0.9468657517804102,1.0621087051493472
(2)01-06-21_at_17.45.07_1.jpg,1,6,2,2,2,0,0,0,0,0,0,0.5348049667628245,0.0027686585771276597,0.8748936281515401,0.49868066514026793,2,0.9095221679060197,1.0296087413871364,6.1812591552734375,-6.7325897216796875,-6.065345764160156,0.9876263665715677,1.1078302910399809
(3)01-06-21_at_17.45.07_1.jpg,1,6,2,2,2,0,0,0,0,0,0,0.8428446005267779,0.004363364361702127,0.5852282240200002,0.33357426619936653,3,0.9543568064008069,1.080363013619383,8.062088012695312,1.3220062255859375,-4.8767852783203125,0.936064571922454,1.049992914572438
(4)01-06-21_at_17.45.07_1.jpg,1,6,2,2,2,0,0,0,0,0,0,0.6750282202433212,0.0034945873503989364,0.6742223058654574,0.3843000075926426,2,0.9565134725072452,1.0828044299518231,6.438995361328125,-2.1241302490234375,0.42498779296875,0.9722108069880702,1.0905385049577463
(5)01-06-21_at_17.45.07_1.jpg,1,6,2,2,2,0,0,0,0,0,0,0.7290229524645679,0.0037741153798204786,0.7050949037776799,0.40189708130090884,1,1.0,1.1320325965859528,-1.1233367919921875,7.006317138671875,-1.38739013671875,0.9447465975370088,1.0597316288159402
(0)01-08-18_at_00.28.13_1.jpg,0,20,0,3,1,6,2,8,0,0,0,0.11328976034858387,0.00013224283854166666,0.5283949974629953,3.559921337648965,6,0.9048195066643079,1.6054589403358939,28.120895385742188,4.0865020751953125,0.63018798828125,0.9669960395108411,1.0630881989155352
(1)01-08-18_at_00.28.13_1.jpg,0,20,0,3,1,6,2,8,0,0,0,0.14705882352941177,0.000171661376953125,0.9305753510473735,6.269504943062452,2,0.8594849579542883,1.5250199621788978,-4.070213317871094,3.0663986206054688,6.3667755126953125,0.9251647983050645,1.0171001110073925
(2)01-08-18_at_00.28.13_1.jpg,0,20,0,3,1,6,2,8,0,0,0,0.2178649237472767,0.0002543131510416667,0.31917836631134705,2.1503797011766292,2,0.40881305571484217,0.7253740335937867,-10.518196105957031,8.321136474609375,25.67676544189453,0.9864220219604931,1.0844445766572806
(3)01-08-18_at_00.28.13_1.jpg,0,20,0,3,1,6,2,8,0,0,0,0.10784313725490197,0.000125885009765625,0.4093759670989577,2.758062145541643,6,0.6668118925961347,1.1831521166441177,-10.892501831054688,-5.366844177246094,-2.1054840087890625,0.9781269215269297,1.075325176970596
(4)01-08-18_at_00.28.13_1.jpg,1,20,0,3,1,6,2,8,0,0,0,0.3292483660130719,0.00038433074951171875,0.29734709300514467,2.003297279798787,4,1.0,1.7743416543422579,-32.71247863769531,0.5473709106445312,-8.481826782226562,0.938211340041019,1.0314431113811773
(5)01-08-18_at_00.28.13_1.jpg,0,20,0,3,1,6,2,8,0,0,0,0.30010893246187365,0.0003503163655598958,0.45243468753231375,3.0481588693534554,4,0.8439460622244919,1.497448652223039,-24.795791625976562,2.8777008056640625,-6.86163330078125,0.9686010099145211,1.064852658154297
(6)01-08-18_at_00.28.13_1.jpg,1,20,0,3,1,6,2,8,0,0,0,0.4098583877995643,0.00047842661539713543,0.4310749404358711,2.9042532309191382,4,0.4740648248580065,0.8411529656040281,-31.891921997070312,4.422760009765625,-4.459503173828125,0.9769934740239142,1.0740790967227851
(7)01-08-18_at_00.28.13_1.jpg,0,20,0,3,1,6,2,8,0,0,0,0.12527233115468409,0.00014623006184895834,0.3193526221945909,2.1515537040342436,4,0.4009401859115178,0.7114048727625351,28.5885009765625,5.860725402832031,-0.353057861328125,1.0,1.0993718231289786
(8)01-08-18_at_00.28.13_1.jpg,0,20,0,3,1,6,2,8,0,0,0,0.19117647058823528,0.0002231597900390625,0.3248754839367942,2.1887625221633966,2,0.6512170518035887,1.1554815410330674,-17.9178466796875,4.387504577636719,9.489143371582031,0.9820510549933514,1.0796392587337775
(9)01-08-18_at_00.28.13_1.jpg,1,20,0,3,1,6,2,8,0,0,0,0.3349673202614379,0.0003910064697265625,0.45334405824837376,3.0542855136848335,6,0.5654074713259265,1.0032260280499172,-22.510650634765625,-10.780349731445312,7.604827880859375,0.98529384479349,1.08320429046838
(10)01-08-18_at_00.28.13_1.jpg,1,20,0,3,1,6,2,8,0,0,0,0.3431372549019608,0.000400543212890625,0.6615696683906096,4.457150408601317,6,0.7862922869260422,1.3951511571809112,-5.43231201171875,3.48614501953125,-11.971763610839844,0.9481258492283207,1.04234284342185
(11)01-08-18_at_00.28.13_1.jpg,0,20,0,3,1,6,2,8,0,0,0,0.4185729847494553,0.0004885991414388021,0.22803413865976152,1.5363196090518225,4,0.6382091739683746,1.1324011215554517,-46.91060256958008,10.594131469726562,-20.605361938476562,0.9597933503670892,1.0551697654201375
(12)01-08-18_at_00.28.13_1.jpg,0,20,0,3,1,6,2,8,0,0,0,0.49673202614379086,0.000579833984375,0.2667744287797726,1.7973220524646165,4,0.7870939306121927,1.3965735469651883,-34.862884521484375,-3.0677490234375,11.6307373046875,0.9790459753307251,1.0763355588264283
(13)01-08-18_at_00.28.13_1.jpg,0,20,0,3,1,6,2,8,0,0,0,0.08278867102396514,9.663899739583333e-05,0.5858577720574645,3.9470615611210644,6,0.6850148475170985,1.215450377792498,17.86736297607422,-2.3045196533203125,-0.9332427978515625,0.9606888501982405,1.056154252702122
(14)01-08-18_at_00.28.13_1.jpg,1,20,0,3,1,6,2,8,0,0,0,0.37037037037037035,0.0004323323567708333,0.4662060402277034,3.140939710474194,6,0.597748588357029,1.0606102191461604,-31.25030517578125,-2.7491455078125,-13.626426696777344,0.9774044316796873,1.074530891990041
(15)01-08-18_at_00.28.13_1.jpg,1,20,0,3,1,6,2,8,0,0,0,1.0,0.00116729736328125,0.22078716591276512,1.4874950496989499,5,0.4566002871386211,0.810164908854691,-19.84735870361328,11.6729736328125,-10.317619323730469,0.9804884875251185,1.0779214160874644
(16)01-08-18_at_00.28.13_1.jpg,1,20,0,3,1,6,2,8,0,0,0,0.3349673202614379,0.0003910064697265625,0.44716111267919884,3.01262955561008,5,0.9577712636329089,1.6994134483958905,-7.316123962402344,0.0076904296875,-2.4615325927734375,0.9168892061971063,1.008002158224195
(17)01-08-18_at_00.28.13_1.jpg,1,20,0,3,1,6,2,8,0,0,0,0.7295751633986928,0.0008516311645507812,0.2688331628691753,1.8111922280881532,6,0.5192354974537751,0.9213011715453565,-1.490814208984375,-5.3080596923828125,-4.086433410644531,0.9859511863473527,1.0839269532508684
(18)01-08-18_at_00.28.13_1.jpg,0,20,0,3,1,6,2,8,0,0,0,0.06372549019607843,7.43865966796875e-05,1.0,6.737235126640793,6,0.38089593787152315,0.6758395285352043,-12.207260131835938,7.7219085693359375,-0.7060089111328125,0.9489922770464106,1.0432953697518332
(0)01-10-18_at_12.19.16_1.jpg,1,17,2,7,3,1,2,2,0,0,0,0.5625,0.0029296875,0.5445014878548748,0.7847507442115382,1,0.8399325111209834,1.0417631072427,-7.191154479980469,11.180572509765625,4.216400146484375,1.0,1.2793031089461173
(1)01-10-18_at_12.19.16_1.jpg,1,17,2,7,3,1,2,2,0,0,0,0.485625,0.002529296875,0.3817447029036805,0.5501811223375775,6,0.7950243712639304,0.9860638186706512,-13.63238525390625,-2.330291748046875,1.754180908203125,0.9854443104839443,1.2606819700953729
(2)01-10-18_at_12.19.16_1.jpg,1,17,2,7,3,1,2,2,0,0,0,0.581875,0.0030305989583333335,0.6370155680467242,0.9180846191410956,2,0.7996830641868979,0.9918419667371464,2.1663970947265625,2.3743515014648438,-0.2946624755859375,0.9834875559916999,1.2581786879900003
(3)01-10-18_at_12.19.16_1.jpg,1,17,2,7,3,1,2,2,0,0,0,0.456875,0.0023795572916666665,0.4108354604211318,0.5921075341485621,3,0.8525133840361073,1.0573670862366709,-3.9083709716796875,0.3775634765625,1.0901947021484375,0.9982436101965589,1.2770561540100538
(4)01-10-18_at_12.19.16_1.jpg,1,17,2,7,3,1,2,2,0,0,0,0.46125,0.00240234375,0.8238408197192606,1.1873423871320015,3,0.8315997279482157,1.0314280077256486,-1.0939483642578125,-3.604888916015625,-14.244308471679688,0.993308929211512,1.2707432012842261
(5)01-10-18_at_12.19.16_1.jpg,1,17,2,7,3,1,2,2,0,0,0,0.88,0.004583333333333333,0.5553603296595592,0.8004008101481307,2,0.856861389675712,1.0627598907840006,-2.31573486328125,1.8499832153320312,5.624656677246094,0.9830532598159343,1.2576230915421398
(6)01-10-18_at_12.19.16_1.jpg,1,17,2,7,3,1,2,2,0,0,0,0.52875,0.00275390625,0.6325710549334337,0.911679062772364,5,0.7542267266855927,0.9354627520118675,-4.797760009765625,0.0493621826171875,-4.807464599609375,0.9947434909350023,1.2725784405570622
(7)01-10-18_at_12.19.16_1.jpg,1,17,2,7,3,1,2,2,0,0,0,1.0,0.005208333333333333,0.8329397163737389,1.2004559709887435,6,0.7753949274592065,0.961717540724863,-16.314102172851562,1.25592041015625,4.781044006347656,0.9828214673124044,1.2573265586717437
(8)01-10-18_at_12.19.16_1.jpg,1,17,2,7,3,1,2,2,0,0,0,0.7975,0.004153645833333333,0.9135362986533101,1.3166140152467556,2,0.9217945813884618,1.1432961275247127,-1.705780029296875,0.6587066650390625,6.500335693359375,0.9732094910685137,1.2450299275798182
(9)01-10-18_at_12.19.16_1.jpg,1,17,2,7,3,1,2,2,0,0,0,0.32625,0.00169921875,0.6353749243835002,0.915720077694619,2,0.7201592925744843,0.8932091238388032,4.169059753417969,-1.823333740234375,2.7672882080078125,0.9966675774570641,1.2750399304266171
(10)01-10-18_at_12.19.16_1.jpg,1,17,2,7,3,1,2,2,0,0,0,0.495,0.002578125,0.5906887727733974,0.8513171485674093,2,0.8809750077965247,1.092667862445766,-3.1406402587890625,0.0654449462890625,-3.52618408203125,0.990876564337478,1.267631469338783
(11)01-10-18_at_12.19.16_1.jpg,1,17,2,7,3,1,2,2,0,0,0,0.56375,0.002936197916666667,0.8952082267033156,1.290199086319042,4,0.8507658043738636,1.0551995739723063,11.129447937011719,-9.598861694335938,1.2633056640625,0.9816746127874373,1.2558593841124444
(12)01-10-18_at_12.19.16_1.jpg,1,17,2,7,3,1,2,2,0,0,0,0.5728125,0.0029833984375,0.5580910903231945,0.8043364586465285,2,0.9090714906217032,1.1275157566075065,6.3097686767578125,2.46722412109375,6.5609588623046875,0.9828248189681361,1.2573308464553412
(13)01-10-18_at_12.19.16_1.jpg,1,17,2,7,3,1,2,2,0,0,0,0.5484375,0.0028564453125,0.5959610822190559,0.8589157481185214,5,1.0,1.2402938253364562,-5.751274108886719,6.171638488769531,2.929718017578125,0.9911242643072739,1.2679483526802287
(14)01-10-18_at_12.19.16_1.jpg,1,17,2,7,3,1,2,2,0,0,0,0.140625,0.000732421875,1.0,1.4412279152866094,3,0.9295127510203476,1.15286892566204,2.8423919677734375,4.60943603515625,-1.06402587890625,0.9992225734271817,1.2783085447145333
(0)02-08-20_at_03.44.51_2.jpg,1,8,2,2,3,0,0,1,0,0,0,1.0,0.057115625,0.5213929959538434,2.8864542625186114,6,0.7517704754457405,0.7634895091723558,4.184967041015625,-6.1349029541015625,4.06695556640625,0.8556012266662397,1.2339371098464607
(1)02-08-20_at_03.44.51_2.jpg,0,8,2,2,3,0,0,1,0,0,0,0.002188542977512721,0.000125,1.0,5.536043416229812,1,0.7236924334741306,0.7349737704148387,-1.9528884887695312,13.447494506835938,0.0237884521484375,0.9949739827133266,1.4349387101575886
(2)02-08-20_at_03.44.51_2.jpg,1,8,2,2,3,0,0,1,0,0,0,0.5664313982965841,0.03235208333333333,0.14132538332682346,0.7823834579126153,2,0.9740835620939317,0.989268141017375,13.50555419921875,-7.998931884765625,-6.227027893066406,0.8562284333353181,1.2348416592561602
(3)02-08-20_at_03.44.51_2.jpg,1,8,2,2,3,0,0,1,0,0,0,0.674071237073918,0.0385,0.16330480331260513,0.9040624812174519,1,1.0,1.0155885793728023,-5.682708740234375,-2.52301025390625,7.3848419189453125,0.8286753562910817,1.1951049651097356
(4)02-08-20_at_03.44.51_2.jpg,0,8,2,2,3,0,0,1,0,0,0,0.005453119585635863,0.00031145833333333335,0.461862146443315,2.5568888950232833,3,0.6424118393879473,0.6524261273362744,-1.2042388916015625,9.516021728515625,0.45636749267578125,0.9991790881141938,1.4410032592059385
(5)02-08-20_at_03.44.51_2.jpg,0,8,2,2,3,0,0,1,0,0,0,0.005361930294906166,0.00030625,0.35975938877570346,1.9916435956585945,2,0.6805910443865594,0.6912004919023977,-10.686851501464844,10.49176025390625,0.982666015625,0.9803362028785549,1.413828291914894
(6)02-08-20_at_03.44.51_2.jpg,0,8,2,2,3,0,0,1,0,0,0,0.002015283325126297,0.00011510416666666666,0.8007156784870159,4.432796760160031,3,0.558140943491482,0.5668415678903098,-2.020782470703125,11.73284912109375,-0.8439102172851562,0.9901403520738511,1.4279677100754835
(7)02-08-20_at_03.44.51_2.jpg,0,8,2,2,3,0,0,1,0,0,0,0.0021338294030749027,0.000121875,0.4400821901282952,2.436314111259745,3,0.6583902466124928,0.6686536152300906,3.3424530029296875,15.723617553710938,-0.1768341064453125,1.0,1.4421871677935374
(0)03-05-21_at_15.06.07_1.jpg,1,4,0,0,0,1,2,1,0,0,0,0.4735349716446125,0.025825008505242324,0.8098329844014011,1.500176979948253,5,0.8787797505808405,0.8675062837572469,9.42333984375,-0.74993896484375,-8.144546508789062,0.9182188369870569,1.3349691839695623
(1)03-05-21_at_15.06.07_1.jpg,1,4,0,0,0,1,2,1,0,0,0,0.2775299306868305,0.015135551225614009,1.0,1.8524523066408922,5,0.8710658846373112,0.8598913755010547,31.05596923828125,14.538917541503906,1.4190673828125,0.8613148643218028,1.2522383066518807
(2)03-05-21_at_15.06.07_1.jpg,1,4,0,0,0,1,2,1,0,0,0,0.23695022054190296,0.012922469991099564,0.34711904114589665,0.643021468449691,4,0.8035812700815868,0.793272490455818,20.655136108398438,-6.8558197021484375,2.58489990234375,1.0,1.4538682176788973
(0)03-06-21_at_23.50.29_1.jpg,0,5,1,0,0,1,3,0,0,0,0,0.21435897435897436,0.0095672607421875,0.539899769226028,1.7193353761954577,4,0.814294257631558,1.6183790184065454,-14.965530395507812,0.4487457275390625,-0.8547134399414062,0.9880358267297111,1.0246985188239581
(1)03-06-21_at_23.50.29_1.jpg,0,5,1,0,0,1,3,0,0,0,0,0.015042735042735043,0.00067138671875,0.9854274009865021,3.1381383874589743,5,0.9312196497879852,1.8507638100361816,10.995689392089844,7.634490966796875,0.430084228515625,0.9804792420236526,1.016861534631497
(2)03-06-21_at_23.50.29_1.jpg,1,5,1,0,0,1,3,0,0,0,0,1.0,0.0446319580078125,0.3251270140914011,1.0353817670370586,5,0.9309688810541783,1.8502654166685972,54.617340087890625,-13.848686218261719,-10.563339233398438,0.9870363384618916,1.0236619429024085
(3)03-06-21_at_23.50.29_1.jpg,0,5,1,0,0,1,3,0,0,0,0,0.025982905982905983,0.00115966796875,1.0,3.1845454919534544,5,1.0,1.987462152949149,3.1359329223632812,6.382026672363281,4.0727386474609375,0.9824809847336349,1.018937555292382
(4)03-06-21_at_23.50.29_1.jpg,1,5,1,0,0,1,3,0,0,0,0,0.8615384615384616,0.0384521484375,0.35000315209346067,1.1146009601687294,1,0.5655589033135356,1.1240269155990792,-19.371505737304688,-14.625297546386719,-10.25506591796875,1.0,1.0371066423933193
(0)04-04-19_at_18.09.05_1.jpg,1,6,0,0,1,2,3,0,0,0,0,1.0,0.00700927734375,0.24470572896479953,0.6259325682180612,4,0.7832096108393611,1.4905414712390819,-15.323562622070312,-2.4406814575195312,42.38197326660156,0.9784371354491698,1.6906102005318635
(1)04-04-19_at_18.09.05_1.jpg,1,6,0,0,1,2,3,0,0,0,0,0.5480088238708929,0.003841145833333333,0.3959896160471373,1.0129014895099706,5,0.44387002090569216,0.8447376855994561,3.6892547607421875,-7.396751403808594,1.435638427734375,0.9532559499549867,1.6471004363216084
(2)04-04-19_at_18.09.05_1.jpg,1,6,0,0,1,2,3,0,0,0,0,0.6745617090444677,0.004728190104166667,0.364097898893432,0.9313256943401965,5,0.4965982401267623,0.9450857870091953,7.572174072265625,-3.7740478515625,-5.2718963623046875,0.9325081480098922,1.611250973605857
(3)04-04-19_at_18.09.05_1.jpg,1,6,0,0,1,2,3,0,0,0,0,0.8076163938232904,0.005660807291666667,0.6567024826181083,1.6797787008879477,3,0.7206891961612649,1.3715576518540051,3.8514862060546875,-0.2559967041015625,-2.4996871948242188,1.0,1.7278679838288817
(4)04-04-19_at_18.09.05_1.jpg,1,6,0,0,1,2,3,0,0,0,0,0.7737141530244979,0.005423177083333334,0.5733363101492273,1.4665364418827949,5,0.8151846051817967,1.5513937060054024,-1.734649658203125,-3.8896026611328125,1.923828125,0.9834947607513688,1.699349109365736
(5)04-04-19_at_18.09.05_1.jpg,1,6,0,0,1,2,3,0,0,0,0,0.6973180076628352,0.0048876953125,1.0,2.5578991177117083,4,1.0,1.9031194850145896,5.719207763671875,10.441337585449219,12.580101013183594,0.996615001957578,1.7220191540860574
(0)04-05-21_at_18.37.04_2.jpg,0,4,1,1,1,0,0,1,0,0,0,0.3531431334622824,0.00522096335102489,0.4084208579695176,0.681980901881414,1,1.0,1.1956534192253627,41.506439208984375,-10.982131958007812,-7.194664001464844,0.9319687109651926,1.0535057004649921
(1)04-05-21_at_18.37.04_2.jpg,1,4,1,1,1,0,0,1,0,0,0,0.6584139264990329,0.009734169106881406,0.645595347393034,1.0780147210268254,3,0.7251788586968884,0.8670625819508807,25.211685180664062,-13.779815673828125,3.871978759765625,0.9902325590525524,1.1193676713325444
(2)04-05-21_at_18.37.04_2.jpg,1,4,1,1,1,0,0,1,0,0,0,0.8695357833655706,0.012855451592240117,0.489632367886654,0.8175878320753996,2,0.9544807599654888,1.1412281842375593,27.006057739257812,-6.9186553955078125,4.9647674560546875,0.9870328070051971,1.1157506432260191
(3)04-05-21_at_18.37.04_2.jpg,1,4,1,1,1,0,0,1,0,0,0,1.0,0.014784269765739384,1.0,1.669799395828882,6,0.9322556857623746,1.1146546982740684,41.24566650390625,-3.1492462158203125,-6.337921142578125,1.0,1.1304088732484698
(0)04-05-21_at_18.37.04_3.jpg,0,3,0,2,1,0,0,0,0,0,0,0.16905081495685523,0.0015756542825768668,1.0,1.3960691677193422,3,0.9738921558523169,1.3254445142195332,4.021087646484375,0.7745590209960938,2.9209136962890625,1.0,1.0960135337810335
(1)04-05-21_at_18.37.04_3.jpg,1,3,0,2,1,0,0,0,0,0,0,1.0,0.009320595603038067,0.8726022953890775,1.218213160273817,2,0.7815962908934471,1.0637343260993977,-17.815185546875,-5.69921875,-4.0863800048828125,0.9663242982897499,1.0591045089470261
(2)04-05-21_at_18.37.04_3.jpg,0,3,0,2,1,0,0,0,0,0,0,0.28763183125599234,0.0026808999816983893,0.31175644835047206,0.43523356537978164,2,1.0,1.3609766813036397,-36.55974578857422,-0.287017822265625,0.12128448486328125,0.9890964465819767,1.0840630916685756
(0)04-08-17_at_16.06.16_1.jpg,0,2,1,1,0,0,0,0,0,0,0,0.21771177964145572,0.004497528076171875,1.0,1.971135737960173,1,0.715055902743096,1.2572098674184833,13.220054626464844,-1.075775146484375,3.2931747436523438,1.0,1.30980489410618
(1)04-08-17_at_16.06.16_1.jpg,1,2,1,1,0,0,0,0,0,0,0,1.0,0.020658175150553387,0.5848635437311641,1.1528454328785303,2,1.0,1.7581980130442634,2.7271041870117188,0.12709808349609375,4.357017517089844,0.9788679510546597,1.282126032975082
(0)04-11-16_at_07.21.06_1.jpg,1,4,1,2,1,0,0,0,0,0,0,1.0,0.012812296549479166,0.6267684674447115,0.44624168050775637,2,1.0,1.285528050388251,19.401565551757812,-8.00347900390625,-32.64082336425781,0.9887087219129048,1.029739629016906
(1)04-11-16_at_07.21.06_1.jpg,0,4,1,2,1,0,0,0,0,0,0,0.21757145692735214,0.0027875900268554688,0.757439887791042,0.5392760899243815,1,0.7834093302506417,1.0070946689730729,24.407249450683594,-4.30035400390625,9.603607177734375,1.0,1.0414994893790526
(2)04-11-16_at_07.21.06_1.jpg,1,4,1,2,1,0,0,0,0,0,0,0.9902987296546248,0.012688000996907553,0.8482190489025005,0.6039083225805897,2,0.9730182914190969,1.2508423071600987,-9.627891540527344,5.5504302978515625,17.136123657226562,0.9977926748403172,1.0392005613523494
(3)04-11-16_at_07.21.06_1.jpg,0,4,1,2,1,0,0,0,0,0,0,0.04773719730051608,0.0006116231282552084,1.0,0.7119721295601398,3,0.8387709364395703,1.0782635666434885,2.1936187744140625,3.1205291748046875,0.8038787841796875,0.9961765536408409,1.0375173719483202
(0)04-11-16_at_07.21.06_2.jpg,0,14,0,0,0,3,5,6,0,0,0,0.08734491315136476,0.0005035400390625,0.8814008604191348,1.4726365606448317,5,0.8523034356704402,1.105921928289623,50.41496276855469,2.4364242553710938,-2.1005706787109375,1.0,1.1050095934725324
(1)04-11-16_at_07.21.06_2.jpg,1,14,0,0,0,3,5,6,0,0,0,0.8099255583126551,0.004669189453125,0.3219095746644093,0.5378435966661156,4,0.7239945862851551,0.9394324314859688,-6.975555419921875,-6.125274658203125,6.2821197509765625,0.969731341872872,1.0715624358605156
(2)04-11-16_at_07.21.06_2.jpg,1,14,0,0,0,3,5,6,0,0,0,0.6160463192721257,0.003551483154296875,0.7858711836502181,1.3130264434393737,5,0.8054050892641111,1.0450681202201024,2.9729156494140625,10.185226440429688,-8.884109497070312,0.968190860246569,1.0698601888848824
(3)04-11-16_at_07.21.06_2.jpg,1,14,0,0,0,3,5,6,0,0,0,0.7629997242900469,0.004398663838704427,1.0,1.6707909270074293,4,0.831361450966671,1.078748272597873,4.3900909423828125,-9.037567138671875,6.8085479736328125,0.9652299449915078,1.0665883491225807
(4)04-11-16_at_07.21.06_2.jpg,1,14,0,0,0,3,5,6,0,0,0,0.68287841191067,0.003936767578125,0.39400571608971574,0.6583011756317622,6,1.0,1.297568309600537,-8.135482788085938,-5.83447265625,12.397041320800781,0.9555680499902715,1.0559118624550903
(5)04-11-16_at_07.21.06_2.jpg,1,14,0,0,0,3,5,6,0,0,0,0.4909842845326716,0.00283050537109375,0.388900781141459,0.6497718966372515,5,0.7822084753023836,1.0149689290533273,1.3090438842773438,13.755233764648438,-1.441680908203125,0.9810403792312797,1.0840590306344953
(6)04-11-16_at_07.21.06_2.jpg,1,14,0,0,0,3,5,6,0,0,0,0.6479183898538737,0.003735224405924479,0.23544540593521923,0.39338004804214544,6,0.9993897573468231,1.296776478072608,8.612747192382812,-6.6885986328125,-5.613433837890625,0.9717420137634551,1.0737842475889354
(7)04-11-16_at_07.21.06_2.jpg,1,14,0,0,0,3,5,6,0,0,0,0.48056244830438377,0.0027704238891601562,0.6969886424755856,1.1645223000754332,5,0.9409531403255089,1.2209509757054875,-6.151069641113281,0.0579833984375,-5.9066162109375,0.9815933257751058,1.0846700418701005
(8)04-11-16_at_07.21.06_2.jpg,1,14,0,0,0,3,5,6,0,0,0,0.7256685966363385,0.004183451334635417,0.4883149631151895,0.815872209894826,6,0.9447939690205708,1.2259347133028042,0.9721527099609375,-11.50189208984375,-1.3867950439453125,0.9833598887763234,1.0866221109339196
(9)04-11-16_at_07.21.06_2.jpg,1,14,0,0,0,3,5,6,0,0,0,1.0,0.005764961242675781,0.6384007156938333,1.066634123576306,4,0.6945936844745699,0.9012827530228764,14.941864013671875,-21.032699584960938,14.97906494140625,0.9463863009968518,1.045765941732505
(10)04-11-16_at_07.21.06_2.jpg,1,14,0,0,0,3,5,6,0,0,0,0.575682382133995,0.00331878662109375,0.8463915722790439,1.4141433596593793,6,0.8494695111490606,1.102244717638881,-10.916404724121094,-4.576103210449219,-2.125762939453125,0.9723881351143047,1.0744982178801716
(11)04-11-16_at_07.21.06_2.jpg,1,14,0,0,0,3,5,6,0,0,0,0.6188585607940447,0.0035676956176757812,0.4695305736307159,0.7844874223747937,5,0.7100300464180519,0.9213124870962625,7.3339691162109375,-7.2097930908203125,-4.868804931640625,0.9781640811995453,1.0808806937157427
(12)04-11-16_at_07.21.06_2.jpg,1,14,0,0,0,3,5,6,0,0,0,0.6085470085470085,0.0035082499186197915,0.34298769849804256,0.5730607347256892,6,0.7793122156929361,1.0112108343677322,-5.452705383300781,-17.415245056152344,2.8735198974609375,0.94095133365203,1.0397602506762667
(13)04-11-16_at_07.21.06_2.jpg,0,14,0,0,0,3,5,6,0,0,0,0.06308243727598567,0.0003636678059895833,0.21437644389361354,0.3581782174215667,6,0.814202595452956,1.056483485454262,1.0818099975585938,6.455780029296875,-0.9897537231445312,0.9467415462026122,1.0461584910929052
(0)04-11-17_at_16.43.12_1.jpg,1,2,0,2,0,0,0,0,0,0,0,0.9647058823529412,0.006777445475260417,0.5463175173494046,0.5200085131465798,2,0.9690743709837617,0.9760676688593158,-0.6690216064453125,-0.713043212890625,1.5704803466796875,0.9639023822454321,1.4198347938179563
(1)04-11-17_at_16.43.12_1.jpg,1,2,0,2,0,0,0,0,0,0,0,1.0,0.007025400797526042,1.0,0.9518430155224211,2,1.0,1.0072164718054144,1.6857376098632812,-1.1054763793945312,-6.648857116699219,1.0,1.473006831366491
(0)07-05-21_at_22.01.12_3.jpg,1,2,0,2,0,0,0,0,0,0,0,1.0,0.0042724609375,1.0,0.5389893990056931,2,1.0,0.7556757036372359,12.138748168945312,1.3115234375,7.624031066894531,1.0,1.0489123231741277
(1)07-05-21_at_22.01.12_3.jpg,1,2,0,2,0,0,0,0,0,0,0,0.8411458333333334,0.0035937627156575522,0.8247006006480471,0.444504881102925,2,0.8144108038361265,0.6154304572386318,-5.7539215087890625,-0.1438140869140625,7.668663024902344,0.9925616615502455,1.0411101583102402
(0)12-10-19_at_19.58.50_1.jpg,0,16,1,1,0,5,2,7,0,0,0,0.06263129823339247,0.003658294677734375,0.23458347314348926,0.40555808340042665,6,0.7621096064134533,1.0522889370695623,8.818038940429688,8.285316467285156,-4.11151123046875,0.9255295383838475,1.0623208402852455
(1)12-10-19_at_19.58.50_1.jpg,0,16,1,1,0,5,2,7,0,0,0,0.04441009676611771,0.002593994140625,0.33774864126688076,0.5839145008289179,6,0.7069014231760344,0.9760597963166403,10.240562438964844,-9.168571472167969,2.4614715576171875,0.9498102162876936,1.090190150862356
(2)12-10-19_at_19.58.50_1.jpg,0,16,1,1,0,5,2,7,0,0,0,0.11167833157361953,0.00652313232421875,0.2785685955265132,0.481601470825597,4,0.8546897988271083,1.180119778524418,2.4536819458007812,1.9823455810546875,-1.130859375,0.9082035890878187,1.0424341524470195
(3)12-10-19_at_19.58.50_1.jpg,0,16,1,1,0,5,2,7,0,0,0,0.0312993218752381,0.0018281936645507812,0.31372666556080675,0.5423842672779472,6,0.7616315408704744,1.0516288442458563,10.338546752929688,10.337516784667969,-2.328643798828125,0.9611610559120238,1.1032186204979306
(4)12-10-19_at_19.58.50_1.jpg,0,16,1,1,0,5,2,7,0,0,0,0.052796856461777925,0.0030838648478190103,0.39805385758719875,0.6881727745349959,4,0.9452375690598251,1.3051443367905327,35.44775390625,4.8938751220703125,-6.409812927246094,0.8848848889672895,1.015668997928389
(5)12-10-19_at_19.58.50_1.jpg,0,16,1,1,0,5,2,7,0,0,0,0.026401149437798654,0.0015420913696289062,0.25420643005144783,0.4394831024463036,6,0.8758200174960198,1.2092954970248007,-1.5532989501953125,12.456321716308594,3.156158447265625,0.914685093339812,1.0498736092744192
(6)12-10-19_at_19.58.50_1.jpg,0,16,1,1,0,5,2,7,0,0,0,0.04302772365599591,0.002513249715169271,0.16460094442301162,0.28456925226469004,6,1.0,1.3807580014923515,59.0966796875,-14.396759033203125,-5.2447662353515625,0.8926290026107626,1.0245576751362115
(7)12-10-19_at_19.58.50_1.jpg,0,16,1,1,0,5,2,7,0,0,0,0.09962882737751848,0.0058193206787109375,0.547645760837398,0.9467937454047705,5,0.6944973769829436,0.9589328102846494,16.98845672607422,0.21736907958984375,-2.4661331176757812,0.9375606076248605,1.0761300760314763
(8)12-10-19_at_19.58.50_1.jpg,0,16,1,1,0,5,2,7,0,0,0,0.009012637284888594,0.00052642822265625,0.48522308800396097,0.8388747210343903,1,0.905075197001651,1.249689820212296,25.752113342285156,10.482589721679688,-4.0334625244140625,0.9796832479709683,1.124478353241136
(9)12-10-19_at_19.58.50_1.jpg,0,16,1,1,0,5,2,7,0,0,0,0.00734725865615918,0.0004291534423828125,1.0,1.7288433748798502,4,0.8930278181062951,1.233055305405523,-1.4440460205078125,12.335197448730469,1.0234527587890625,1.0,1.1477978781101486
(10)12-10-19_at_19.58.50_1.jpg,0,16,1,1,0,5,2,7,0,0,0,0.01013377453168029,0.0005919138590494791,0.42160326944113224,0.7288860192009858,6,0.765585388825812,1.057088151446873,-0.3138580322265625,7.9278106689453125,2.25244140625,0.9784297395916542,1.123039578983166
(11)12-10-19_at_19.58.50_1.jpg,0,16,1,1,0,5,2,7,0,0,0,0.21780540105147436,0.012722015380859375,0.2907935250665914,0.5027364592693342,4,0.91817349819329,1.2677754043886083,50.946014404296875,-4.868247985839844,1.5234603881835938,0.8725271752473777,1.0014848403423817
(12)12-10-19_at_19.58.50_1.jpg,0,16,1,1,0,5,2,7,0,0,0,0.009012637284888594,0.00052642822265625,0.5634364775414891,0.9740934213632428,4,0.4844520654213591,0.6689110656700377,10.218460083007812,3.24554443359375,2.0991439819335938,0.9905671169269014,1.1369708349343848
(13)12-10-19_at_19.58.50_1.jpg,0,16,1,1,0,5,2,7,0,0,0,0.06087884098355303,0.003555933634440104,0.27479274805785053,0.47507362194484265,6,0.871160965040112,1.2028624730669333,19.407188415527344,3.4691314697265625,-2.3064727783203125,0.9331448223605058,1.07106164707486
(0)13-05-21_at_01.47.08_1.jpg,0,7,2,2,1,2,0,0,0,0,0,0.013179483759087575,0.0003140767415364583,0.1458903847254523,0.7056611274358388,3,0.9840986060896224,1.3932809540592825,-35.34889221191406,9.143211364746094,-3.1996383666992188,0.9547620194821191,1.1270809858380462
(1)13-05-21_at_01.47.08_1.jpg,0,7,2,2,1,2,0,0,0,0,0,0.010671646768491963,0.0002543131510416667,0.2539731334226051,1.2284494828543784,4,0.6985193986362936,0.9889596104887263,30.7012939453125,-12.937393188476562,-6.062065124511719,0.9868633947096955,1.164976135519303
(2)13-05-21_at_01.47.08_1.jpg,1,7,2,2,1,2,0,0,0,0,0,1.0,0.023830731709798176,0.11709934516245028,0.5664009734763341,2,0.9567387258703484,1.3545449983542641,10.650489807128906,3.3777694702148438,-9.660675048828125,0.9076872932722342,1.071510039631501
(3)13-05-21_at_01.47.08_1.jpg,1,7,2,2,1,2,0,0,0,0,0,0.6464616821183219,0.015405654907226562,0.1149726599142881,0.5561143523755435,2,0.7364812424454406,1.0427057631943228,-4.0034942626953125,-7.1352386474609375,4.3148345947265625,0.9118896748808446,1.0764708825532476
(4)13-05-21_at_01.47.08_1.jpg,0,7,2,2,1,2,0,0,0,0,0,0.01456679783899153,0.000347137451171875,0.32084707243202304,1.551913837864942,4,0.9305869604903354,1.317519484454003,15.451126098632812,-0.229736328125,-2.029632568359375,1.0,1.18048368372403
(5)13-05-21_at_01.47.08_1.jpg,0,7,2,2,1,2,0,0,0,0,0,0.003174814913626359,7.565816243489583e-05,1.0,4.836926907580687,1,1.0,1.4157940529918762,29.139617919921875,12.636772155761719,0.9427490234375,0.9920208220350443,1.1710643943268695
(6)13-05-21_at_01.47.08_1.jpg,0,7,2,2,1,2,0,0,0,0,0,0.003921830187420796,9.34600830078125e-05,0.22528605759988493,1.089692193907656,1,0.44932006602316515,0.6361446773655144,10.436859130859375,3.1487579345703125,-1.1391754150390625,0.9810094323238473,1.158065628437675
(0)13-09-19_at_18.04.56_1.jpg,1,3,0,2,0,1,0,0,0,0,0,0.7667626335328434,0.012868881225585938,0.7179804333078791,1.5184123117734196,2,0.6541975299386926,0.7166457518681765,3.0201873779296875,-5.60137939453125,-9.094314575195312,0.945092191588876,1.5522075244468823
(1)13-09-19_at_18.04.56_1.jpg,0,3,0,2,0,1,0,0,0,0,0,0.10455337525570119,0.0017547607421875,1.0,2.114838011361662,4,1.0,1.0954577464322375,1.8083343505859375,-6.7527313232421875,-20.748977661132812,1.0,1.6423874181388933
(2)13-09-19_at_18.04.56_1.jpg,1,3,0,2,0,1,0,0,0,0,0,1.0,0.016783396402994793,0.36426249317557097,0.7703561666810655,2,0.8006308609664824,0.8770572786784449,9.814239501953125,-1.426177978515625,-4.523506164550781,0.8839193377217078,1.4517379989237962
(0)14-03-19_at_00.53.05_1.jpg,1,28,5,13,6,0,1,3,0,0,0,0.49523809523809526,0.0026079878943506968,0.1445290311130305,0.5454881437090535,5,0.4401164815253746,0.7654358198300333,9.053146362304688,-1.8755035400390625,8.636604309082031,0.9683169001779222,1.2296876115898945
(1)14-03-19_at_00.53.05_1.jpg,1,28,5,13,6,0,1,3,0,0,0,0.3112244897959184,0.0016389484363536317,0.21919763384450766,0.8273058324022563,2,0.35561319586429785,0.6184705402882614,4.713157653808594,6.2057342529296875,3.3135452270507812,0.986230376409959,1.2524363416791848
(2)14-03-19_at_00.53.05_1.jpg,1,28,5,13,6,0,1,3,0,0,0,1.0,0.005266129402054292,0.17959539971515814,0.6778372514840345,6,0.4916840758304142,0.8551204498778286,15.5311279296875,-12.22796630859375,2.5702056884765625,0.9532414525599532,1.2105429584586906
(3)14-03-19_at_00.53.05_1.jpg,1,28,5,13,6,0,1,3,0,0,0,0.7994557823129251,0.004210037600880411,0.05978665977701992,0.22564957233281424,6,0.31865812504941105,0.554199520879871,9.464370727539062,-2.922088623046875,6.754463195800781,0.9056542138619511,1.1501108438421308
(4)14-03-19_at_00.53.05_1.jpg,1,28,5,13,6,0,1,3,0,0,0,0.5146938775510204,0.00271044456162876,0.1540152554636018,0.5812914897354577,2,0.5821521532437977,1.0124594951309378,8.155609130859375,-10.208602905273438,-4.8415374755859375,0.9750877057158773,1.2382860112346574
(5)14-03-19_at_00.53.05_1.jpg,1,28,5,13,6,0,1,3,0,0,0,0.16965986394557822,0.0008934507978723404,0.5008378136824557,1.8902852055465846,2,0.9071156835082246,1.5776251652297355,-10.109428405761719,8.421798706054688,0.4992828369140625,0.9927966658847972,1.2607750217330371
(6)14-03-19_at_00.53.05_1.jpg,1,28,5,13,6,0,1,3,0,0,0,0.3557142857142857,0.001873237458730741,0.31060066065229697,1.1722833572552174,2,0.45322423724234107,0.7882323888396163,5.4049530029296875,2.4768447875976562,1.1193084716796875,0.9921226088029031,1.259919021344159
(7)14-03-19_at_00.53.05_1.jpg,1,28,5,13,6,0,1,3,0,0,0,0.3161904761904762,0.0016650999633162143,0.17549299068674265,0.6623537498760045,2,0.5777089247421023,1.0047319811803128,-20.659530639648438,4.5474395751953125,9.400062561035156,0.9994024751344259,1.2691638888459644
(8)14-03-19_at_00.53.05_1.jpg,1,28,5,13,6,0,1,3,0,0,0,0.37006802721088433,0.001948826118855466,0.6011003882068064,2.2687008445333725,3,0.9245501369685015,1.6079465818042844,-3.9702301025390625,-2.5142822265625,-6.735694885253906,0.960114530767398,1.2192712364879499
(9)14-03-19_at_00.53.05_1.jpg,1,28,5,13,6,0,1,3,0,0,0,0.30680272108843537,0.001615662830154072,0.3774991358443223,1.4247746717574563,2,0.7200026369629537,1.2522044318664085,2.7545166015625,-6.854606628417969,0.734466552734375,0.9862055381047623,1.252404798951605
(10)14-03-19_at_00.53.05_1.jpg,1,28,5,13,6,0,1,3,0,0,0,0.29931972789115646,0.0015762564196625092,0.22294613274971484,0.8414535900793818,1,0.6103555617087155,1.061509916977276,-2.8004379272460938,3.1326446533203125,5.8970184326171875,0.9868569592411105,1.2532320534394157
(11)14-03-19_at_00.53.05_1.jpg,1,28,5,13,6,0,1,3,0,0,0,0.9040136054421769,0.004760652627476156,0.11368221004385465,0.42906464709548636,1,0.8004184718172024,1.392060954088991,-11.719024658203125,-8.276626586914062,10.5499267578125,0.9543523952436193,1.2119537697902285
(12)14-03-19_at_00.53.05_1.jpg,1,28,5,13,6,0,1,3,0,0,0,0.5815646258503402,0.0030625945753851797,0.11235865163141666,0.42406921181213025,3,0.5754554945880505,1.0008128910534937,-4.4897003173828125,-8.02008056640625,4.4427642822265625,0.9484377940761582,1.2044426835107416
(13)14-03-19_at_00.53.05_1.jpg,1,28,5,13,6,0,1,3,0,0,0,0.3050340136054422,0.001606348587674248,0.6377481886861261,2.407018665531216,2,1.0,1.739166452429032,3.4090118408203125,-6.846336364746094,0.7576217651367188,0.9728448940962979,1.235437813848843
(14)14-03-19_at_00.53.05_1.jpg,1,28,5,13,6,0,1,3,0,0,0,0.33877551020408164,0.001784035674981658,0.18752236147535536,0.7077555566336827,1,0.5870055952237041,1.020900438601202,-10.528556823730469,-1.671600341796875,8.810829162597656,1.0,1.269922699236115
(15)14-03-19_at_00.53.05_1.jpg,1,28,5,13,6,0,1,3,0,0,0,0.458843537414966,0.002416329443323551,0.3026809360903895,1.1423923670735747,2,0.6227594336587879,1.0830823149530673,-4.4414215087890625,-9.474235534667969,-2.6252899169921875,0.9703017782281358,1.2322082532810765
(16)14-03-19_at_00.53.05_1.jpg,1,28,5,13,6,0,1,3,0,0,0,0.2987755102040816,0.0015733904988994864,0.38038797241952205,1.4356778521686786,3,0.7265078096135789,1.2635180099076346,6.5846099853515625,3.0534896850585938,1.7768096923828125,0.9972982388047573,1.266491671366361
(17)14-03-19_at_00.53.05_1.jpg,1,28,5,13,6,0,1,3,0,0,0,0.2979591836734694,0.0015690916177549523,1.0,3.774246180910523,3,0.8965829595961469,1.5593070051491529,-0.9779205322265625,6.590606689453125,1.578643798828125,0.9724036685815157,1.234877491552139
(18)14-03-19_at_00.53.05_1.jpg,1,28,5,13,6,0,1,3,0,0,0,0.6727891156462585,0.003542994543286867,0.1820377794593957,0.6870553939060563,1,0.682563497743624,1.1870915369283301,-7.595054626464844,1.715240478515625,1.2271270751953125,0.9557357777221561,1.213710558601448
(19)14-03-19_at_00.53.05_1.jpg,1,28,5,13,6,0,1,3,0,0,0,0.3961904761904762,0.0020863903154805575,0.230919481127633,0.8715469697438085,2,0.40975301440593126,0.7126286964364655,15.368942260742188,-9.054763793945312,5.6204681396484375,0.9908549535307825,1.2583091971392866
(20)14-03-19_at_00.53.05_1.jpg,1,28,5,13,6,0,1,3,0,0,0,0.4751020408163265,0.0025019488261188555,0.20719389555418402,0.7820007690033529,2,0.6789453699992984,1.1807990105347963,-12.101615905761719,1.71673583984375,9.701629638671875,0.9781581607751132,1.2421852518113654
(21)14-03-19_at_00.53.05_1.jpg,1,28,5,13,6,0,1,3,0,0,0,0.4342857142857143,0.0022870047688921496,0.27619633614424993,1.0424329668739145,3,0.3773350413086125,0.6562484451698618,10.942428588867188,-10.825897216796875,11.3682861328125,0.9642137018136856,1.2244768668476822
(22)14-03-19_at_00.53.05_1.jpg,1,28,5,13,6,0,1,3,0,0,0,0.23938775510204083,0.0012606468956346294,0.5243902617822109,1.979177942838179,2,0.8886533888303775,1.5455161616911648,2.814300537109375,12.698028564453125,21.30889892578125,0.9911126927777815,1.2586365060595346
(23)14-03-19_at_00.53.05_1.jpg,1,28,5,13,6,0,1,3,0,0,0,0.4,0.002106451760821717,0.06936786029379156,0.26181138179177754,1,0.5490184121671661,0.9548344042069904,-25.625991821289062,-2.0416412353515625,8.97467041015625,0.9523396842894103,1.2093977824624775
(24)14-03-19_at_00.53.05_1.jpg,1,28,5,13,6,0,1,3,0,0,0,0.4897959183673469,0.0025793286867204696,0.18394411223584808,0.6942503631071263,3,0.5842869980170359,1.016172345541697,9.862716674804688,-4.49578857421875,-0.9855804443359375,0.9466196163626249,1.2021337383610802
(25)14-03-19_at_00.53.05_1.jpg,1,28,5,13,6,0,1,3,0,0,0,0.185578231292517,0.0009772789801907556,0.6515917792351624,2.4592677842910047,2,0.8365384035301464,1.4548795275881707,27.30603790283203,-15.908378601074219,-1.772918701171875,0.961851889647013,1.2214775479658924
(26)14-03-19_at_00.53.05_1.jpg,1,28,5,13,6,0,1,3,0,0,0,0.13108843537414966,0.0006903286637931034,0.7126442196350646,2.689694724305603,2,0.703478623822524,1.2234664225530765,5.058540344238281,14.107620239257812,7.04571533203125,0.9825988023325062,1.24782452332427
(27)14-03-19_at_00.53.05_1.jpg,1,28,5,13,6,0,1,3,0,0,0,0.38571428571428573,0.0020312213407923697,0.07652155749889315,0.28881119614752254,6,0.34777030355623195,0.6048304450960595,21.13250732421875,5.9069366455078125,29.689666748046875,0.9261612367278101,1.176153177673239
(0)14-07-16_at_20.27.17_1.jpg,1,4,2,1,1,0,0,0,0,0,0,0.8720963855421687,0.004750504032258064,0.6739061126066122,0.5206331619354223,2,0.9905363727197183,1.1486709346585628,5.7901153564453125,-0.3363189697265625,6.3742828369140625,0.9842349727118491,1.0868692300382274
(1)14-07-16_at_20.27.17_1.jpg,1,4,2,1,1,0,0,0,0,0,0,0.6850120481927711,0.003731413810483871,0.8029165945508343,0.6203015487936988,1,1.0,1.1596453863724905,-2.202301025390625,-0.5703125,4.0724029541015625,0.9828618738065187,1.0853529468422636
(2)14-07-16_at_20.27.17_1.jpg,1,4,2,1,1,0,0,0,0,0,0,0.96,0.0052293346774193545,1.0,0.7725603792517285,3,0.9611998895829853,1.1146510173366562,10.4600830078125,2.419158935546875,0.5679931640625,0.9857315926214856,1.0885219147872407
(3)14-07-16_at_20.27.17_1.jpg,1,4,2,1,1,0,0,0,0,0,0,1.0,0.005447223622311828,0.7373921205439092,0.5696799363046388,1,0.8386644009475162,0.9725533032736356,-4.0437774658203125,-1.684814453125,4.1551666259765625,1.0,1.1042782060909617
(0)14-07-16_at_22.57.46_1.jpg,0,6,0,2,1,1,0,2,0,0,0,0.013405797101449275,0.0008345103876808223,0.8989696979399016,3.360135908814016,2,0.7843776319066392,0.9954331251069622,-57.35948944091797,0.2376708984375,12.664535522460938,0.97932569559765,1.146538944696879
(1)14-07-16_at_22.57.46_1.jpg,1,6,0,2,1,1,0,2,0,0,0,1.0,0.06224996405402891,0.1552423241700668,0.5802590556800504,2,0.4670708292068146,0.5927473658746288,6.569854736328125,-5.6727294921875,0.3300933837890625,0.8772293956129732,1.0270103909500572
(2)14-07-16_at_22.57.46_1.jpg,0,6,0,2,1,1,0,2,0,0,0,0.012047101449275363,0.0007499316321726309,1.0,3.7377632600010613,4,0.9366420633860046,1.18866793026288,-17.34198760986328,1.4758529663085938,3.463134765625,0.9863487754224608,1.1547611679746481
(3)14-07-16_at_22.57.46_1.jpg,0,6,0,2,1,1,0,2,0,0,0,0.019444444444444445,0.0012104159677172289,0.3123927015294753,1.1676499624693502,6,0.6263546330591943,0.7948902728087354,74.94660949707031,4.5032806396484375,1.370819091796875,0.9804204223707628,1.1478205886737687
(4)14-07-16_at_22.57.46_1.jpg,0,6,0,2,1,1,0,2,0,0,0,0.0022644927536231885,0.00014096459251365241,0.6853657538166141,2.5617349342786726,3,0.7766667686504346,0.9856474703455707,-11.460762023925781,10.727989196777344,-1.8869247436523438,1.0,1.1707432469615577
(0)14-10-16_at_07.59.50_1.jpg,1,3,0,0,0,1,1,1,0,0,0,0.5384929887625894,0.04228750864664713,0.9544890899192785,0.9822443330111003,5,0.9164223810094074,1.236483235557511,4.027069091796875,-7.559349060058594,-6.354194641113281,0.9996101101178201,1.2868943422179902
(1)14-10-16_at_07.59.50_1.jpg,1,3,0,0,0,1,1,1,0,0,0,0.5828718546585058,0.045772552490234375,0.9598708094619494,0.9877825456302624,4,0.9927433374482381,1.3394593141801046,-14.976921081542969,-10.268203735351562,4.26806640625,0.9567115738128171,1.2316669259468256
(2)14-10-16_at_07.59.50_1.jpg,1,3,0,0,0,1,1,1,0,0,0,1.0,0.07852935791015625,1.0,1.0290786383888044,6,1.0,1.349250368804358,7.752250671386719,-8.126373291015625,-11.855918884277344,1.0,1.2873962850038692
(0)15-01-14_at_09.56.39_1.jpg,0,7,0,1,1,1,0,1,1,2,0,0.5464426877470355,0.01135106398264293,0.2615886160092129,0.5185341603975443,7,0.6979244268675696,0.8758095094940398,0.172576904296875,-3.837677001953125,-18.981124877929688,0.9955677133562046,1.2738861993172894
(1)15-01-14_at_09.56.39_1.jpg,1,7,0,1,1,1,0,1,1,2,0,1.0,0.02077265235159972,0.5257148190404431,1.0420984538948068,6,1.0,1.2548772843857259,12.611503601074219,-7.8277435302734375,2.8781890869140625,0.9970069789004176,1.2757278224327528
(2)15-01-14_at_09.56.39_1.jpg,0,7,0,1,1,1,0,1,1,2,0,0.1707509881422925,0.003546950915371968,0.05746031548547407,0.11390073811694064,3,0.24772810472425735,0.31086837132239875,14.54608154296875,-1.1519012451171875,1.1502914428710938,0.9322208595017413,1.1928302532346973
(3)15-01-14_at_09.56.39_1.jpg,1,7,0,1,1,1,0,1,1,2,0,0.7608695652173914,0.0158052789631737,0.1576209784878367,0.3124442607179483,4,0.4874685912118271,0.6117132619632332,6.7301177978515625,3.1222076416015625,-6.447181701660156,0.9646306766475159,1.2343004799510866
(4)15-01-14_at_09.56.39_1.jpg,0,7,0,1,1,1,0,1,1,2,0,0.3041501976284585,0.006318006318006318,0.07925087415377162,0.15709508355917945,8,0.6374472220372126,0.7999180389292821,-6.644737243652344,-7.231170654296875,-29.93824005126953,0.9843566434940088,1.2595409900608665
(5)15-01-14_at_09.56.39_1.jpg,0,7,0,1,1,1,0,1,1,2,0,0.4431818181818182,0.009206061837640785,1.0,1.98225048286995,8,0.6573219535489399,0.8248583880366138,40.858489990234375,16.5633544921875,-19.88831329345703,1.0,1.2795575652235973
(6)15-01-14_at_09.56.39_1.jpg,1,7,0,1,1,1,0,1,1,2,0,0.6037549407114624,0.01254159148895991,0.68620075040434,1.3602217688347251,2,0.7643359198136905,0.9591477834142699,42.979248046875,-17.155113220214844,25.27447509765625,0.9927319304659028,1.270257651866672
(0)15-02-18_at_03.09.10_1.jpg,0,5,1,0,1,0,1,2,0,0,0,0.7557575757575757,0.0022257920571173585,0.6458995927008264,1.535673300607191,3,0.7068592898934902,0.8102609873069347,38.73591613769531,-0.4561004638671875,1.3508453369140625,0.9726201522391145,1.0902161722747286
(1)15-02-18_at_03.09.10_1.jpg,0,5,1,0,1,0,1,2,0,0,0,0.8436363636363636,0.0024846050870147257,0.3937309043414203,0.9361238871396945,6,0.862068231671412,0.9881744026102732,58.49908447265625,-11.144027709960938,-1.0199432373046875,0.984998037890988,1.1040906237604124
(2)15-02-18_at_03.09.10_1.jpg,0,5,1,0,1,0,1,2,0,0,0,0.6618181818181819,0.0019491298527443107,1.0,2.377572796083954,6,0.8196680557910321,0.9395717898102053,30.435211181640625,-3.0626602172851562,7.596893310546875,0.9506210845345432,1.0655572760640382
(3)15-02-18_at_03.09.10_1.jpg,0,5,1,0,1,0,1,2,0,0,0,0.9066666666666666,0.002670236501561803,0.43716805440677814,1.0393988734745057,5,1.0,1.1462832828143563,22.19970703125,-23.122970581054688,-7.5600128173828125,1.0,1.1209064193918776
(4)15-02-18_at_03.09.10_1.jpg,1,5,1,0,1,0,1,2,0,0,0,1.0,0.0029451137884872825,0.7699991632942947,1.8307290636559215,1,0.9010227583447022,1.0328273253258118,-23.212135314941406,4.1173095703125,-12.592605590820312,0.9602867487346765,1.0763915811136537
(0)15-02-18_at_03.09.10_2.jpg,1,3,1,2,0,0,0,0,0,0,0,1.0,0.012461814914645103,1.0,1.2691670616032105,2,1.0,1.5398043333922675,38.171783447265625,7.3403472900390625,-7.938362121582031,0.9590565269206067,1.1632650727174914
(1)15-02-18_at_03.09.10_2.jpg,0,3,1,2,0,0,0,0,0,0,0,0.44513338139870223,0.005547169811320755,0.9101908971885165,1.1551843064827396,1,0.9344409102796163,1.4388561629475682,6.452362060546875,3.784423828125,-12.787506103515625,0.9993465055058368,1.2121338552690477
(2)15-02-18_at_03.09.10_2.jpg,0,3,1,2,0,0,0,0,0,0,0,0.1072819033886085,0.0013369272237196766,0.7066969484192054,0.8969164894691586,2,0.7476614257593571,1.1512523032944992,-2.6009902954101562,6.285804748535156,-1.97955322265625,1.0,1.2129264960560449
(0)16-02-16_at_02.17.57_1.jpg,1,3,0,0,0,0,3,0,0,0,0,0.5739842860063674,0.037482261657714844,0.7681339478212049,0.4999552607150842,5,0.7240189643908151,0.8314070641561739,-13.665992736816406,7.1234283447265625,36.34446716308594,1.0,1.231257974006989
(1)16-02-16_at_02.17.57_1.jpg,0,3,0,0,0,0,3,0,0,0,0,0.30249924545569606,0.019753774007161457,0.8294472186554536,0.5398622227653627,5,1.0,1.1483222195094218,56.363433837890625,18.5550537109375,-1.3053131103515625,0.9795214518620865,1.206043598316097
(0)16-03-17_at_09.43.58_1.jpg,0,62,14,26,18,2,1,1,0,0,0,0.009247670699485467,0.00022265954267738892,0.5909354659229903,1.9799255535149023,3,0.7132515667407175,1.4670814211475485,9.52349853515625,9.47503662109375,2.0466156005859375,0.9583507999807385,1.1533541011290807
(1)16-03-17_at_09.43.58_1.jpg,0,62,14,26,18,2,1,1,0,0,0,0.00723126129884578,0.00017410971758231915,0.22517651387342286,0.7544524902952652,3,0.6876757549617052,1.4144747392397672,3.4659576416015625,12.312400817871094,0.846893310546875,0.9907704707829028,1.1923704616076054
(2)16-03-17_at_09.43.58_1.jpg,0,62,14,26,18,2,1,1,0,0,0,0.008274231678486997,0.00019922169607976904,0.38015988120711347,1.273723285583341,2,0.6357934602159326,1.3077584637244641,-17.306190490722656,9.861419677734375,3.432586669921875,0.975521606502298,1.1740187889675346
(3)16-03-17_at_09.43.58_1.jpg,0,62,14,26,18,2,1,1,0,0,0,0.00723126129884578,0.00017410971758231915,0.5023059537643486,1.6829729317182565,2,0.511205071862678,1.0514936080032002,-2.4101715087890625,14.221572875976562,3.77093505859375,0.9765054335500535,1.1752028031723054
(4)16-03-17_at_09.43.58_1.jpg,0,62,14,26,18,2,1,1,0,0,0,0.0114726741760534,0.0002762317634719487,0.37355155644119187,1.251582135111796,2,0.4657780177573998,0.9580550651341522,-3.497833251953125,6.823539733886719,2.6101913452148438,0.9888954176742268,1.190113876448215
(5)16-03-17_at_09.43.58_1.jpg,0,62,14,26,18,2,1,1,0,0,0,0.03309692671394799,0.0007968867843190762,0.4934424253554746,1.6532757356570509,3,0.681269180276841,1.4012971072069236,18.913604736328125,6.364265441894531,-3.5813751220703125,0.9590628282439223,1.1542110114770237
(6)16-03-17_at_09.43.58_1.jpg,0,62,14,26,18,2,1,1,0,0,0,0.019712140175219023,0.0004746163936018027,0.35738442857924546,1.197414275122526,2,0.8066538091752519,1.6591997437127444,1.6486129760742188,7.805076599121094,4.4965667724609375,0.9759583986785657,1.1745444587409095
(7)16-03-17_at_09.43.58_1.jpg,0,62,14,26,18,2,1,1,0,0,0,0.03407036573494646,0.000820324630916696,0.5778133618098801,1.9359600264012942,1,0.7998369921035154,1.6451782874080554,-16.641380310058594,-0.0881500244140625,5.99542236328125,0.9676172851526464,1.164506112142466
(8)16-03-17_at_09.43.58_1.jpg,0,62,14,26,18,2,1,1,0,0,0,0.04526491447642887,0.0010898598667893247,0.5290026893381728,1.7724201759710378,3,0.9515052368837581,1.9571434823980016,-40.749481201171875,-5.641365051269531,-13.270423889160156,0.9601755042397169,1.1555500925556885
(9)16-03-17_at_09.43.58_1.jpg,0,62,14,26,18,2,1,1,0,0,0,0.01877346683354193,0.0004520156129540978,0.49867559825734425,1.6708094484765887,2,0.5156843003436353,1.0607068971033085,-7.016571044921875,7.590911865234375,6.7500457763671875,0.9704935750052321,1.167967663692882
(10)16-03-17_at_09.43.58_1.jpg,0,62,14,26,18,2,1,1,0,0,0,0.008274231678486997,0.00019922169607976904,0.13845836193839656,0.4639038688792654,1,0.2413229916848729,0.4963753240871923,-3.8564605712890625,8.730400085449219,1.6695556640625,0.9912770631532618,1.1929801343787514
(11)16-03-17_at_09.43.58_1.jpg,0,62,14,26,18,2,1,1,0,0,0,0.010568766513697678,0.00025446804877415875,0.6955802436405484,2.330537221611805,2,0.6096909173518938,1.2540683528768566,15.274169921875,5.3399505615234375,3.2569656372070312,0.9499782095815845,1.1432778728062867
(12)16-03-17_at_09.43.58_1.jpg,0,62,14,26,18,2,1,1,0,0,0,0.026387150604922822,0.000635333055985482,0.40623490442214155,1.3610874864970435,3,0.7925064322993431,1.6301001178017043,-9.53692626953125,2.1390151977539062,9.727874755859375,0.978820143497969,1.1779885056639257
(13)16-03-17_at_09.43.58_1.jpg,0,62,14,26,18,2,1,1,0,0,0,0.006257822277847309,0.00015067187098469928,0.2164163193263528,0.7251015136866514,1,0.31563679267959527,0.6492307847101707,-3.14453125,3.0952301025390625,-0.571014404296875,0.9990211320720093,1.2022999509292704
(14)16-03-17_at_09.43.58_1.jpg,1,62,14,26,18,2,1,1,0,0,0,0.6758448060075094,0.016272562066347522,0.19956611887440437,0.6686450232904416,6,1.0,2.0568919713019915,13.89202880859375,-14.131484985351562,13.453231811523438,0.9032041520870613,1.0869863237839037
(15)16-03-17_at_09.43.58_1.jpg,1,62,14,26,18,2,1,1,0,0,0,0.2657488527325824,0.006398532121150229,0.2789936927467201,0.934766608864702,2,0.9807697101116514,2.0173373424248373,13.955215454101562,-5.0703887939453125,-11.007675170898438,0.9468043646548847,1.139458220271296
(16)16-03-17_at_09.43.58_1.jpg,1,62,14,26,18,2,1,1,0,0,0,0.508552357113058,0.01224460071535656,0.25676328132464393,0.8602837555281349,5,0.9314470775693544,1.9158860155451085,13.436920166015625,0.9697036743164062,26.574447631835938,0.9116129559428071,1.097106134204899
(17)16-03-17_at_09.43.58_1.jpg,1,62,14,26,18,2,1,1,0,0,0,0.2837574746210541,0.006832132283206197,0.1907163713012101,0.6389939998323113,2,0.9525442709855041,1.9592806632997921,-24.694068908691406,-1.546478271484375,11.28460693359375,0.9096884209333068,1.09478999866662
(18)16-03-17_at_09.43.58_1.jpg,0,62,14,26,18,2,1,1,0,0,0,0.023988318731748018,0.0005775755054413472,0.3137675378891609,1.0512761578117287,2,0.7851807388181119,1.6150319576959404,13.223579406738281,7.824440002441406,9.42230224609375,0.9721748896062667,1.1699910888211653
(19)16-03-17_at_09.43.58_1.jpg,0,62,14,26,18,2,1,1,0,0,0,0.04526491447642887,0.0010898598667893247,0.2789411648969112,0.9345906146350353,3,0.8752705956503509,1.8003370609099187,4.561920166015625,-2.344146728515625,0.4669647216796875,0.9693150816693832,1.1665493728936445
(20)16-03-17_at_09.43.58_1.jpg,0,62,14,26,18,2,1,1,0,0,0,0.0057363370880267,0.00013811588173597434,0.6663629169910649,2.2326447528489926,2,0.5009884294281494,1.030479078205955,-5.224159240722656,9.336502075195312,-0.954345703125,0.9709313842134353,1.1684945574418133
(21)16-03-17_at_09.43.58_1.jpg,0,62,14,26,18,2,1,1,0,0,0,0.02892504519538312,0.0006964388703292766,0.707097665510119,2.3691262709838155,2,0.7441689112250569,1.530675058791364,-9.667251586914062,5.9202880859375,-5.90814208984375,0.9511761248590263,1.144719537484889
(22)16-03-17_at_09.43.58_1.jpg,0,62,14,26,18,2,1,1,0,0,0,0.03528716451119455,0.0008496219391637209,0.5904372298454855,1.9782562166779367,2,0.7038201388545461,1.4476819928505686,4.0788726806640625,6.621978759765625,1.8243484497070312,0.9519288307026326,1.1456254024058394
(23)16-03-17_at_09.43.58_1.jpg,1,62,14,26,18,2,1,1,0,0,0,0.4728132387706856,0.011384096918843945,0.21885630673995846,0.7332766761350704,2,0.9170066489742613,1.886183613905702,4.71966552734375,-2.8860015869140625,-1.8506622314453125,0.9443854090114808,1.1365470603788794
(24)16-03-17_at_09.43.58_1.jpg,0,62,14,26,18,2,1,1,0,0,0,0.05047976637463496,0.001215419759276574,0.19825957962320767,0.6642674717652948,1,0.4456345453592362,0.9166221184842261,-30.511924743652344,-0.4953460693359375,4.940391540527344,0.9815997439684736,1.181333693670469
(25)16-03-17_at_09.43.58_1.jpg,0,62,14,26,18,2,1,1,0,0,0,0.012411347517730497,0.00029883254411965354,0.6004737534835514,2.0118835258603784,3,0.49740692646178597,1.0231123135092477,13.87957763671875,3.7042465209960938,3.11920166015625,0.9713647904405021,1.1690161522998261
(26)16-03-17_at_09.43.58_1.jpg,0,62,14,26,18,2,1,1,0,0,0,0.019885968571825893,0.0004788017233513777,0.2873460922787972,0.9627512708461857,1,0.3437845999043177,0.7071277834004586,-2.92388916015625,6.6534576416015625,1.7878875732421875,0.9713399294672224,1.1689862326655014
(27)16-03-17_at_09.43.58_1.jpg,1,62,14,26,18,2,1,1,0,0,0,1.0,0.024077364983354943,0.402100523269004,1.3472352685052158,3,0.48268522751373455,0.9928313691390758,3.2513809204101562,-1.0478057861328125,-0.7945709228515625,0.9457945302506117,1.1382429067851976
(28)16-03-17_at_09.43.58_1.jpg,1,62,14,26,18,2,1,1,0,0,0,0.44110693922959254,0.010620692772521468,0.19438088842841209,0.6512719413671079,4,0.7339387697389593,1.5096327629033266,3.768035888671875,-8.7847900390625,-2.3966522216796875,0.9444161366482641,1.136584040413646
(29)16-03-17_at_09.43.58_1.jpg,0,62,14,26,18,2,1,1,0,0,0,0.3605200945626478,0.008680373900618508,0.32416447747724103,1.086111038362752,3,0.7151207061228422,1.4709260389358851,-0.1575164794921875,-2.7355804443359375,0.8610763549804688,0.9646552338548926,1.1609413485798041
(30)16-03-17_at_09.43.58_1.jpg,0,62,14,26,18,2,1,1,0,0,0,0.01112501738283966,0.00026786110397279873,0.3039490037641472,1.0183792211186344,1,0.3752524482116889,0.7718537479380393,6.184417724609375,7.910179138183594,6.208740234375,0.9784100028369256,1.1774949104027084
(31)16-03-17_at_09.43.58_1.jpg,0,62,14,26,18,2,1,1,0,0,0,0.009386733416770964,0.0002260078064770489,0.2664068893382557,0.8925946033876526,1,0.42956998893411896,0.8835790613508747,11.265213012695312,0.2829437255859375,1.7543792724609375,0.9864284341235998,1.1871449160262164
(32)16-03-17_at_09.43.58_1.jpg,1,62,14,26,18,2,1,1,0,0,0,0.7036573494646086,0.016942214826279518,0.4103889389167287,1.3750055528855094,4,0.5003396444394044,1.029144597571504,-24.964675903320312,-9.603385925292969,7.980079650878906,0.9288518129032087,1.117852719249182
(33)16-03-17_at_09.43.58_1.jpg,0,62,14,26,18,2,1,1,0,0,0,0.00723126129884578,0.00017410971758231915,0.4655510860834288,1.5598259792437614,2,0.6184563757426442,1.2720979538655726,2.3130340576171875,9.553939819335938,2.5417327880859375,0.9629035859990588,1.1588332789269167
(34)16-03-17_at_09.43.58_1.jpg,1,62,14,26,18,2,1,1,0,0,0,0.3566958698372966,0.008588296646127858,0.4306948381309949,1.4430403402012928,1,0.7997072381365617,1.644911397515184,-8.504852294921875,14.151649475097656,1.2927474975585938,0.9439863506221257,1.1360668023877951
(35)16-03-17_at_09.43.58_1.jpg,0,62,14,26,18,2,1,1,0,0,0,0.038589904046725076,0.0009291432044056455,0.7036155824833825,2.357459573752625,3,0.7200023992808414,1.4809671543989336,9.120002746582031,-4.4988861083984375,-0.08585357666015625,0.952734094577908,1.1465945197614662
(36)16-03-17_at_09.43.58_1.jpg,0,62,14,26,18,2,1,1,0,0,0,0.009247670699485467,0.00022265954267738892,0.19201557950669965,0.6433469887350288,2,0.4135437989703674,0.8506149198838735,0.04570770263671875,2.6826019287109375,-1.37493896484375,0.9810813624516787,1.1807098329209844
(37)16-03-17_at_09.43.58_1.jpg,0,62,14,26,18,2,1,1,0,0,0,0.00723126129884578,0.00017410971758231915,0.6294856824925142,2.109087811123385,2,0.5794007908452575,1.1917648348556347,12.473342895507812,5.162544250488281,2.240478515625,0.9394605552090867,1.1306201071895392
(38)16-03-17_at_09.43.58_1.jpg,0,62,14,26,18,2,1,1,0,0,0,0.05718954248366013,0.0013769734876101683,0.4264943689234213,1.4289666945996742,3,0.8579478541588509,1.7647060530151124,-2.7055206298828125,-5.36053466796875,14.531417846679688,0.9774933538113347,1.176391743469491
(39)16-03-17_at_09.43.58_1.jpg,0,62,14,26,18,2,1,1,0,0,0,0.010568766513697678,0.00025446804877415875,0.44878483399533664,1.5036507573114695,1,0.4569398393875399,0.9398758870042524,34.99980163574219,0.9819717407226562,4.903907775878906,0.9674952333099004,1.1643592254352348
(40)16-03-17_at_09.43.58_1.jpg,0,62,14,26,18,2,1,1,0,0,0,0.03879849812265332,0.0009341656001051354,0.5587620664661556,1.8721287814451566,3,0.6847952370272767,1.40854982502725,1.5318374633789062,-16.074913024902344,6.773872375488281,0.9420534371084518,1.1337405835040957
(41)16-03-17_at_09.43.58_1.jpg,0,62,14,26,18,2,1,1,0,0,0,0.01898206090947017,0.00045703800865358777,0.2715149277866852,0.909709054009745,2,0.6219341182266883,1.2792512944592587,51.636993408203125,4.343788146972656,-8.844627380371094,0.9866273145024371,1.1873842641861707
(42)16-03-17_at_09.43.58_1.jpg,0,62,14,26,18,2,1,1,0,0,0,0.023188708107356418,0.0005583229885933023,0.2720649424907057,0.9115518748084565,2,0.5828661746166418,1.1988927549124753,3.9170989990234375,6.367515563964844,1.777587890625,0.9731993967281052,1.1712240606000088
(43)16-03-17_at_09.43.58_1.jpg,0,62,14,26,18,2,1,1,0,0,0,0.008760951188986232,0.00021094061937857898,0.45700634595400375,1.5311968813033143,1,0.265216905029817,0.5455225226093934,-7.374847412109375,6.2198638916015625,-2.0039215087890625,0.9835628090409194,1.1836961992917239
(44)16-03-17_at_09.43.58_1.jpg,0,62,14,26,18,2,1,1,0,0,0,0.009247670699485467,0.00022265954267738892,0.4993532798281576,1.6730800163077202,2,0.3548528444039686,0.7298939666481978,19.252059936523438,10.906692504882812,-0.11913299560546875,0.913081722348089,1.0988737622563043
(45)16-03-17_at_09.43.58_1.jpg,0,62,14,26,18,2,1,1,0,0,0,0.013871506049228202,0.0003339893140160834,0.5285306982397767,1.7708387727711363,1,0.5465730726003301,1.1242417647614793,-14.638885498046875,-3.605926513671875,12.269775390625,0.9790021824966836,1.1782075855934642
(46)16-03-17_at_09.43.58_1.jpg,0,62,14,26,18,2,1,1,0,0,0,0.0070921985815602835,0.00017076145378265917,0.461928040958696,1.5476869893918122,3,0.6510495514290563,1.339138595254189,4.023712158203125,8.477249145507812,-0.46666717529296875,0.9521474018139715,1.1458884479291032
(47)16-03-17_at_09.43.58_1.jpg,0,62,14,26,18,2,1,1,0,0,0,0.008135168961201502,0.00019587343228010906,0.6378763248873397,2.137200605575437,2,0.8163312385814361,1.6791051705611664,3.7635955810546875,3.24664306640625,1.3798828125,0.9548618593849331,1.1491552378893894
(48)16-03-17_at_09.43.58_1.jpg,0,62,14,26,18,2,1,1,0,0,0,0.02920317062995411,0.0007031353979285966,0.8033887608721791,2.69174897900745,3,0.7906693997136359,1.626321540225143,9.643226623535156,-6.956886291503906,10.691574096679688,0.9454426552304693,1.1378194329407827
(49)16-03-17_at_09.43.58_1.jpg,0,62,14,26,18,2,1,1,0,0,0,0.00723126129884578,0.00017410971758231915,0.3229578202496381,1.082068140928033,1,0.3428051891642438,0.7051132413125936,9.768882751464844,8.152473449707031,2.5179290771484375,0.9884488704725619,1.1895764667164153
(50)16-03-17_at_09.43.58_1.jpg,0,62,14,26,18,2,1,1,0,0,0,0.005353914615491587,0.00012890815628690936,0.3553034501506046,1.1904419700151587,3,0.6740648230250409,1.3864785226173044,-5.0527801513671875,8.038848876953125,1.5476303100585938,0.9820800428567399,1.1819117228144536
(51)16-03-17_at_09.43.58_1.jpg,0,62,14,26,18,2,1,1,0,0,0,0.016270337922403004,0.0003917468645602181,0.3338084555747879,1.1184231261861612,2,0.2888203115240499,0.5940721799227584,16.851036071777344,-5.1491241455078125,-2.5336532592773438,0.9670931377274831,1.1638753122491279
(52)16-03-17_at_09.43.58_1.jpg,0,62,14,26,18,2,1,1,0,0,0,0.004971492142956473,0.00011970043083784443,0.3498141010159227,1.172049940342433,2,0.394747950582152,0.8119538902403438,-0.799652099609375,14.132293701171875,0.24222564697265625,1.0,1.20347799694252
(53)16-03-17_at_09.43.58_1.jpg,0,62,14,26,18,2,1,1,0,0,0,0.006779307467667918,0.0001632278602334242,0.3017576893863364,1.0110372361090945,2,0.337379448084347,0.6939530780469904,9.202262878417969,10.108795166015625,5.935249328613281,0.9645646662876902,1.1608323525054396
(54)16-03-17_at_09.43.58_1.jpg,0,62,14,26,18,2,1,1,0,0,0,0.016270337922403004,0.0003917468645602181,1.0,3.35049369633354,2,0.7158539352403555,1.472434212020823,-12.155242919921875,1.9767608642578125,1.0079345703125,0.9471686700116059,1.1398966537522779
(55)16-03-17_at_09.43.58_1.jpg,0,62,14,26,18,2,1,1,0,0,0,0.01783479349186483,0.00042941483230639295,0.3321185441648603,1.1127610886598367,2,0.2797592790856311,0.5754346150484678,27.29743194580078,0.5900802612304688,-0.25616455078125,0.829162864631274,0.9978792634655674
(56)16-03-17_at_09.43.58_1.jpg,0,62,14,26,18,2,1,1,0,0,0,0.008274231678486997,0.00019922169607976904,0.18926387155942537,0.6341274086035354,3,0.5894858057854716,1.2125086211166218,-7.3107147216796875,8.481330871582031,1.0059356689453125,0.9764951308088741,1.1751904040499879
(57)16-03-17_at_09.43.58_1.jpg,0,62,14,26,18,2,1,1,0,0,0,0.026943401474064804,0.0006487261111841219,0.7378541200462487,2.472175578028687,3,0.5823097769314545,1.1977483049809625,1.0023880004882812,23.12006378173828,11.771652221679688,0.9621525226379928,1.157929390697564
(0)16-10-16_at_01.49.34_1.jpg,1,5,0,1,1,2,0,1,0,0,0,0.4995192519737132,0.014865801411290323,0.4516898732134182,0.2944737291763475,2,0.8338352735403866,1.1876605434685255,14.353424072265625,-4.356468200683594,-20.18505859375,1.0,1.1873886981058628
(1)16-10-16_at_01.49.34_1.jpg,1,5,0,1,1,2,0,1,0,0,0,1.0,0.029760217153897848,1.0,0.6519378596677374,6,1.0,1.424334735116002,24.714202880859375,1.2829971313476562,-5.831077575683594,0.885385113267982,1.0512962769655811
(2)16-10-16_at_01.49.34_1.jpg,1,5,0,1,1,2,0,1,0,0,0,0.5474529175671503,0.016292317708333334,0.5246474682984706,0.3420375475626021,4,0.9714822123256327,1.3837158595627377,10.804458618164062,-3.172210693359375,-7.4404449462890625,0.9848509405449779,1.1694008761220358
(3)16-10-16_at_01.49.34_1.jpg,1,5,0,1,1,2,0,1,0,0,0,0.6483923609579676,0.019296297463037633,0.3448970731242014,0.224851459658259,4,0.8457415114162322,1.2046190116396462,-10.1558837890625,-5.752922058105469,14.520927429199219,0.8888158639426983,1.0553699115427582
(4)16-10-16_at_01.49.34_1.jpg,1,5,0,1,1,2,0,1,0,0,0,0.6199267851629692,0.01844915574596774,0.535940322523825,0.3493997867758193,3,0.8699368290607278,1.2390812429878664,12.426521301269531,-6.068550109863281,-2.1810760498046875,0.9461260660965415,1.123419397866394
(0)16-10-17_at_18.57.23_1.jpg,0,4,0,2,0,0,0,2,0,0,0,0.04125807223152356,0.0005615234375,1.0,2.352383375204948,6,1.0,0.9997950590768078,42.71759033203125,13.03729248046875,-1.5241241455078125,0.9822885324383277,1.2016954089169045
(1)16-10-17_at_18.57.23_1.jpg,0,4,0,2,0,0,0,2,0,0,0,0.08395120784501316,0.001142578125,0.3319901181091879,0.7809680345723807,6,0.9974914596556196,0.9972870328350013,50.39506530761719,-38.23911666870117,-31.636749267578125,1.0,1.2233629623405506
(2)16-10-17_at_18.57.23_1.jpg,1,4,0,2,0,0,0,2,0,0,0,0.8538627122697919,0.01162109375,0.7697081106369634,1.8106485632228038,2,0.7720239053989565,0.7718656861070575,3.5547409057617188,-10.479705810546875,-1.3586196899414062,0.951844224094534,1.1644509696750318
(3)16-10-17_at_18.57.23_1.jpg,1,4,0,2,0,0,0,2,0,0,0,1.0,0.013610026041666667,0.2487421034042196,0.5851367887615964,2,0.5940736452435775,0.5939518952422771,4.916542053222656,0.27728271484375,1.9759674072265625,0.9382384151417298,1.1478061269294897
(0)17-05-21_at_18.40.50_1.jpg,1,10,1,2,0,1,2,4,0,0,0,1.0,0.006622180408125915,0.4214497826450405,1.4543142360580537,2,0.5996339233975202,0.95284327579401,-7.1592864990234375,-3.9180831909179688,-1.5589599609375,0.985967586775815,1.1299697402535278
(1)17-05-21_at_18.40.50_1.jpg,1,10,1,2,0,1,2,4,0,0,0,0.992766922163446,0.006574281661786237,0.37674180100534793,1.3000385504568852,1,0.48199603172793687,0.7659117669480077,-18.976402282714844,-9.044754028320312,2.0292816162109375,0.9726516755868816,1.1147090187965463
(2)17-05-21_at_18.40.50_1.jpg,0,10,1,2,0,1,2,4,0,0,0,0.8203605743279715,0.005432575722913616,0.24916643523931128,0.8598089472063267,2,0.744694142578113,1.183350005046888,-69.43714904785156,-4.235115051269531,17.908653259277344,0.9329939034084832,1.0692591651416232
(3)17-05-21_at_18.40.50_1.jpg,0,10,1,2,0,1,2,4,0,0,0,0.2594191946453633,0.0017179207082723279,1.0,3.450741454724932,6,0.8499163464701645,1.3505524689680315,-74.13442993164062,2.3946990966796875,5.43121337890625,0.9560322051296515,1.0956622479213314
(4)17-05-21_at_18.40.50_1.jpg,0,10,1,2,0,1,2,4,0,0,0,0.09446183741768326,0.0006255433290629575,0.46933385989658477,1.6195498064512086,4,0.5744664990063899,0.9128511903491627,-27.97357177734375,5.200225830078125,9.923416137695312,0.9980980303357223,1.1438718546256357
(5)17-05-21_at_18.40.50_1.jpg,0,10,1,2,0,1,2,4,0,0,0,0.1877901327863543,0.0012435801381771596,0.3930279758352314,1.356237929081262,6,0.7296539025113966,1.1594504372360825,60.464935302734375,1.943603515625,0.386749267578125,0.9712289705749643,1.1130785254270525
(6)17-05-21_at_18.40.50_1.jpg,0,10,1,2,0,1,2,4,0,0,0,0.1889236748353665,0.001251086658125915,0.36185951923380716,1.2486836438069324,6,0.5710441444672852,0.9074129264639369,39.451751708984375,-29.825653076171875,-1.5568313598632812,0.995807043574545,1.1412462655594502
(7)17-05-21_at_18.40.50_1.jpg,0,10,1,2,0,1,2,4,0,0,0,0.06736478462701069,0.000446101756954612,0.44371451327446143,1.5311440650192802,5,0.645249609173422,1.0253285001389412,14.326103210449219,3.174835205078125,2.0888671875,0.9848451563560735,1.128683377063846
(8)17-05-21_at_18.40.50_1.jpg,0,10,1,2,0,1,2,4,0,0,0,0.0332505667710245,0.00022019125183016106,0.40410571729592754,1.3944643507644112,5,1.0,1.589041644600774,2.745635986328125,9.050102233886719,-0.105712890625,1.0,1.1460516100215934
(9)17-05-21_at_18.40.50_1.jpg,0,10,1,2,0,1,2,4,0,0,0,0.08550145741120588,0.0005662060761346999,0.4398832601714512,1.5179234011131792,6,0.7099071234080337,1.1280719828941066,-1.3494644165039062,5.921630859375,-0.5034255981445312,0.9882086781423705,1.1325381466223743
(0)19-02-16_at_10.18.54_1.jpg,1,5,0,0,0,3,1,1,0,0,0,1.0,0.1985600789388021,0.1934218719592322,0.5726956214586961,6,0.958618111361872,1.2086185136725842,11.764137268066406,-4.92608642578125,1.85882568359375,0.853430837273107,0.9850380371447094
(1)19-02-16_at_10.18.54_1.jpg,0,5,0,0,0,3,1,1,0,0,0,0.006634476222190914,0.0013173421223958333,0.866656880235528,2.566052099436577,4,0.8401090737683805,1.0592032093137613,71.54550170898438,-5.4454803466796875,-1.8172760009765625,0.9660462414074104,1.1150198139869414
(2)19-02-16_at_10.18.54_1.jpg,0,5,0,0,0,3,1,1,0,0,0,0.006051718175647118,0.001201629638671875,0.8311048421872458,2.460787393237913,5,1.0,1.2607924880070815,0.16278076171875,14.595314025878906,8.536537170410156,0.96540398105285,1.1142785109412097
(3)19-02-16_at_10.18.54_1.jpg,0,5,0,0,0,3,1,1,0,0,0,0.004418714858409007,0.00087738037109375,1.0,2.9608627796726323,4,0.7816569367464758,0.9855071940485833,72.37582397460938,-9.589195251464844,1.1136703491210938,0.9754634939415546,1.1258892969566094
(4)19-02-16_at_10.18.54_1.jpg,0,5,0,0,0,3,1,1,0,0,0,0.0010822649435813364,0.00021489461263020834,0.28076968040535655,0.8313204963728006,4,0.23138864625445293,0.2917330670077422,2.1306915283203125,8.185028076171875,0.3231353759765625,1.0,1.1542095669897696
(0)19-04-21_at_17.55.14_2.jpg,1,5,1,2,1,0,0,1,0,0,0,1.0,0.00951375,0.8406339336088677,1.2029162251559973,3,0.6814585277588558,0.6694776440022011,46.32342529296875,-38.381553649902344,-26.410995483398438,0.9584612190706723,1.0339859039703994
(1)19-04-21_at_17.55.14_2.jpg,0,5,1,2,1,0,0,1,0,0,0,0.08240704243857574,0.000784,0.660727157023119,0.9454762481121901,2,0.9133168724449985,0.8972596322227042,22.04271697998047,-13.086921691894531,0.7781829833984375,0.9878778153165548,1.06572046480169
(2)19-04-21_at_17.55.14_2.jpg,0,5,1,2,1,0,0,1,0,0,0,0.11861779004073052,0.0011285,0.8933787385667669,1.2783921001354464,1,0.6897969554803661,0.6776694718512685,9.877555847167969,-7.7974090576171875,-3.085968017578125,0.984275025892149,1.0618337833108924
(3)19-04-21_at_17.55.14_2.jpg,0,5,1,2,1,0,0,1,0,0,0,0.4526606227828143,0.0043065,1.0,1.4309632017730243,6,0.7942572684714965,0.7802932433418521,-3.32037353515625,2.9183807373046875,1.3137054443359375,1.0,1.0787978515948262
(4)19-04-21_at_17.55.14_2.jpg,0,5,1,2,1,0,0,1,0,0,0,0.22835369859414006,0.0021725,0.9013463694476295,1.289793486731271,2,1.0,0.9824187631842296,-39.277244567871094,-6.079620361328125,9.69708251953125,0.9941390825306536,1.0724751064205207
(0)19-09-20_at_20.02.01_1.jpg,1,5,0,1,0,0,1,2,1,0,0,0.7110874200426439,0.0055583333333333335,0.559534080619621,1.8857292524787528,5,1.0,0.9256749320743566,-9.731460571289062,5.2894439697265625,-3.2499237060546875,0.9772868054205505,1.1713113728867153
(1)19-09-20_at_20.02.01_1.jpg,0,5,0,1,0,0,1,2,1,0,0,0.06343283582089553,0.0004958333333333334,1.0,3.3701776492157904,6,0.5611962473456951,0.5194852981421102,6.7763671875,6.3349151611328125,-0.24950408935546875,0.9810153495095997,1.1757801594001416
(2)19-09-20_at_20.02.01_1.jpg,0,5,0,1,0,0,1,2,1,0,0,0.03464818763326226,0.0002708333333333333,0.610363391108334,2.057033058612863,6,0.3682420578407077,0.3408724418786184,3.8179092407226562,10.154571533203125,0.7772598266601562,1.0,1.198533906720117
(3)19-09-20_at_20.02.01_1.jpg,1,5,0,1,0,0,1,2,1,0,0,1.0,0.007816666666666666,0.20036400886967282,0.6752623043998457,2,0.9256659879688234,0.8568658005365828,-22.334060668945312,-1.7107772827148438,5.497802734375,0.9710593134664532,1.163847512625903
(4)19-09-20_at_20.02.01_1.jpg,0,5,0,1,0,0,1,2,1,0,0,0.055970149253731345,0.0004375,0.34662325338469824,1.1681819412555716,7,0.5375219339122289,0.4975705796626793,-8.130760192871094,13.195968627929688,-1.001983642578125,0.9781962156230455,1.1724013318495226
(0)21-01-16_at_12.50.04_1.jpg,1,2,1,0,0,0,1,0,0,0,0,1.0,0.06561279296875,0.8313448938268709,1.5923699752269982,5,1.0,1.4952443460824782,-26.562835693359375,-7.2677001953125,-7.7490234375,0.9156024140944089,1.13545240262296
(1)21-01-16_at_12.50.04_1.jpg,0,2,1,0,0,0,1,0,0,0,0,0.01982558139534884,0.001300811767578125,1.0,1.9154143930528693,1,0.9195138941955101,1.3748979514401187,9.705734252929688,3.1915054321289062,-0.191925048828125,1.0,1.2401151254564975
(0)21-06-14_at_22.29.47_1.jpg,0,5,1,1,0,1,1,1,0,0,0,0.0030963020301889447,0.00018184222707134828,1.0,7.625829104147438,5,1.0,1.5091097458051814,-7.0156707763671875,10.454269409179688,0.4362030029296875,0.9952327680693869,1.2674289462167612
(1)21-06-14_at_22.29.47_1.jpg,0,5,1,1,0,1,1,1,0,0,0,0.004116674290137574,0.00024176750644713352,0.7438392516964512,5.672391014394048,6,0.8970712652490592,1.3537789890691403,-7.5944976806640625,11.027862548828125,1.1107025146484375,1.0,1.273500016157423
(2)21-06-14_at_22.29.47_1.jpg,1,5,1,1,0,1,1,1,0,0,0,1.0,0.05872884017721352,0.07997573531697143,0.6098812900057528,2,0.6646690207958447,1.003058497017796,10.311111450195312,-3.2613601684570312,-18.29730224609375,0.9222598474480902,1.1744979306264853
(3)21-06-14_at_22.29.47_1.jpg,0,5,1,1,0,1,1,1,0,0,0,0.05805566306604271,0.00340954175758778,0.2272698533775908,1.7331210623821527,4,0.5751795407566328,0.8680090505435831,6.3926239013671875,6.7725067138671875,0.5872879028320312,0.8939196958142952,1.1384067470629438
(4)21-06-14_at_22.29.47_1.jpg,0,5,1,1,0,1,1,1,0,0,0,0.06861123816895957,0.004029458440785559,0.10856771211156022,0.8279188187910361,1,0.3858155286959221,0.5822379744379947,84.49359130859375,1.1328048706054688,-19.95043182373047,0.8243916056942663,1.0498627231716922
(0)21-06-16_at_16.48.56_1.jpg,1,4,0,0,0,0,1,3,0,0,0,0.6468797564687976,0.0014861424763997395,1.0,4.3575706267457255,5,0.878377093228086,0.8709967906172351,-24.55365753173828,8.558731079101562,-2.4799957275390625,0.9794448689296992,1.7642192917424981
(1)21-06-16_at_16.48.56_1.jpg,0,4,0,0,0,0,1,3,0,0,0,0.18444721184447213,0.00042374928792317707,0.8490777579518876,3.699916297874262,6,0.6655686005320455,0.6599763580679864,58.15997314453125,2.94354248046875,1.3033447265625,0.9883812659231036,1.780315924104932
(2)21-06-16_at_16.48.56_1.jpg,0,4,0,0,0,0,1,3,0,0,0,1.0,0.0022974014282226562,0.44675146698332285,1.9467510699820907,6,1.0,0.9915977970421248,53.64634704589844,-6.260536193847656,19.710357666015625,0.9563216772622788,1.722568779171126
(3)21-06-16_at_16.48.56_1.jpg,0,4,0,0,0,0,1,3,0,0,0,0.0974124809741248,0.00022379557291666666,0.9159686553809767,3.9913981077079224,6,0.6830722832858268,0.6773329713267601,-29.47425079345703,8.559585571289062,3.1496658325195312,1.0,1.8012441003140598
(0)21-08-19_at_16.03.50_1.jpg,1,8,2,4,1,0,0,0,0,0,1,0.39592105263157895,0.0009565353393554688,0.4430963502755366,0.12282841731530222,2,0.826761727587194,0.7256268799707826,-9.6937255859375,2.2535934448242188,8.023529052734375,0.9750389289757192,1.2226830737632093
(1)21-08-19_at_16.03.50_1.jpg,1,8,2,4,1,0,0,0,0,0,1,0.4697368421052632,0.0011348724365234375,0.9613903863286202,0.2665019910488099,2,0.8073771184238466,0.7086135217113204,-47.06776428222656,25.923965454101562,-22.34033203125,0.9599390831298552,1.203748110877608
(2)21-08-19_at_16.03.50_1.jpg,1,8,2,4,1,0,0,0,0,0,1,0.7073684210526315,0.001708984375,0.24257905861217116,0.06724406965807936,2,0.5756237547642102,0.5052097300459152,31.701553344726562,1.6603546142578125,-7.840545654296875,0.8476950376047894,1.0629958901038437
(3)21-08-19_at_16.03.50_1.jpg,1,8,2,4,1,0,0,0,0,0,1,0.4725,0.0011415481567382812,0.29057887969020996,0.08054984852709275,2,0.7606940382994355,0.6676410182102679,15.971397399902344,1.1091766357421875,-11.16021728515625,0.9329881925748665,1.1699521292760877
(4)21-08-19_at_16.03.50_1.jpg,1,8,2,4,1,0,0,0,0,0,1,0.825,0.0019931793212890625,0.32128714246479956,0.08906232513124387,1,1.0,0.8776735252228456,17.909652709960938,-14.203445434570312,4.3170318603515625,0.9714329026970272,1.2181611750333465
(5)21-08-19_at_16.03.50_1.jpg,1,8,2,4,1,0,0,0,0,0,1,0.33157894736842103,0.00080108642578125,0.4468427714246295,0.12386694308978334,3,0.9423466227831246,0.8270726823999082,-0.05582427978515625,-5.676048278808594,-5.8006744384765625,1.0,1.2539838538012436
(6)21-08-19_at_16.03.50_1.jpg,1,8,2,4,1,0,0,0,0,0,1,1.0,0.0024159749348958335,0.6797162845779746,0.18842058935090175,1,0.6878305329467687,0.6036906486072992,18.67723846435547,4.4255218505859375,-9.745651245117188,0.9132556878127864,1.1452078869093831
(7)21-08-19_at_16.03.50_1.jpg,0,8,2,4,1,0,0,0,0,0,1,0.02368421052631579,5.7220458984375e-05,1.0,0.27720475972984693,9,0.9941463669488697,0.8725359464674992,38.9310302734375,17.09387969970703,0.84393310546875,0.9966959942091685,1.2498406838866751
(0)21-12-13_at_03.55.17_1.jpg,1,5,2,2,1,0,0,0,0,0,0,0.6462585034013606,0.012060546875,0.48717103906776815,0.9041829326616002,1,0.8603154755748346,1.6509480359986124,7.6644287109375,6.165679931640625,-2.674163818359375,0.9934220207490857,1.0677957730577157
(1)21-12-13_at_03.55.17_1.jpg,1,5,2,2,1,0,0,0,0,0,0,0.6907378335949764,0.012890625,0.5951083417482094,1.1045131227893596,3,0.8675441200438418,1.664819826903066,8.809616088867188,6.775978088378906,-14.716682434082031,0.9931950329102671,1.0675517914972472
(2)21-12-13_at_03.55.17_1.jpg,1,5,2,2,1,0,0,0,0,0,0,0.6543694400837258,0.0122119140625,1.0,1.8559866251323354,2,0.9766741100958665,1.874240612487047,11.810440063476562,-2.103729248046875,4.862800598144531,0.9794019259916895,1.0527260467912012
(3)21-12-13_at_03.55.17_1.jpg,1,5,2,2,1,0,0,0,0,0,0,0.7142857142857143,0.013330078125,0.5294264735505949,0.9826084539008823,2,1.0,1.9190030667476985,2.9730682373046875,18.007583618164062,-4.493385314941406,0.9753644859339667,1.0483863388548305
(4)21-12-13_at_03.55.17_1.jpg,1,5,2,2,1,0,0,0,0,0,0,1.0,0.018662109375,0.3663446678361912,0.6799308036925189,1,0.8743290631967036,1.6778401536211165,-18.72406768798828,5.8477783203125,3.4296417236328125,1.0,1.074866220755353
(0)22-07-17_at_17.05.42_1.jpg,1,9,1,4,4,0,0,0,0,0,0,0.22784738577484692,0.0028831958770751953,0.2791791043007262,2.03290720887827,3,0.5722895012623541,1.3392041746283398,-38.353477478027344,-7.362358093261719,7.881248474121094,0.9436256102684866,1.2866369581371189
(1)22-07-17_at_17.05.42_1.jpg,0,9,1,4,4,0,0,0,0,0,0,0.08849740932642487,0.001119852066040039,0.24720667816847372,1.8000925942874497,1,0.4454856815636291,1.0424728798469889,-23.29998016357422,5.84051513671875,0.10878753662109375,0.976757408783973,1.3318122861440054
(2)22-07-17_at_17.05.42_1.jpg,0,9,1,4,4,0,0,0,0,0,0,1.0,0.01265406608581543,0.10379285242530117,0.7557916573088037,2,0.932640568976051,2.1824551047074014,3.08837890625,-8.365707397460938,-0.2854156494140625,0.892663596444516,1.2171500665844839
(3)22-07-17_at_17.05.42_1.jpg,0,9,1,4,4,0,0,0,0,0,0,0.13927461139896374,0.00176239013671875,0.39315060804246266,2.862817069587964,3,0.35044832581251056,0.8200777052250623,-3.6114578247070312,-4.709342956542969,7.1501922607421875,0.8277333163521824,1.128617393075102
(4)22-07-17_at_17.05.42_1.jpg,0,9,1,4,4,0,0,0,0,0,0,0.017635421573245408,0.0002231597900390625,0.5329876612466804,3.881072910186021,2,0.5372169197215173,1.25713146927401,-41.81294250488281,17.580902099609375,-3.9815216064453125,1.0,1.3635036439621817
(5)22-07-17_at_17.05.42_1.jpg,1,9,1,4,4,0,0,0,0,0,0,0.9772020725388602,0.012365579605102539,0.09658510102132513,0.7033067486490144,2,1.0,2.340081674876663,12.02398681640625,-16.910781860351562,-14.030792236328125,0.8444332235646089,1.1513877774130759
(6)22-07-17_at_17.05.42_1.jpg,0,9,1,4,4,0,0,0,0,0,0,0.06321243523316063,0.0007998943328857422,0.1750101963096295,1.2743772160032738,3,0.5954798764778307,1.3934715467035905,11.69287109375,1.6529388427734375,-11.379341125488281,0.9830943508002835,1.3404527296748219
(7)22-07-17_at_17.05.42_1.jpg,0,9,1,4,4,0,0,0,0,0,0,0.01413094677343382,0.00017881393432617188,1.0,7.28173125266733,2,0.37358545925905096,0.8742204872124872,17.573776245117188,12.844924926757812,7.234519958496094,0.9809833659580958,1.33757439415015
(0)23-05-19_at_01.49.51_1.jpg,1,9,1,2,3,1,1,0,1,0,0,0.9262845849802371,0.0029818556596091206,0.3739083204372821,2.691228548720268,5,1.0,3.983222340485708,13.776641845703125,-5.6113128662109375,2.1704635620117188,0.9284364668295289,1.1609712580236315
(1)23-05-19_at_01.49.51_1.jpg,1,9,1,2,3,1,1,0,1,0,0,0.9349802371541502,0.0030098483306188924,0.320811977772221,2.3090642977463047,1,0.9756194535222595,3.8861092030823223,-31.808013916015625,-18.586746215820312,-1.118804931640625,0.8697983782451175,1.0876467625905533
(2)23-05-19_at_01.49.51_1.jpg,1,9,1,2,3,1,1,0,1,0,0,1.0,0.0032191571661237786,0.3452850288977147,2.4852106156089127,3,0.6598448348809813,2.6283086875520283,32.61529541015625,1.41986083984375,-4.073150634765625,0.968606536496993,1.2112022624950403
(3)23-05-19_at_01.49.51_1.jpg,1,9,1,2,3,1,1,0,1,0,0,0.9456521739130435,0.0030442029723127036,0.21244493351412727,1.5290857112662182,2,0.9623802974871293,3.833374700994015,50.935699462890625,-12.332435607910156,-15.222618103027344,0.850987617142048,1.064124686753971
(4)23-05-19_at_01.49.51_1.jpg,1,9,1,2,3,1,1,0,1,0,0,0.7843873517786562,0.002525066164495114,0.42587286106989236,3.0652465836975686,4,0.6349504906849307,2.5291489795985784,20.533218383789062,-11.19378662109375,-11.015304565429688,0.9798150425692835,1.2252180340208498
(5)23-05-19_at_01.49.51_1.jpg,1,9,1,2,3,1,1,0,1,0,0,0.7541501976284585,0.002427728013029316,0.30127867098050803,2.168472099029542,3,0.6285826167257108,2.503784321782817,51.61224365234375,-6.1480255126953125,-9.281242370605469,0.9729024476927829,1.216574121101979
(6)23-05-19_at_01.49.51_1.jpg,1,9,1,2,3,1,1,0,1,0,0,0.7861660079051384,0.0025307919381107494,0.3900808109101888,2.8076310615439795,2,0.9169484493984095,3.6524095487174737,28.129501342773438,4.104515075683594,6.82171630859375,0.9355800920262742,1.169904064766818
(7)23-05-19_at_01.49.51_1.jpg,1,9,1,2,3,1,1,0,1,0,0,0.9075098814229249,0.0029214169381107493,0.31642018476959966,2.277454092616604,3,0.54292285095021,2.162582429065069,78.48185729980469,3.0067520141601562,12.656936645507812,0.9797459140763802,1.2251315917103218
(8)23-05-19_at_01.49.51_1.jpg,0,9,1,2,3,1,1,0,1,0,0,0.020553359683794466,6.616449511400651e-05,1.0,7.19756261527666,7,0.40507496077430044,1.6135036333275654,-2.7232208251953125,12.4932861328125,-0.4009552001953125,1.0,1.250458485315828
(0)23-05-21_at_19.39.02_2.jpg,0,9,2,4,3,0,0,0,0,0,0,0.032195594287097555,0.00019030448717948718,0.21867183588901584,0.6938369911270682,2,0.41822818574721027,0.7519999687098621,-4.64697265625,11.918045043945312,-0.422882080078125,1.0,1.2641803682659711
(1)23-05-21_at_19.39.02_2.jpg,0,9,2,4,3,0,0,0,0,0,0,0.039397240377632536,0.00023287259615384617,0.30723414209368577,0.9748416473257262,2,0.3565849318638841,0.641161611633053,-1.49468994140625,8.776771545410156,-0.2155303955078125,0.9651235269956362,1.2200902157794964
(2)23-05-21_at_19.39.02_2.jpg,1,9,2,4,3,0,0,0,0,0,0,1.0,0.005910885989010989,1.0,3.172960012460025,3,0.7555396636791792,1.358506726252111,23.235733032226562,-1.7678375244140625,2.3184051513671875,0.9382967452288792,1.1861763249262067
(3)23-05-21_at_19.39.02_2.jpg,1,9,2,4,3,0,0,0,0,0,0,0.4531590413943355,0.0026785714285714286,0.30552329972232567,0.9694132128937784,3,1.0,1.7980614275585758,-13.820549011230469,-2.4497222900390625,4.72216796875,0.8805373738358594,1.1131580615277679
(4)23-05-21_at_19.39.02_2.jpg,0,9,2,4,3,0,0,0,0,0,0,0.23426531106269669,0.001384715544871795,0.14184228252338116,0.4500598905227458,1,0.6347314396598042,1.1412861185110175,-0.866607666015625,9.816421508789062,21.566909790039062,0.9545299694981929,1.2066980483611318
(5)23-05-21_at_19.39.02_2.jpg,1,9,2,4,3,0,0,0,0,0,0,0.6926894214475914,0.004094408195970696,0.5617644035093778,1.7824559887587137,2,0.6453545154084446,1.1603870612566807,10.405044555664062,-16.557998657226562,-2.715728759765625,0.9253200829786131,1.1697714832638022
(6)23-05-21_at_19.39.02_2.jpg,1,9,2,4,3,0,0,0,0,0,0,0.40244492858871944,0.0023788060897435895,0.6636820731753913,2.105836679172085,3,0.9393923306815899,1.6890851151429171,-5.3183135986328125,-3.63580322265625,6.3869171142578125,0.9080815320530211,1.1479788456063156
(7)23-05-21_at_19.39.02_2.jpg,0,9,2,4,3,0,0,0,0,0,0,0.11328976034858387,0.0006696428571428571,0.11928107348846201,0.37847407642219555,1,0.5981029262092572,1.0754258013267783,19.84637451171875,3.560394287109375,-2.692138671875,0.9360412746194234,1.1833250032605318
(8)23-05-21_at_19.39.02_2.jpg,0,9,2,4,3,0,0,0,0,0,0,0.25163398692810457,0.0014873798076923076,0.3029685406881394,0.9613070646368341,2,0.4484116464316953,0.8062716851168653,71.47677612304688,-6.804290771484375,-11.086921691894531,0.8604828151644325,1.0878054821611118
(0)23-08-19_at_01.18.30_1.jpg,1,14,0,1,0,4,4,4,0,1,0,0.754440961337513,0.0013780028501628665,1.0,1.1321218703826441,6,0.8191740091898843,0.9740156292507607,-4.100914001464844,-2.4070892333984375,-14.708175659179688,0.9716377128904522,1.0952358539287472
(1)23-08-19_at_01.18.30_1.jpg,1,14,0,1,0,4,4,4,0,1,0,0.8829676071055381,0.0016127595684039089,0.6769741067112243,0.7664171918905308,5,0.8691400696350873,1.033426356714936,-5.8860015869140625,-0.043914794921875,21.959091186523438,0.9831784993319108,1.1082446975805842
(2)23-08-19_at_01.18.30_1.jpg,1,14,0,1,0,4,4,4,0,1,0,0.764367816091954,0.001396134466612378,0.7876142224086172,0.8916752866132155,6,0.941078031528735,1.118962150618056,0.90655517578125,-7.7097625732421875,-9.645828247070312,0.9703847940099269,1.0938235562566723
(3)23-08-19_at_01.18.30_1.jpg,1,14,0,1,0,4,4,4,0,1,0,0.6394984326018809,0.0011680578175895765,0.7111449623623702,0.8051027649028816,6,0.8528789273366081,1.0140915065237626,1.7930908203125,-6.8483123779296875,-22.311119079589844,0.9818642257777798,1.1067632405526633
(4)23-08-19_at_01.18.30_1.jpg,1,14,0,1,0,4,4,4,0,1,0,0.8733890630442355,0.0015952641490228014,0.4470766802985404,0.506145287504047,5,0.4924594530994062,0.5855449498031106,-15.275604248046875,-5.769317626953125,7.061027526855469,0.9994054856292527,1.1265358537988721
(5)23-08-19_at_01.18.30_1.jpg,1,14,0,1,0,4,4,4,0,1,0,0.8150470219435737,0.0014887011400651466,0.6620904978865235,0.7495671328298671,5,0.8153362886465048,0.969452496451119,0.7126007080078125,-11.075706481933594,9.571319580078125,0.9807674800509857,1.1055269821955696
(6)23-08-19_at_01.18.30_1.jpg,1,14,0,1,0,4,4,4,0,1,0,0.7648902821316614,0.0013970887622149837,0.6635683711608303,0.7512402654853638,6,0.5028441106238144,0.5978925323920565,6.2904052734375,-4.2951202392578125,-11.277450561523438,1.0,1.1272059939610746
(7)23-08-19_at_01.18.30_1.jpg,1,14,0,1,0,4,4,4,0,1,0,0.9710902124695228,0.0017737174267100978,0.6858203034447605,0.7764321646822748,8,0.8502168656538889,1.0109262575584512,-10.314743041992188,-5.366340637207031,-8.298858642578125,0.9915184218424753,1.1176455082236634
(8)23-08-19_at_01.18.30_1.jpg,1,14,0,1,0,4,4,4,0,1,0,0.9118773946360154,0.0016655639250814332,0.4344935230746484,0.49189962001241544,4,0.8879657852323231,1.055810540072598,-15.417259216308594,-10.474403381347656,13.346649169921875,0.9846305146309344,1.1098814179289669
(9)23-08-19_at_01.18.30_1.jpg,1,14,0,1,0,4,4,4,0,1,0,0.9169278996865203,0.00167478878257329,0.5780517591267655,0.6544250387205715,4,0.8355902087986448,0.9935348459403207,-15.614387512207031,-2.3338623046875,3.7437286376953125,0.9972420538724588,1.1240972205550883
(10)23-08-19_at_01.18.30_1.jpg,1,14,0,1,0,4,4,4,0,1,0,0.9501915708812261,0.0017355456026058632,0.4172846975862253,0.4724171323133734,4,0.7941742081000026,0.944290324594445,-17.2900390625,-7.9880523681640625,8.817886352539062,0.9814929519685499,1.1063447384894984
(11)23-08-19_at_01.18.30_1.jpg,1,14,0,1,0,4,4,4,0,1,0,1.0,0.0018265217833876221,0.5427403066522148,0.6144481710991553,4,0.8007432540345288,0.9521010624080412,-11.773628234863281,-5.9380035400390625,1.13421630859375,0.9893693177889002,1.1152230252528275
(12)23-08-19_at_01.18.30_1.jpg,1,14,0,1,0,4,4,4,0,1,0,0.664576802507837,0.001213864006514658,0.6387932617131206,0.7231918222384879,5,1.0,1.1890216465900887,-0.02597808837890625,-5.737174987792969,-3.3362579345703125,0.9663370435409925,1.0892609076660307
(13)23-08-19_at_01.18.30_1.jpg,1,14,0,1,0,4,4,4,0,1,0,0.6067572274468827,0.001108255293159609,0.9786838735321102,1.1079894174165037,2,0.9259341848351664,1.1009557890867612,1.2111282348632812,0.10105133056640625,0.5786590576171875,0.978319669769138,1.1027677957737914
(0)23-11-17_at_21.56.44_1.jpg,1,9,2,5,2,0,0,0,0,0,0,0.686086470071126,0.0027290980021158853,1.0,1.7070451207490165,2,0.6508968915711437,0.8686323518508849,3.82012939453125,-6.1618499755859375,2.89324951171875,0.9923671879414142,1.2342480221093497
(1)23-11-17_at_21.56.44_1.jpg,1,9,2,5,2,0,0,0,0,0,0,0.7369935267321985,0.0029315948486328125,0.5786612102971079,0.9878007956043986,2,0.8274666511274339,1.1042675307790082,1.5570220947265625,-8.5009765625,2.6912155151367188,0.9938230255787683,1.2360587074547047
(2)23-11-17_at_21.56.44_1.jpg,1,9,2,5,2,0,0,0,0,0,0,0.7983696955166627,0.0031757354736328125,0.40137499399260285,0.6851652250857385,2,0.9493646624668969,1.266942383965291,13.045150756835938,-1.889678955078125,-7.9002532958984375,0.9814411884007703,1.220658905614495
(3)23-11-17_at_21.56.44_1.jpg,1,9,2,5,2,0,0,0,0,0,0,0.7876608327339567,0.0031331380208333335,0.5337046372313481,0.9110578969068965,3,0.7608516357828589,1.0153687233078768,-2.3418121337890625,0.24217987060546875,-3.6877899169921875,0.9923327826901308,1.234205230878581
(4)23-11-17_at_21.56.44_1.jpg,1,9,2,5,2,0,0,0,0,0,0,0.8041237113402062,0.0031986236572265625,0.2717075451743688,0.4638170392605992,1,0.5614979809573784,0.7493280703510949,15.713043212890625,-1.56060791015625,-0.0828857421875,0.9769015299089886,1.2150127450172703
(5)23-11-17_at_21.56.44_1.jpg,1,9,2,5,2,0,0,0,0,0,0,0.6926396547590505,0.0027551651000976562,0.37106429056913826,0.6334234867002427,2,0.9210273798336707,1.2291258253405488,11.574485778808594,-6.665626525878906,-1.588104248046875,1.0,1.2437412654379452
(6)23-11-17_at_21.56.44_1.jpg,1,9,2,5,2,0,0,0,0,0,0,0.8654998801246704,0.0034427642822265625,0.3511542165811501,0.5994360920452956,2,1.0,1.3345160548457506,4.050270080566406,0.3064727783203125,1.0663375854492188,0.9878783068706711,1.2286650154860235
(7)23-11-17_at_21.56.44_1.jpg,1,9,2,5,2,0,0,0,0,0,0,0.666986334212419,0.0026531219482421875,0.22616961041812733,0.3860817299259702,1,0.7096388708371608,0.9470244662748011,-1.2406997680664062,-3.725006103515625,-0.02874755859375,0.9996183111613575,1.2432665432787684
(8)23-11-17_at_21.56.44_1.jpg,1,9,2,5,2,0,0,0,0,0,0,1.0,0.003977775573730469,0.4840965046922238,0.826374576306514,3,0.8057576634759165,1.07529653822361,5.656288146972656,-6.820060729980469,1.740692138671875,0.9957079101034831,1.238403016118678
(0)25-05-21_at_17.00.01_1.jpg,0,19,0,1,0,5,6,7,0,0,0,0.00266514372739387,5.011013215859031e-05,0.5777428349896163,8.842327200688436,6,0.8300400970281412,1.5445489573266757,-45.339969635009766,6.777557373046875,-0.46936798095703125,0.9303910944878879,1.0858517136268613
(1)25-05-21_at_17.00.01_1.jpg,1,19,0,1,0,5,6,7,0,0,0,1.0,0.01880203744493392,0.014147427850040573,0.2165257248070229,2,0.38209924422867303,0.7110150357576025,27.894973754882812,7.933929443359375,-25.5869140625,0.9505043679862475,1.109325747959553
(2)25-05-21_at_17.00.01_1.jpg,0,19,0,1,0,5,6,7,0,0,0,0.009020486461948484,0.00016960352422907489,0.34945857183618684,5.348447177741954,4,1.0,1.8608124629843155,66.43943786621094,-2.6297149658203125,-11.676246643066406,0.9312177987274426,1.0868165532738672
(3)25-05-21_at_17.00.01_1.jpg,0,19,0,1,0,5,6,7,0,0,0,0.011861353951588103,0.00022301762114537444,0.3101229050529893,4.74641662835308,4,0.8624152175571071,1.6047929850975948,-25.477935791015625,-5.880073547363281,3.86328125,0.9275559182782045,1.0825428030365107
(4)25-05-21_at_17.00.01_1.jpg,0,19,0,1,0,5,6,7,0,0,0,0.017133066818960593,0.00032213656387665196,0.25905920789394854,3.964889119898184,5,0.4640902340243737,0.8635848914218622,-2.7677459716796875,5.621360778808594,-2.5440444946289062,0.9743817988544712,1.1371928990736109
(5)25-05-21_at_17.00.01_1.jpg,0,19,0,1,0,5,6,7,0,0,0,0.011597768308219479,0.00021806167400881057,0.3175204359979489,4.859635495175939,5,0.5041781443845297,0.9381809746350385,21.910903930664062,-3.524261474609375,18.672897338867188,0.9739671143395223,1.1367089242227773
(6)25-05-21_at_17.00.01_1.jpg,0,19,0,1,0,5,6,7,0,0,0,0.004920265342880991,9.251101321585903e-05,0.37587542417346625,5.752755873292794,6,0.8926755968158373,1.661101875956872,17.732460021972656,1.1351165771484375,0.3977203369140625,0.946729964105361,1.1049206725603347
(7)25-05-21_at_17.00.01_1.jpg,0,19,0,1,0,5,6,7,0,0,0,0.0034851879512073688,6.552863436123348e-05,0.5376343241555959,8.228468309070784,6,0.8203994833444203,1.5266095832331907,5.2483062744140625,5.576591491699219,0.83349609375,0.9276091452246498,1.0826049237633224
(8)25-05-21_at_17.00.01_1.jpg,0,19,0,1,0,5,6,7,0,0,0,0.004612748758950929,8.672907488986784e-05,1.0,15.304953458829754,5,0.8383263465783493,1.559968113761101,59.584381103515625,-7.248321533203125,-1.8019638061523438,0.9122390768034662,1.064666644654051
(9)25-05-21_at_17.00.01_1.jpg,0,19,0,1,0,5,6,7,0,0,0,0.015888356836386532,0.00029873348017621143,0.21436058664194527,3.2807788019624153,4,0.4701882153712995,0.8749320911112677,42.19255065917969,-9.195358276367188,-18.586746215820312,0.9653346397495624,1.1266340348758324
(10)25-05-21_at_17.00.01_1.jpg,0,19,0,1,0,5,6,7,0,0,0,0.017923823749066467,0.0003370044052863436,0.16112539254959032,2.4660166340071545,6,0.3244485390020158,0.6037378849720038,3.0669708251953125,15.583076477050781,6.353141784667969,0.9902302901417916,1.1556895415336397
(11)25-05-21_at_17.00.01_1.jpg,0,19,0,1,0,5,6,7,0,0,0,0.012300663357202478,0.00023127753303964758,0.31360504457408694,4.799710611660632,5,0.6320592667702153,1.176143760950745,4.504730224609375,-13.074668884277344,-5.18359375,0.9411052644525837,1.098356132344087
(12)25-05-21_at_17.00.01_1.jpg,0,19,0,1,0,5,6,7,0,0,0,0.006223549912870301,0.00011701541850220264,0.18812749152878766,2.879282502174484,4,0.4784752907281993,0.890352784217077,-16.497711181640625,10.522041320800781,0.6906890869140625,1.0,1.1670916887102654
(13)25-05-21_at_17.00.01_1.jpg,0,19,0,1,0,5,6,7,0,0,0,0.0038952100631141177,7.323788546255506e-05,0.5272890966392265,8.070135083411747,5,0.828697343427275,1.5420503446914666,45.35186767578125,0.1316986083984375,-7.999122619628906,0.9729017478159172,1.1354655438076475
(14)25-05-21_at_17.00.01_1.jpg,0,19,0,1,0,5,6,7,0,0,0,0.0077904201262282355,0.00014647577092511012,0.33620665416212075,5.145627194500129,6,0.45427826398945753,0.8453266552944615,-10.067657470703125,4.820465087890625,-2.09259033203125,0.9616502521722176,1.122334016756326
(15)25-05-21_at_17.00.01_1.jpg,0,19,0,1,0,5,6,7,0,0,0,0.019505337609278216,0.00036674008810572687,0.35384866945826465,5.4156374175275745,4,0.48892577375982255,0.9097991732865276,-55.52140808105469,-22.070945739746094,-3.129913330078125,0.9642082612108906,1.125319447845007
(16)25-05-21_at_17.00.01_1.jpg,0,19,0,1,0,5,6,7,0,0,0,0.005227781926811053,9.829295154185022e-05,0.49438233185028047,7.56649857983627,5,0.6498788338967706,1.2093026335448245,-2.89239501953125,-1.5127029418945312,-5.1930999755859375,0.9330744921533238,1.0889834847396962
(17)25-05-21_at_17.00.01_1.jpg,0,19,0,1,0,5,6,7,0,0,0,0.002635856433686245,4.9559471365638766e-05,0.582047814185313,8.908214706919805,6,0.8439686674812752,1.5704674148174225,47.1910400390625,6.569847106933594,-5.265052795410156,0.9474158137494695,1.1057211219796785
(18)25-05-21_at_17.00.01_1.jpg,0,19,0,1,0,5,6,7,0,0,0,0.0028994420770548698,5.451541850220264e-05,0.1542774689541969,2.361209482090036,6,0.9681594451103132,1.80156316161725,46.996551513671875,7.2205047607421875,-1.2853851318359375,0.9779002958791191,1.1412993077078293
(0)26-08-17_at_17.38.02_1.jpg,0,3,1,2,0,0,0,0,0,0,0,0.27784151352704367,0.005645751953125,0.37582881444370975,0.26542045651191565,1,0.669133141214094,0.775797500110724,73.28274536132812,-3.01837158203125,3.6388320922851562,0.9335541539065908,1.1505388761342898
(1)26-08-17_at_17.38.02_1.jpg,1,3,1,2,0,0,0,0,0,0,0,1.0,0.0203200446234809,1.0,0.7062270009945428,2,1.0,1.1594067791995704,19.869537353515625,3.2671737670898438,-9.509384155273438,1.0,1.2324286398595041
(2)26-08-17_at_17.38.02_1.jpg,1,3,1,2,0,0,0,0,0,0,0,0.8538828977284579,0.017350938585069444,0.23409451393334144,0.16532386652441894,2,0.4649680978287365,0.5390871647341662,12.593284606933594,-6.631622314453125,6.4434356689453125,0.9022726013299782,1.1119865948396017
(0)27-01-18_at_15.05.54_1.jpg,1,4,1,0,1,1,1,0,0,0,0,0.6084169070843064,0.008447011311848959,0.18091619295755057,0.41428550325493096,5,1.0,2.0384847096563696,8.694786071777344,-1.8563461303710938,9.17742919921875,0.9567034233944864,1.0930524685578868
(1)27-01-18_at_15.05.54_1.jpg,1,4,1,0,1,1,1,0,0,0,0,1.0,0.013883590698242188,0.1769389524619217,0.4051778990468095,3,0.8588745913258815,1.7508027219301725,8.54443359375,2.58551025390625,-8.65972900390625,0.9107229359234285,1.0405188577159705
(2)27-01-18_at_15.05.54_1.jpg,1,4,1,0,1,1,1,0,0,0,0,0.5371616980354444,0.007457733154296875,0.38313873406039484,0.8773610623893201,1,0.6925952459518677,1.411844818853575,7.1750335693359375,1.1115264892578125,-7.184242248535156,0.9658557893921395,1.1035092266317574
(3)27-01-18_at_15.05.54_1.jpg,0,4,1,0,1,1,1,0,0,0,0,0.04350414434217154,0.0006039937337239584,1.0,2.2899304726810006,4,0.9672644320320379,1.971753754891762,-32.17284393310547,2.299530029296875,6.0505218505859375,1.0,1.1425196584743258
(0)27-04-16_at_15.39.46_1.jpg,1,8,1,0,1,1,4,1,0,0,0,1.0,0.004993438720703125,0.18741503523511374,0.6368202068043513,6,1.0,1.239296740508113,13.454666137695312,0.054931640625,-7.57275390625,0.9500902728424486,1.3689201475496653
(1)27-04-16_at_15.39.46_1.jpg,1,8,1,0,1,1,4,1,0,0,0,0.8551693404634582,0.004270235697428386,0.29433776734818756,1.000134475005479,4,0.7184763528355284,0.8904054022012272,9.747222900390625,-4.618896484375,-7.124603271484375,1.0,1.4408316627157705
(2)27-04-16_at_15.39.46_1.jpg,1,8,1,0,1,1,4,1,0,0,0,0.5569136745607334,0.002780914306640625,0.31652723651504383,1.0755323870566071,5,0.9386274947725756,1.1632379948229488,-2.272552490234375,-5.24908447265625,7.7725372314453125,0.9854714078351964,1.4198984071100371
(3)27-04-16_at_15.39.46_1.jpg,1,8,1,0,1,1,4,1,0,0,0,0.5672268907563025,0.0028324127197265625,0.2400209449645634,0.8155705737160159,3,0.8361366481263923,1.036221422642417,10.73028564453125,-4.9661712646484375,-16.990882873535156,0.9899419560209318,1.4263397144857413
(4)27-04-16_at_15.39.46_1.jpg,1,8,1,0,1,1,4,1,0,0,0,0.5115864527629234,0.0025545756022135415,1.0,3.3979141855158788,5,0.7850183020070489,0.9728706229165492,-10.126182556152344,-0.637603759765625,14.451393127441406,0.9947209792640204,1.4332254824912378
(5)27-04-16_at_15.39.46_1.jpg,1,8,1,0,1,1,4,1,0,0,0,0.5230455818691113,0.0026117960611979165,0.4598512010876399,1.5625349194022065,5,0.7772583239906831,0.9632537074544524,2.1884918212890625,-5.3217010498046875,-3.2933197021484375,0.9879257477903641,1.4234346978285113
(6)27-04-16_at_15.39.46_1.jpg,1,8,1,0,1,1,4,1,0,0,0,0.4983447924624395,0.0024884541829427085,0.30069547233843696,1.0217374109791724,1,0.893832894443339,1.1077241926425623,2.9628067016601562,-1.6913604736328125,0.2483367919921875,0.9977709650576454,1.437619998593526
(7)27-04-16_at_15.39.46_1.jpg,1,8,1,0,1,1,4,1,0,0,0,0.6923223834988541,0.0034570693969726562,0.3402673992422474,1.1561994227538275,5,0.9238978481057477,1.1449835917199127,-11.111907958984375,-0.48992156982421875,10.089225769042969,0.9770190860884445,1.4077200343138558
(0)27-05-18_at_02.41.32_1.jpg,1,6,2,2,1,0,0,1,0,0,0,0.5798224650051212,0.005398750305175781,1.0,2.3333856383943505,2,0.9301349498407004,1.748264275371421,-4.156242370605469,-4.7675323486328125,-0.243499755859375,1.0,1.1904464983677663
(1)27-05-18_at_02.41.32_1.jpg,1,6,2,2,1,0,0,1,0,0,0,0.5428473881870945,0.005054473876953125,0.46747581539713934,1.0908013539443735,6,0.8720801125528154,1.6391454877586207,10.478103637695312,-3.2574005126953125,-2.4120712280273438,0.9919307953135976,1.1808405419042256
(2)27-05-18_at_02.41.32_1.jpg,1,6,2,2,1,0,0,1,0,0,0,0.504950495049505,0.0047016143798828125,0.8416394860422393,1.9638694894365636,2,0.8435437819842375,1.5855091339243965,19.52703094482422,-10.005050659179688,9.376327514648438,0.9755129572834482,1.1612959841104653
(3)27-05-18_at_02.41.32_1.jpg,1,6,2,2,1,0,0,1,0,0,0,0.7166951177876408,0.006673177083333333,0.39680840901827696,0.9259070427973588,1,0.677697553103584,1.2737876603825458,-2.895538330078125,-3.9888534545898438,-1.745880126953125,0.9193706510477275,1.0944615722418607
(4)27-05-18_at_02.41.32_1.jpg,1,6,2,2,1,0,0,1,0,0,0,0.8729259132809832,0.008127848307291666,0.2739710297847552,0.6392800662358586,3,0.9621726082441926,1.8084816595939697,9.202285766601562,5.797462463378906,3.3649444580078125,0.9513924154888174,1.1325817695923135
(5)27-05-18_at_02.41.32_1.jpg,1,6,2,2,1,0,0,1,0,0,0,1.0,0.009311040242513021,0.18053762953123428,0.4212639119379419,1,1.0,1.8795813184644201,-1.1449813842773438,5.85302734375,7.70452880859375,0.9698958138182122,1.1546090753414457
(0)27-05-21_at_17.00.00_1.jpg,0,12,0,0,0,4,5,3,0,0,0,0.6781929726715002,0.0052197802197802195,0.2279723232210787,1.444655857021783,4,0.7194886450401993,0.6684723375124901,-76.30765533447266,7.74346923828125,-0.190521240234375,0.9908177399895594,1.1302085995417186
(1)27-05-21_at_17.00.00_1.jpg,0,12,0,0,0,4,5,3,0,0,0,0.7084960029745306,0.005453010531135531,0.28774380216696194,1.8234264723402325,4,0.8162047346221936,0.7583306430238036,-39.739349365234375,2.726318359375,-3.8796539306640625,0.9840340123236143,1.1224705191304
(2)27-05-21_at_17.00.00_1.jpg,0,12,0,0,0,4,5,3,0,0,0,0.9166666666666666,0.007055216918498169,0.3452622925226905,2.1879199459575207,5,0.7558716248849219,0.7022755333657238,36.074249267578125,-21.5184326171875,-21.93071746826172,0.99611554647222,1.1362517154486604
(3)27-05-21_at_17.00.00_1.jpg,1,12,0,0,0,4,5,3,0,0,0,1.0,0.007696600274725275,0.20412697237480798,1.2935483660944844,6,0.9690958494737976,0.9003808082825367,37.30340576171875,0.9896621704101562,5.7364654541015625,0.9829283736624769,1.1212093362989175
(4)27-05-21_at_17.00.00_1.jpg,0,12,0,0,0,4,5,3,0,0,0,0.18404907975460122,0.0014165521978021978,0.3648800565233618,2.3122373072266647,6,0.9057437462713769,0.8415207709407542,25.871177673339844,-14.0133056640625,-12.653152465820312,0.9898081397013904,1.1290569660154555
(5)27-05-21_at_17.00.00_1.jpg,0,12,0,0,0,4,5,3,0,0,0,0.17819297267150028,0.0013714800824175823,0.5495308740273054,3.4823656861537944,4,0.8184513674380598,0.7604179753261368,-31.087059020996094,3.5470733642578125,-3.40618896484375,0.9929456501554764,1.132635869736333
(6)27-05-21_at_17.00.00_1.jpg,0,12,0,0,0,4,5,3,0,0,0,0.06841420338352854,0.0005265567765567765,0.7066310507484805,4.477906229113959,5,0.8301355789881508,0.7712737021825952,34.302459716796875,-1.568817138671875,7.572486877441406,0.9869705988380543,1.125820232400525
(7)27-05-21_at_17.00.00_1.jpg,0,12,0,0,0,4,5,3,0,0,0,0.029001673173452314,0.0002232142857142857,0.5508151029247762,3.4905038178895866,5,0.8587484658446843,0.797857753914084,18.0609130859375,3.3506698608398438,-1.4518585205078125,0.996878514185663,1.137122019477447
(8)27-05-21_at_17.00.00_1.jpg,0,12,0,0,0,4,5,3,0,0,0,0.06887897378694925,0.0005301339285714285,1.0,6.3369791411951875,5,0.7911979374720922,0.7350969863707579,14.11761474609375,-1.6204147338867188,-0.5063018798828125,0.9789165338650099,1.1166331002707568
(9)27-05-21_at_17.00.00_1.jpg,0,12,0,0,0,4,5,3,0,0,0,0.707473508087005,0.0054451407967032964,0.16468689741212736,1.043617433728803,4,0.8198054799217608,0.7616760726477197,-66.33917236328125,-4.501441955566406,13.62200927734375,0.9793023281112113,1.1170731690716194
(10)27-05-21_at_17.00.00_1.jpg,0,12,0,0,0,4,5,3,0,0,0,0.15950920245398773,0.0012276785714285714,0.2891010784426291,1.8320275037879745,5,0.8926093741071236,0.8293177090537847,41.12384033203125,-31.116485595703125,-9.584770202636719,0.9933615452054732,1.1331102740016603
(0)27-05-21_at_20.58.09_2.jpg,1,7,1,2,1,1,1,1,0,0,0,0.5256254856254856,0.0060452507320644215,0.825061536827393,1.4758777505106362,2,0.5490744371802184,0.7281390459199375,-35.77690887451172,-27.237136840820312,6.747871398925781,1.0,1.2555356424355733
(1)27-05-21_at_20.58.09_2.jpg,1,7,1,2,1,1,1,1,0,0,0,0.6244289044289044,0.007181594870973646,0.9659757641289446,1.7279464308717076,6,0.675346351344703,0.8955908609750867,58.52427673339844,8.019149780273438,29.886917114257812,0.9960181086261928,1.2505362358914516
(2)27-05-21_at_20.58.09_2.jpg,0,7,1,2,1,1,1,1,0,0,0,0.1915773115773116,0.002203342331625183,0.1619639121071997,0.2897225523127064,1,0.9124771794175109,1.2100549904615352,28.793167114257812,-6.604400634765625,3.4872207641601562,0.914031624654971,1.1475992830676098
(3)27-05-21_at_20.58.09_2.jpg,1,7,1,2,1,1,1,1,0,0,0,0.4589277389277389,0.005278155883967789,0.2809362339391733,0.5025413481004618,5,0.8316134781777804,1.1028199522167546,-75.79932403564453,11.758773803710938,-27.8907470703125,0.9299432421817574,1.1675768860012925
(4)27-05-21_at_20.58.09_2.jpg,0,7,1,2,1,1,1,1,0,0,0,0.1733022533022533,0.001993159773060029,0.12238979759890611,0.21893200822366637,2,1.0,1.326120825546548,-17.67859649658203,-0.1131591796875,5.3830413818359375,0.9099535645480286,1.1424791332513489
(5)27-05-21_at_20.58.09_2.jpg,0,7,1,2,1,1,1,1,0,0,0,0.11412587412587413,0.0013125686310395315,0.09355088870944316,0.16734469978770652,3,0.9573029127765031,1.2694993289892915,-7.2650909423828125,5.8309478759765625,0.1370086669921875,0.9460050046996575,1.187743001322852
(6)27-05-21_at_20.58.09_2.jpg,1,7,1,2,1,1,1,1,0,0,0,1.0,0.011501060921486091,1.0,1.788809300438153,4,0.6569389452146808,0.8711804163617709,-47.00154113769531,-0.7567520141601562,-6.7705841064453125,0.9535057262325171,1.1971604245513412
(0)28-03-17_at_01.07.53_1.jpg,1,8,1,3,1,0,2,1,0,0,0,1.0,0.013782552083333333,0.34204120821683753,0.7732647390062202,6,0.8532962051527213,1.3444808525252379,18.964942932128906,-8.370590209960938,-16.220321655273438,0.9883503911131291,1.1800310677647263
(1)28-03-17_at_01.07.53_1.jpg,1,8,1,3,1,0,2,1,0,0,0,0.7709022201228153,0.010625,0.31610335910342713,0.7146261199064158,3,0.7613309059902345,1.1995773792951077,18.38825225830078,0.6428070068359375,-28.535484313964844,0.9880336710395827,1.1796529229995398
(2)28-03-17_at_01.07.53_1.jpg,1,8,1,3,1,0,2,1,0,0,0,0.6627302786962683,0.009134114583333333,0.42520415586611005,0.961274176068655,1,0.9815471605545296,1.5465571688319981,-10.547821044921875,0.7601165771484375,10.767951965332031,1.0,1.1939400018203232
(3)28-03-17_at_01.07.53_1.jpg,1,8,1,3,1,0,2,1,0,0,0,0.44213509683514407,0.00609375,0.828515602919709,1.873054725757317,2,0.7661697912046241,1.2072016819452642,14.346702575683594,-5.015350341796875,3.3561630249023438,0.9778161840739046,1.1674538565931392
(4)28-03-17_at_01.07.53_1.jpg,1,8,1,3,1,0,2,1,0,0,0,0.6235238545111006,0.00859375,0.4677923838152178,1.0575548994981165,5,1.0,1.5756320541524091,-1.135498046875,-2.31536865234375,-2.28204345703125,0.9932166123582437,1.1858410439669766
(5)28-03-17_at_01.07.53_1.jpg,1,8,1,3,1,0,2,1,0,0,0,0.8261691072272083,0.01138671875,0.463861828628858,1.0486689534269542,5,0.7478057796311647,1.1782667566672957,-4.454658508300781,-4.900901794433594,4.0147552490234375,0.9976331241982135,1.1911140941212297
(6)28-03-17_at_01.07.53_1.jpg,1,8,1,3,1,0,2,1,0,0,0,0.5987246102975909,0.008251953125,1.0,2.2607356085469323,2,0.7963381198926861,1.2547358676463805,-15.441177368164062,-0.1474456787109375,-2.1507568359375,0.9703584276670659,1.1585497428951825
(7)28-03-17_at_01.07.53_1.jpg,1,8,1,3,1,0,2,1,0,0,0,0.6027397260273972,0.008307291666666666,0.7651176993218483,1.7297288275864076,2,0.7538465641382088,1.1877848103688218,13.405853271484375,1.0959320068359375,15.751174926757812,0.9856095469172677,1.1767586642405303
(0)28-03-21_at_20.19.25_2.jpg,1,2,0,1,1,0,0,0,0,0,0,1.0,0.07702265372168285,1.0,0.9365971229518759,2,0.7920306008811641,0.7028620549223464,-43.22496795654297,5.7438812255859375,8.32379150390625,1.0,1.312891326245768
(1)28-03-21_at_20.19.25_2.jpg,0,2,0,1,1,0,0,0,0,0,0,0.48058003689280593,0.03701554976714816,0.7765544901577291,0.72731870129709,3,1.0,0.8874178019641991,45.91011047363281,6.497749328613281,-4.79718017578125,0.993223675479923,1.3039947485595325
(0)28-04-17_at_15.28.26_1.jpg,0,67,8,6,1,17,28,7,0,0,0,0.4139433551198257,0.0006442599826388889,0.18906473380455904,0.8139164648384553,4,0.8785609881436007,1.220986345984835,-23.079315185546875,-18.792633056640625,-7.199066162109375,0.9888287489144114,1.141462237743204
(1)28-04-17_at_15.28.26_1.jpg,0,67,8,6,1,17,28,7,0,0,0,0.27941176470588236,0.00043487548828125,0.47777129601787094,2.0567871989185096,5,0.6856758978525677,0.952922927772929,-42.31735610961914,0.6111297607421875,0.12823486328125,0.9698080860101632,1.1195055860318959
(2)28-04-17_at_15.28.26_1.jpg,0,67,8,6,1,17,28,7,0,0,0,0.3104575163398693,0.0004831949869791667,0.27021393506864083,1.1632606798500285,5,0.648483019056415,0.901233861457878,10.291519165039062,-1.27569580078125,-3.1256256103515625,0.986677277580188,1.1389786698996325
(3)28-04-17_at_15.28.26_1.jpg,0,67,8,6,1,17,28,7,0,0,0,0.22875816993464052,0.0003560384114583333,0.6586730736354012,2.8355624488477593,2,0.6580189816474701,0.9144865329020115,-18.389022827148438,8.217155456542969,0.0725555419921875,0.9797005414545195,1.130925019721184
(4)28-04-17_at_15.28.26_1.jpg,0,67,8,6,1,17,28,7,0,0,0,0.15577342047930284,0.00024244520399305556,0.563397431366363,2.425404444335979,5,0.5734190324195227,0.7969131552169891,11.05914306640625,5.4087982177734375,16.24994659423828,0.9740282155104767,1.1243771256875568
(5)28-04-17_at_15.28.26_1.jpg,0,67,8,6,1,17,28,7,0,0,0,0.28594771241830064,0.0004450480143229167,0.8640465322035029,3.7196873514971904,5,0.8466605016210099,1.1766524192569272,-2.687042236328125,-3.454254150390625,-12.793792724609375,0.9592093658875399,1.1072708701605527
(6)28-04-17_at_15.28.26_1.jpg,0,67,8,6,1,17,28,7,0,0,0,0.32080610021786493,0.0004993014865451389,0.26515739707320407,1.1414924767232537,5,0.7212639423239728,1.002381664236634,-25.786415100097656,11.641128540039062,-1.4178543090820312,0.9913726141335055,1.1443987685516905
(7)28-04-17_at_15.28.26_1.jpg,0,67,8,6,1,17,28,7,0,0,0,0.2647058823529412,0.0004119873046875,0.3355838050271867,1.4446754756871472,5,0.8301615153728812,1.1537228364466054,-37.97578811645508,2.6663131713867188,1.3342666625976562,0.9802919278591026,1.1316076912651571
(8)28-04-17_at_15.28.26_1.jpg,0,67,8,6,1,17,28,7,0,0,0,0.23828976034858387,0.00037087334526909725,0.13740718970382548,0.591532708594583,1,0.448549126906006,0.6233743210165568,27.682723999023438,7.8693084716796875,0.9621047973632812,0.9689302196504815,1.1184922141002427
(9)28-04-17_at_15.28.26_1.jpg,0,67,8,6,1,17,28,7,0,0,0,0.3461328976034858,0.0005387200249565972,0.33416728035998916,1.4385773910455466,2,0.49951627555808537,0.6942062762681331,-10.093887329101562,6.5342559814453125,17.36199188232422,0.9687170434738592,1.1182461325053579
(10)28-04-17_at_15.28.26_1.jpg,0,67,8,6,1,17,28,7,0,0,0,0.2647058823529412,0.0004119873046875,0.5027438027396105,2.164292887473435,5,0.7362496547882469,1.023208164104783,-16.353042602539062,-2.5357818603515625,3.0015335083007812,0.9841798697336485,1.1360957675242735
(11)28-04-17_at_15.28.26_1.jpg,0,67,8,6,1,17,28,7,0,0,0,0.39814814814814814,0.0006196763780381945,0.2424337778348704,1.0436681629730304,5,0.5147994021184427,0.7154461094794667,-36.228660583496094,12.377403259277344,0.8883132934570312,0.9807152507668017,1.1320963573906522
(12)28-04-17_at_15.28.26_1.jpg,0,67,8,6,1,17,28,7,0,0,0,0.22657952069716775,0.00035264756944444444,0.45816493513513673,1.9723825634431376,5,0.7814570330240622,1.086035437690348,-26.40399169921875,-3.2468185424804688,-0.0748138427734375,0.9802663500936093,1.1315781653705383
(13)28-04-17_at_15.28.26_1.jpg,0,67,8,6,1,17,28,7,0,0,0,0.30501089324618735,0.00047471788194444444,0.2623836049017775,1.1295514072655417,5,0.7633625722115334,1.0608885328218107,-42.08815383911133,-0.43041229248046875,7.4464111328125,0.9887175745728786,1.1413339027683107
(14)28-04-17_at_15.28.26_1.jpg,0,67,8,6,1,17,28,7,0,0,0,0.30501089324618735,0.00047471788194444444,0.22517843505728152,0.9693845707319256,4,0.7899709283137321,1.0978676838748695,-30.36431884765625,-12.381195068359375,0.82763671875,0.9846209599446129,1.1366049434759302
(15)28-04-17_at_15.28.26_1.jpg,0,67,8,6,1,17,28,7,0,0,0,0.35947712418300654,0.0005594889322916666,0.34833244404550107,1.4995578802079939,5,0.9540288483153251,1.3258683383267338,-23.829368591308594,-7.057586669921875,5.825439453125,0.9839724982866478,1.1358563866646483
(16)28-04-17_at_15.28.26_1.jpg,0,67,8,6,1,17,28,7,0,0,0,0.25735294117647056,0.000400543212890625,0.4069108375408464,1.7517356290150945,5,0.7289112951881076,1.0130096269575448,-29.635055541992188,-5.67608642578125,5.6636199951171875,0.9908773005839693,1.1438269994629995
(17)28-04-17_at_15.28.26_1.jpg,0,67,8,6,1,17,28,7,0,0,0,0.3425925925925926,0.0005332099066840278,0.3745077209638699,1.6122414485650065,6,0.9263463569587814,1.2873964002082403,-9.376327514648438,11.6002197265625,-4.7781982421875,0.9919170995864004,1.1450272996134767
(18)28-04-17_at_15.28.26_1.jpg,0,67,8,6,1,17,28,7,0,0,0,0.4411764705882353,0.0006866455078125,0.2811600139013695,1.2103831315526672,4,0.7018182595452599,0.9753568890854751,-58.75201416015625,-5.935386657714844,-5.5826416015625,0.980111856518885,1.1313998244983545
(19)28-04-17_at_15.28.26_1.jpg,0,67,8,6,1,17,28,7,0,0,0,0.37037037037037035,0.0005764431423611111,0.3246491441704455,1.397602177935456,4,0.7401157207699278,1.0285810566415698,-46.582794189453125,0.9583282470703125,-5.8130950927734375,0.9750620948602581,1.1255705924404737
(20)28-04-17_at_15.28.26_1.jpg,0,67,8,6,1,17,28,7,0,0,0,0.25735294117647056,0.000400543212890625,0.4070125355753763,1.7521734351732285,5,0.9218374405643118,1.281130101764387,24.459976196289062,5.6140899658203125,5.1046905517578125,0.9918412196619296,1.144939707026306
(21)28-04-17_at_15.28.26_1.jpg,0,67,8,6,1,17,28,7,0,0,0,0.32080610021786493,0.0004993014865451389,0.20067221580667904,0.863886231947998,5,0.7585330406499404,1.054176657182229,-31.69792938232422,1.5215301513671875,2.4794464111328125,0.9743981787505774,1.1248041956613937
(22)28-04-17_at_15.28.26_1.jpg,0,67,8,6,1,17,28,7,0,0,0,0.32679738562091504,0.0005086263020833334,0.4976387734508613,2.142315931179245,5,0.643962217242234,0.8949510451679334,-12.875686645507812,2.3547134399414062,0.538818359375,0.9831214727576773,1.1348739986568745
(23)28-04-17_at_15.28.26_1.jpg,0,67,8,6,1,17,28,7,0,0,0,0.29221132897603486,0.00045479668511284725,0.2827689292078396,1.2173094505552384,5,0.749730094137662,1.0419427000170722,-25.3052978515625,-11.774986267089844,1.5875473022460938,0.9844128757700101,1.1363647398735959
(24)28-04-17_at_15.28.26_1.jpg,0,67,8,6,1,17,28,7,0,0,0,0.32080610021786493,0.0004993014865451389,0.5060439952227357,2.178500090187022,5,0.9154304373287688,1.2722259237108993,-33.01811218261719,6.0691375732421875,-6.1898956298828125,0.9776294664075715,1.128534257963682
(25)28-04-17_at_15.28.26_1.jpg,0,67,8,6,1,17,28,7,0,0,0,0.32080610021786493,0.0004993014865451389,0.22332292408729393,0.9613966668073235,5,0.8118297550095159,1.128246142849238,-29.25598907470703,-7.012969970703125,1.3059310913085938,0.9906945063081856,1.1436159894541262
(26)28-04-17_at_15.28.26_1.jpg,0,67,8,6,1,17,28,7,0,0,0,0.32080610021786493,0.0004993014865451389,0.1963737019126261,0.845381293653566,1,0.703423260447804,0.9775874504394917,-51.34949493408203,4.3555908203125,22.316940307617188,0.9721625656966327,1.1222234981623724
(27)28-04-17_at_15.28.26_1.jpg,0,67,8,6,1,17,28,7,0,0,0,0.3311546840958606,0.0005154079861111111,0.42541986693454464,1.8314162943013177,4,1.0,1.3897570714638479,-33.20552062988281,10.514984130859375,-5.423057556152344,0.9798822394714384,1.1311347642550211
(28)28-04-17_at_15.28.26_1.jpg,0,67,8,6,1,17,28,7,0,0,0,0.29221132897603486,0.00045479668511284725,0.6619972038265406,2.8498727024809503,1,0.7529958230525315,1.046481269869996,-33.20330047607422,-5.9088897705078125,8.911849975585938,0.9763729943333297,1.1270838395498761
(29)28-04-17_at_15.28.26_1.jpg,0,67,8,6,1,17,28,7,0,0,0,0.29221132897603486,0.00045479668511284725,0.41669818261017544,1.7938697760803908,1,0.7462186057580057,1.0370625842100818,-29.736618041992188,7.1198272705078125,0.757904052734375,0.9835037671417562,1.135315303183676
(30)28-04-17_at_15.28.26_1.jpg,0,67,8,6,1,17,28,7,0,0,0,0.33769063180827885,0.0005255805121527778,0.3762108057254382,1.6195731634785282,4,0.7574941715824671,1.052732881549383,-21.870742797851562,-2.34423828125,-1.2340087890625,0.9876083931431435,1.1400535104675826
(31)28-04-17_at_15.28.26_1.jpg,0,67,8,6,1,17,28,7,0,0,0,0.295479302832244,0.00045988294813368056,0.2951240049440446,1.270497580163897,4,0.9802772167361786,1.3623471939540033,0.4783172607421875,-0.302398681640625,-1.56756591796875,0.9852833349472135,1.1373695612659407
(32)28-04-17_at_15.28.26_1.jpg,0,67,8,6,1,17,28,7,0,0,0,1.0,0.001556396484375,0.08383078221143998,0.36088831866819776,4,0.6815764301878445,0.9472256635966426,-33.93102264404297,-10.628524780273438,0.6335220336914062,0.9636006551557472,1.1123399894394659
(33)28-04-17_at_15.28.26_1.jpg,0,67,8,6,1,17,28,7,0,0,0,0.2973856209150327,0.0004628499348958333,0.233706593307565,1.0060979665883358,5,0.6213221156242001,0.8634868038456107,-44.594512939453125,8.153160095214844,-2.4751052856445312,0.9822252158061909,1.1338393974010357
(34)28-04-17_at_15.28.26_1.jpg,0,67,8,6,1,17,28,7,0,0,0,0.23529411764705882,0.0003662109375,0.13814157827587378,0.5946942233750031,2,0.48859840182291486,0.6790330840393305,-13.487701416015625,16.474136352539062,7.863006591796875,0.9804535753977635,1.1317942903718357
(35)28-04-17_at_15.28.26_1.jpg,0,67,8,6,1,17,28,7,0,0,0,0.3907952069716776,0.0006082322862413195,0.31491750801148816,1.3557078556036113,1,0.7376574796148074,1.025164698612878,-17.150840759277344,5.637657165527344,4.574272155761719,0.988901649013327,1.141546390545326
(36)28-04-17_at_15.28.26_1.jpg,0,67,8,6,1,17,28,7,0,0,0,0.2821350762527233,0.0004391140407986111,0.5340782338591767,2.2991864178074697,1,0.7788274675493848,1.0823809804770381,-17.942520141601562,-4.8381805419921875,1.77874755859375,0.9771316368320574,1.1279595844806294
(37)28-04-17_at_15.28.26_1.jpg,0,67,8,6,1,17,28,7,0,0,0,0.30800653594771243,0.0004793802897135417,0.38662469447210823,1.664404557167594,5,0.8458169965499739,1.1754801521196392,-8.816238403320312,-3.351715087890625,0.210906982421875,0.9799686800993456,1.1312345476732026
(38)28-04-17_at_15.28.26_1.jpg,0,67,8,6,1,17,28,7,0,0,0,0.21241830065359477,0.0003306070963541667,0.47457756696529607,2.04303831721109,5,0.6829445846990796,0.9491270660034866,33.80543518066406,-4.4146575927734375,-5.520545959472656,0.9737788535609927,1.1240892727613765
(39)28-04-17_at_15.28.26_1.jpg,0,67,8,6,1,17,28,7,0,0,0,0.4117647058823529,0.000640869140625,0.23936254864444217,1.0304466384978945,3,0.8894843584125522,1.2361671770603282,-0.31732177734375,2.0373916625976562,-4.8544158935546875,0.9815229327591516,1.133028711446281
(40)28-04-17_at_15.28.26_1.jpg,0,67,8,6,1,17,28,7,0,0,0,0.2777777777777778,0.0004323323567708333,0.32399357132636225,1.3947799618565342,1,0.8384546012467584,1.1652482111840834,-22.914703369140625,3.772491455078125,-0.5694122314453125,0.980760884394237,1.1321490349271275
(41)28-04-17_at_15.28.26_1.jpg,0,67,8,6,1,17,28,7,0,0,0,0.2764161220043573,0.00043021308051215275,0.2761337170066648,1.1887451152106268,5,0.7335430308175326,1.0194466143016894,4.975067138671875,6.558868408203125,-2.6504974365234375,0.986964004975064,1.1393096559213642
(42)28-04-17_at_15.28.26_1.jpg,0,67,8,6,1,17,28,7,0,0,0,0.4215686274509804,0.0006561279296875,0.26212546901953976,1.1284401421422634,4,0.7763420019752371,1.0789267871194863,-29.599746704101562,-9.458076477050781,10.277587890625,0.9719253012825642,1.1219496101212765
(43)28-04-17_at_15.28.26_1.jpg,0,67,8,6,1,17,28,7,0,0,0,0.1974400871459695,0.00030729505750868056,0.48768761256803234,2.0994765632875922,4,0.8421474988104322,1.1703804416873906,3.6487197875976562,1.1918106079101562,-8.333511352539062,0.969254622283849,1.1188666908296256
(44)28-04-17_at_15.28.26_1.jpg,0,67,8,6,1,17,28,7,0,0,0,0.25735294117647056,0.000400543212890625,0.5293773083321502,2.2789491127880073,2,0.7548232930662054,1.0490210092443875,9.9324951171875,-7.000244140625,4.710205078125,0.9906024900416173,1.1435097697536358
(45)28-04-17_at_15.28.26_1.jpg,0,67,8,6,1,17,28,7,0,0,0,0.39215686274509803,0.0006103515625,0.2820269358250326,1.2141151973546809,4,0.6937563647442793,0.9641528137764147,-18.803558349609375,-9.47796630859375,-5.0844268798828125,0.9928394579214337,1.14609203120655
(46)28-04-17_at_15.28.26_1.jpg,0,67,8,6,1,17,28,7,0,0,0,0.37745098039215685,0.00058746337890625,0.16284438664436224,0.7010388708101298,4,0.916760535583051,1.27407443716553,-49.855533599853516,7.516571044921875,-12.094085693359375,0.9828114963387546,1.134516174941515
(47)28-04-17_at_15.28.26_1.jpg,0,67,8,6,1,17,28,7,0,0,0,0.25326797385620914,0.0003941853841145833,0.2694991633866892,1.160183615032948,4,0.747885138760513,1.039378660235144,-62.760589599609375,-3.817962646484375,-7.309547424316406,1.0,1.1543578592312995
(48)28-04-17_at_15.28.26_1.jpg,0,67,8,6,1,17,28,7,0,0,0,0.7712418300653595,0.0012003580729166667,0.3422354608949784,1.4733106003890997,1,0.7337558213612531,1.0197423414645654,-31.58758544921875,-2.9622650146484375,6.0817413330078125,0.9717735236205521,1.1217744043842772
(49)28-04-17_at_15.28.26_1.jpg,0,67,8,6,1,17,28,7,0,0,0,0.23529411764705882,0.0003662109375,0.26529850206789046,1.1420999283412003,2,0.6466721160093912,0.8987171461425412,-69.71385192871094,3.2984390258789062,2.809661865234375,0.9850997324370319,1.137157618265338
(50)28-04-17_at_15.28.26_1.jpg,0,67,8,6,1,17,28,7,0,0,0,0.3747276688453159,0.0005832248263888889,0.39519309908158956,1.701291212064661,6,0.7159296552295922,0.9949683010260003,-10.253448486328125,-7.263725280761719,-4.1363983154296875,0.9886168327511299,1.141217610654622
(51)28-04-17_at_15.28.26_1.jpg,0,67,8,6,1,17,28,7,0,0,0,0.25163398692810457,0.0003916422526041667,0.3609468934354573,1.5538626034990664,4,0.7630927962218056,1.0605136097323755,-21.623519897460938,-6.010734558105469,10.092933654785156,0.9986074640781493,1.152750374445649
(52)28-04-17_at_15.28.26_1.jpg,0,67,8,6,1,17,28,7,0,0,0,0.18572984749455337,0.00028906928168402775,1.0,4.304961842750753,2,0.8889046250959698,1.2353614885840447,13.002120971679688,9.469451904296875,22.079132080078125,0.9661777181664026,1.1153148423795503
(53)28-04-17_at_15.28.26_1.jpg,0,67,8,6,1,17,28,7,0,0,0,0.42483660130718953,0.0006612141927083334,0.3744637686173431,1.612052235390309,6,0.8039664736287119,1.1173180919453556,4.09564208984375,-0.8815460205078125,-5.2026214599609375,0.9904175842567595,1.143296322307668
(54)28-04-17_at_15.28.26_1.jpg,0,67,8,6,1,17,28,7,0,0,0,0.38235294117647056,0.0005950927734375,0.21327884442412975,0.9181572871118528,6,0.7851328212273078,1.091143890339012,3.599090576171875,5.0947723388671875,-9.65167236328125,0.9877903375176443,1.1402635393862306
(55)28-04-17_at_15.28.26_1.jpg,0,67,8,6,1,17,28,7,0,0,0,0.4095860566448802,0.0006374782986111111,0.3083673348324045,1.327509610004247,5,0.7071020746578057,0.9827001085024432,14.859268188476562,-27.422927856445312,-1.8690261840820312,0.9808526988558606,1.1322550216724936
(56)28-04-17_at_15.28.26_1.jpg,0,67,8,6,1,17,28,7,0,0,0,0.24782135076252723,0.0003857082790798611,0.37593546672780287,1.618387839599887,5,0.8542269399332801,1.1871679304071996,-19.033485412597656,-2.6574325561523438,0.3531646728515625,0.971297080931756,1.1212244190219922
(57)28-04-17_at_15.28.26_1.jpg,0,67,8,6,1,17,28,7,0,0,0,0.21241830065359477,0.0003306070963541667,0.3677866898295416,1.5833076659877834,4,0.9598515268821306,1.3339604470398128,-51.033409118652344,7.560760498046875,15.315513610839844,0.9746772190826511,1.1251263080617655
(58)28-04-17_at_15.28.26_1.jpg,0,67,8,6,1,17,28,7,0,0,0,0.33251633986928103,0.0005175272623697916,0.3018030009301857,1.2992504030321195,6,0.7057020035254952,0.9807543497457623,7.107078552246094,-3.392913818359375,8.778518676757812,0.9993537220524239,1.153611823203267
(59)28-04-17_at_15.28.26_1.jpg,0,67,8,6,1,17,28,7,0,0,0,0.29411764705882354,0.000457763671875,0.3622348486720281,1.5594072016476743,5,0.9452739820392004,1.3137012010097693,-35.556671142578125,2.817138671875,0.685028076171875,0.9831476469776568,1.134904213073417
(60)28-04-17_at_15.28.26_1.jpg,0,67,8,6,1,17,28,7,0,0,0,0.7391067538126361,0.0011503431532118055,0.18899313508645676,0.813608235089035,6,0.6029868196824083,0.8380051966531231,10.889480590820312,-4.165946960449219,4.0009307861328125,0.982052659575108,1.1336402057595256
(61)28-04-17_at_15.28.26_1.jpg,0,67,8,6,1,17,28,7,0,0,0,0.6928104575163399,0.0010782877604166667,0.1286561880019027,0.5538599801819585,4,0.49094076779003376,0.6822884037060903,-12.418998718261719,-11.1336669921875,16.968231201171875,0.9434958823861315,1.0891318869848006
(62)28-04-17_at_15.28.26_1.jpg,0,67,8,6,1,17,28,7,0,0,0,0.24183006535947713,0.0003763834635416667,0.29661771029041134,1.2769279246843184,6,0.6418462520420951,0.8920103675680688,6.482879638671875,-0.419219970703125,-1.06475830078125,0.9765395968731013,1.1272761585010294
(63)28-04-17_at_15.28.26_1.jpg,0,67,8,6,1,17,28,7,0,0,0,0.1906318082788671,0.00029669867621527775,0.8711636490235467,3.7503262678378784,5,0.7982163836034716,1.1093268636712241,70.70721435546875,14.700347900390625,6.274497985839844,0.9844721453456622,1.1364331581740632
(64)28-04-17_at_15.28.26_1.jpg,0,67,8,6,1,17,28,7,0,0,0,0.3349673202614379,0.0005213419596354166,0.2981524077607991,1.2835347387345037,4,0.6530797687258431,0.9076222268167147,62.225799560546875,11.834823608398438,3.3432998657226562,0.9798970230524965,1.1311518297980032
(65)28-04-17_at_15.28.26_1.jpg,0,67,8,6,1,17,28,7,0,0,0,0.22657952069716775,0.00035264756944444444,0.3976222001849145,1.7117483996266587,5,0.5109331745087367,0.710072992318989,-50.18526077270508,-6.9902496337890625,17.809776306152344,0.983149733624642,1.134906621810764
(66)28-04-17_at_15.28.26_1.jpg,0,67,8,6,1,17,28,7,0,0,0,0.2369281045751634,0.0003687540690104167,0.5831676728354367,2.5105145794823103,5,0.8000909068617534,1.1119319956250449,-1.270843505859375,-0.1298828125,-14.718940734863281,0.9741601832235349,1.1245294636542902
(0)28-10-14_at_06.05.55_1.jpg,1,3,0,0,0,1,1,1,0,0,0,0.8395061728395061,0.006571451822916667,0.4127298775880663,0.9859867144543527,4,0.5420967008781503,1.520685292456205,-0.29647064208984375,-4.5131378173828125,2.07177734375,1.0,1.1765153117425224
(1)28-10-14_at_06.05.55_1.jpg,1,3,0,0,0,1,1,1,0,0,0,1.0,0.0078277587890625,1.0,2.388939517091218,5,1.0,2.805191933455461,-4.1123199462890625,-17.65766143798828,4.90338134765625,0.9138042784151634,1.0751047254912667
(2)28-10-14_at_06.05.55_1.jpg,1,3,0,0,0,1,1,1,0,0,0,0.8457873077756118,0.006620619032118056,0.939375194640819,2.244110523852707,6,0.8914055405694575,2.500563631842947,5.1170196533203125,-2.5636367797851562,5.144554138183594,0.9492954516121148,1.1168606341891858
(0)28-10-17_at_12.09.58_1.jpg,1,4,0,0,0,1,2,1,0,0,0,1.0,0.014042154947916666,0.3651129311459626,0.6238253083574247,6,0.5461386156259997,0.5115189681573955,6.8103790283203125,-6.632011413574219,-1.0282440185546875,0.9546075130738689,1.3612989719870991
(1)28-10-17_at_12.09.58_1.jpg,1,4,0,0,0,1,2,1,0,0,0,0.76105476673428,0.010686848958333333,1.0,1.70858179796441,4,0.6683612157960407,0.6259938954665218,-0.26351165771484375,-6.6208343505859375,-0.17589569091796875,0.9654457591315868,1.3767546362412029
(2)28-10-17_at_12.09.58_1.jpg,1,4,0,0,0,1,2,1,0,0,0,0.77079107505071,0.010823567708333334,0.19249062017127852,0.32888596990352736,5,1.0,0.936610145340259,2.0408706665039062,-15.487678527832031,0.9848098754882812,1.0,1.4260300210750172
(3)28-10-17_at_12.09.58_1.jpg,1,4,0,0,0,1,2,1,0,0,0,0.7418139669660968,0.010416666666666666,0.5666421117288535,0.9681543980600346,5,0.6486235242975544,0.6075073733634435,-1.96453857421875,-7.608795166015625,9.622024536132812,0.959968944544736,1.368944534220492
(0)29-10-16_at_22.29.48_1.jpg,0,6,0,0,0,0,1,5,0,0,0,0.08476536682088566,0.000652313232421875,0.21855644981376615,1.94089456870933,6,0.5580123318348501,0.7642974441147061,-4.6622161865234375,8.849143981933594,-1.1134033203125,0.9538424497481908,1.1892273524875918
(1)29-10-16_at_22.29.48_1.jpg,1,6,0,0,0,0,1,5,0,0,0,1.0,0.007695515950520833,0.10192373308326286,0.9051355845707194,5,0.9338980807159447,1.2791400394464327,22.818466186523438,-9.982475280761719,-5.194908142089844,0.9531934612685269,1.1884182095817908
(2)29-10-16_at_22.29.48_1.jpg,0,6,0,0,0,0,1,5,0,0,0,0.041639127561136816,0.0003204345703125,0.6724381155081793,5.97159904132354,6,1.0,1.369678411230719,7.7265167236328125,8.947052001953125,1.065948486328125,1.0,1.2467754531175892
(3)29-10-16_at_22.29.48_1.jpg,0,6,0,0,0,0,1,5,0,0,0,0.03651685393258427,0.0002810160319010417,1.0,8.880518375747698,6,0.7154567439766822,0.9799456563942854,-2.3548507690429688,10.151046752929688,2.68524169921875,0.9468659470561914,1.1805292201825983
(4)29-10-16_at_22.29.48_1.jpg,0,6,0,0,0,0,1,5,0,0,0,0.046265697290152015,0.0003560384114583333,0.6479576935524621,5.754200204299735,6,0.3983019817403601,0.5455456255401832,11.300445556640625,3.6548080444335938,3.4732818603515625,0.9439965261533816,1.1769516966363125
(0)30-04-21_at_15.18.31_1.jpg,1,7,0,0,0,2,2,3,0,0,0,0.35837593040982874,0.013704561042524006,0.524118778524697,2.565535594813843,5,0.967112336629775,3.135462142751761,17.894142150878906,-8.444564819335938,-30.465545654296875,0.8681399033050703,1.2649547796687115
(1)30-04-21_at_15.18.31_1.jpg,1,7,0,0,0,2,2,3,0,0,0,0.26479687920365885,0.010126028806584362,0.3219437896197285,1.5758989863397024,4,0.8383214185438103,2.717910806992745,18.465072631835938,-14.965965270996094,-17.04180145263672,0.945370181834458,1.3774859622453577
(2)30-04-21_at_15.18.31_1.jpg,1,7,0,0,0,2,2,3,0,0,0,1.0,0.03824074074074074,1.0,4.89495072478681,5,1.0,3.2420868021168285,39.180938720703125,0.25893402099609375,-11.597816467285156,0.8328667828660495,1.2135587983029177
(3)30-04-21_at_15.18.31_1.jpg,0,7,0,0,0,2,2,3,0,0,0,0.04663258900547036,0.0017832647462277093,0.07093014652160362,0.34719957212515834,6,0.24994080254182396,0.8103297772313358,15.111434936523438,-21.503799438476562,-0.13314056396484375,1.0,1.4570863231294158
(4)30-04-21_at_15.18.31_1.jpg,1,7,0,0,0,2,2,3,0,0,0,0.1591337099811676,0.006085390946502058,0.23651238274392566,1.1577164593334344,4,0.5983154414327188,1.939790596171722,29.142837524414062,-6.511634826660156,-31.1756591796875,0.9970457171004464,1.4527816779218212
(5)30-04-21_at_15.18.31_1.jpg,0,7,0,0,0,2,2,3,0,0,0,0.03483992467043315,0.0013323045267489711,0.3839243673150398,1.8792908600520717,6,0.2560549512706703,0.8301523781313078,34.63038635253906,-9.84820556640625,-3.246185302734375,0.9915109034223727,1.4447169766104304
(6)30-04-21_at_15.18.31_1.jpg,0,7,0,0,0,2,2,3,0,0,0,0.01165814725136759,0.0004458161865569273,0.007301946719538043,0.035742669387157415,6,0.0897454030951778,0.2909623869255307,0.9305877685546875,1.060638427734375,-1.1150436401367188,0.802290932310059,1.169007144639735
(0)30-08-17_at_14.05.14_1.jpg,1,8,2,2,1,0,2,1,0,0,0,0.5497136907860489,0.0067138671875,0.5504631999496247,0.5571886785449054,2,0.7535914735169735,0.8293142936276148,-5.4388427734375,0.6587371826171875,0.9122772216796875,0.9713114482678215,1.1823947843486988
(1)30-08-17_at_14.05.14_1.jpg,1,8,2,2,1,0,2,1,0,0,0,0.4712129099427382,0.005755106608072917,1.0,1.012217853247767,3,0.7958636776039278,0.8758341181007421,3.3664169311523438,3.030426025390625,-5.297271728515625,0.9801919654629585,1.1932051966346595
(2)30-08-17_at_14.05.14_1.jpg,1,8,2,2,1,0,2,1,0,0,0,0.6267568974492452,0.007654825846354167,0.5036504232647541,0.5098039502243785,2,0.7026416030484914,0.7732448484137606,-5.6570587158203125,6.835624694824219,15.20843505859375,0.9468722787945457,1.1526445465948374
(3)30-08-17_at_14.05.14_1.jpg,1,8,2,2,1,0,2,1,0,0,0,0.6625715773034878,0.008092244466145834,0.4072048537998985,0.41218002294540407,6,0.7230990180560675,0.7957578773859133,10.791412353515625,2.3984832763671875,6.56573486328125,0.9670610135798139,1.1772206542431827
(4)30-08-17_at_14.05.14_1.jpg,1,8,2,2,1,0,2,1,0,0,0,1.0,0.012213389078776041,0.36811814383976404,0.3726157572990387,1,0.583497396077961,0.6421287234097769,-16.093490600585938,1.1495590209960938,1.6164321899414062,0.9342342684116962,1.1372600707010603
(5)30-08-17_at_14.05.14_1.jpg,1,8,2,2,1,0,2,1,0,0,0,0.5890681936491411,0.00719451904296875,0.8963218427946769,0.9072729715327102,5,1.0,1.1004825860850664,-1.3648910522460938,-2.3954544067382812,-3.1976394653320312,1.0,1.217317871067319
(6)30-08-17_at_14.05.14_1.jpg,1,8,2,2,1,0,2,1,0,0,0,0.7261842790213431,0.008869171142578125,0.852802081423392,0.8632214921036132,1,0.9699992131378128,1.0674672425743796,-14.524772644042969,0.947265625,7.6822967529296875,0.989007450512274,1.2039364441273182
(7)30-08-17_at_14.05.14_1.jpg,1,8,2,2,1,0,2,1,0,0,0,0.36418532014575744,0.00444793701171875,0.3469507925511508,0.3511897864187372,5,0.5947929509745796,0.6545592848736734,12.857917785644531,-1.2897491455078125,-7.0857696533203125,0.9697234229570578,1.180461652758199
(0)31-05-17_at_11.04.43_1.jpg,1,3,0,0,0,1,1,1,0,0,0,0.9423448275862069,0.00325775146484375,0.5130709874676144,1.0922862730868603,4,1.0,0.7082145205905652,38.886322021484375,3.9759063720703125,14.953598022460938,0.9672867704561975,1.3175909209266936
(1)31-05-17_at_11.04.43_1.jpg,1,3,0,0,0,1,1,1,0,0,0,1.0,0.0034570693969726562,1.0,2.128918414346722,6,0.9399067066585949,0.6656555776560737,63.919403076171875,-6.533172607421875,-3.47119140625,1.0,1.3621512887075709
(2)31-05-17_at_11.04.43_1.jpg,1,3,0,0,0,1,1,1,0,0,0,0.8754022988505747,0.0030263264973958335,0.8344728298731577,1.7765245737889848,5,0.6790726093311921,0.48092908246367433,54.43748474121094,-37.29179763793945,-14.83734130859375,0.9127944963164784,1.243364199482669
(0)31-07-20_at_09.58.14_1.jpg,1,4,0,2,1,0,0,0,1,0,0,1.0,0.02707839012145996,0.951478128002546,1.5126946571447935,2,0.5081101366485758,0.7992673219418668,-20.869110107421875,-13.42901611328125,0.013397216796875,0.965542816887959,1.2280633955996818
(1)31-07-20_at_09.58.14_1.jpg,0,4,0,2,1,0,0,0,1,0,0,0.05578692493946731,0.0015106201171875,1.0,1.589836500309701,2,0.5500345629830726,0.8652152760239127,18.731185913085938,-2.8539276123046875,2.0513763427734375,1.0,1.2718891116168758
(2)31-07-20_at_09.58.14_1.jpg,0,4,0,2,1,0,0,0,1,0,0,0.031186440677966103,0.0008444786071777344,0.6341935728997277,1.0082640904578082,3,0.39291315348479267,0.6180601828038814,14.351051330566406,-11.473648071289062,-1.0259857177734375,0.978571050347093,1.244633863879957
(3)31-07-20_at_09.58.14_1.jpg,0,4,0,2,1,0,0,0,1,0,0,0.5840986132511556,0.015816450119018555,0.17411946241424076,0.27682147676046304,7,1.0,1.5730198323019562,44.391510009765625,-3.7797698974609375,-19.105819702148438,0.6145775646086636,0.7816745126697763
(0)B-_ZYd2VEAAnfeA.jpg,1,6,2,2,1,1,0,0,0,0,0,0.6520747834017327,0.007273356119791667,0.39669081159099623,0.7604056614516711,3,0.8235686590419334,0.8082381589650629,3.1489410400390625,-0.061004638671875,-2.7909622192382812,1.0,1.230048883534797
(1)B-_ZYd2VEAAnfeA.jpg,1,6,2,2,1,1,0,0,0,0,0,0.533515731874145,0.005950927734375,0.3067035929670537,0.5879116472205427,1,0.8722116059965692,0.855975631076964,15.929824829101562,-10.363723754882812,-6.2337799072265625,0.9854583461731308,1.2121619384803068
(2)B-_ZYd2VEAAnfeA.jpg,1,6,2,2,1,1,0,0,0,0,0,0.5882352941176471,0.006561279296875,0.5295848625460187,1.0151465976335656,2,1.0,0.9813852798931122,5.75982666015625,-9.618194580078125,1.6357955932617188,0.9947661989319173,1.2236110523743586
(3)B-_ZYd2VEAAnfeA.jpg,1,6,2,2,1,1,0,0,0,0,0,1.0,0.0111541748046875,0.11324388140649745,0.21707406884696487,1,0.8441098904205737,0.828397021070939,-3.9617767333984375,-1.287689208984375,3.1993789672851562,0.9861363930877954,1.2129959693306742
(4)B-_ZYd2VEAAnfeA.jpg,1,6,2,2,1,1,0,0,0,0,0,0.5091199270405837,0.005678812662760417,0.4620876237898487,0.8857630047121717,2,0.8883063606949197,0.8717707864214157,-3.56451416015625,0.13066864013671875,6.8697662353515625,0.9881497340599003,1.2154724771455867
(5)B-_ZYd2VEAAnfeA.jpg,0,6,2,2,1,1,0,0,0,0,0,0.4297765617875057,0.004793802897135417,1.0,1.916872383310151,4,0.8540009754867619,0.8381039863570667,41.08216857910156,-33.18792724609375,2.0020294189453125,0.99033576228025,1.2181613987174034
(0)B1QUW2qCAAA9dhU.jpg,0,7,3,2,0,0,1,1,0,0,0,0.03697183098591549,0.0006222222222222223,0.568757341894512,1.1321841617563668,1,0.38098746319349025,0.5539167657932433,1.0825958251953125,7.7537841796875,-0.5822067260742188,0.9896156001242545,1.300785632749674
(1)B1QUW2qCAAA9dhU.jpg,0,7,3,2,0,0,1,1,0,0,0,0.19256161971830985,0.0032407407407407406,0.23798287997571352,0.47373533074785806,1,0.5122796242182732,0.7448021261651122,-4.006622314453125,6.8784027099609375,0.3845672607421875,0.9727121555678622,1.2785671493100688
(2)B1QUW2qCAAA9dhU.jpg,0,7,3,2,0,0,1,1,0,0,0,0.10453345070422536,0.0017592592592592592,0.4754347514452378,0.9464136212147718,1,0.468492102121029,0.6811395520244833,10.874526977539062,4.79296875,0.6482620239257812,1.0,1.3144352540383857
(3)B1QUW2qCAAA9dhU.jpg,0,7,3,2,0,0,1,1,0,0,0,0.04005281690140845,0.0006740740740740741,1.0,1.9906277745533774,2,0.5319403176201977,0.7733867614997287,-1.5219497680664062,7.44659423828125,-0.7573013305664062,0.9968876938745342,1.310344329145714
(4)B1QUW2qCAAA9dhU.jpg,0,7,3,2,0,0,1,1,0,0,0,0.06932218309859155,0.0011666666666666668,0.44339657930870835,0.8826375459138741,2,0.5805556044891047,0.8440684113493447,2.7689437866210938,11.005081176757812,0.49376678466796875,0.9673586923556108,1.271530368532688
(5)B1QUW2qCAAA9dhU.jpg,1,7,3,2,0,0,1,1,0,0,0,0.9366197183098591,0.01576296296296296,0.18539861844004518,0.3690596392305779,5,0.7613499449018905,1.1069248724930878,-53.17755889892578,-31.83885955810547,-14.170845031738281,0.9836198940659964,1.292904665333848
(6)B1QUW2qCAAA9dhU.jpg,1,7,3,2,0,0,1,1,0,0,0,1.0,0.01682962962962963,0.1904032251503126,0.3790219483487524,6,1.0,1.4538976194918214,-11.600845336914062,-46.08856964111328,22.88903045654297,0.9417451061196171,1.2378629678017457
(0)BzQtaF2CcAA6gIT.jpg,1,2,0,1,1,0,0,0,0,0,0,1.0,0.018975,0.3907057902445116,0.4216112244940606,3,1.0,1.8689524624444938,58.16093444824219,-22.092758178710938,-21.985939025878906,0.9696621814501868,1.0319541370802996
(1)BzQtaF2CcAA6gIT.jpg,0,2,0,1,1,0,0,0,0,0,0,0.06763285024154589,0.0012833333333333334,1.0,1.0791015516565745,2,0.848172837195608,1.5851947126552643,2.4673004150390625,6.557037353515625,1.14453125,1.0,1.064240883909643
(0)BzUUtxvCYAIavqr.jpg,0,2,0,1,0,0,0,1,0,0,0,0.43042671614100186,0.002577777777777778,1.0,1.8429450427632093,6,1.0,0.9333213078706017,10.695167541503906,-1.7218551635742188,5.6068572998046875,0.9833508671814273,1.0592859333082343
(1)BzUUtxvCYAIavqr.jpg,1,2,0,1,0,0,0,1,0,0,0,1.0,0.005988888888888889,0.3745327035832825,0.690243189421513,2,0.7182394806813398,0.67034821147381,-33.051658630371094,4.986846923828125,-1.7658920288085938,1.0,1.0772207242207037
(0)B_AIT2GVIAMVzS4.jpg,0,6,0,0,0,3,0,3,0,0,0,0.028611444577831133,0.0002727508544921875,0.8065778828564075,2.2878321409767377,4,0.7869206456982446,1.086798109815497,-11.768829345703125,5.9776153564453125,-2.0168380737304688,0.9922529066835809,1.0902887994214414
(1)B_AIT2GVIAMVzS4.jpg,0,6,0,0,0,3,0,3,0,0,0,0.0350140056022409,0.0003337860107421875,0.5250555052084791,1.4893029999269023,6,0.413681274341451,0.5713257486355946,32.14897155761719,2.2443008422851562,-4.997261047363281,0.9709850058139429,1.0669196019626261
(2)B_AIT2GVIAMVzS4.jpg,1,6,0,0,0,3,0,3,0,0,0,1.0,0.009532928466796875,0.1639590828014129,0.46506464832599237,6,1.0,1.3810771337066237,3.6423797607421875,-9.358482360839844,-3.0686874389648438,0.9798176772163791,1.0766249529212173
(3)B_AIT2GVIAMVzS4.jpg,0,6,0,0,0,3,0,3,0,0,0,0.04561824729891957,0.00043487548828125,0.8700485651357045,2.4678646834189526,4,0.938293273690746,1.29585538500502,11.615142822265625,11.452537536621094,-0.394500732421875,0.9832615810427957,1.0804091189770029
(4)B_AIT2GVIAMVzS4.jpg,0,6,0,0,0,3,0,3,0,0,0,0.016506602641056422,0.00015735626220703125,1.0,2.8364677356074157,6,0.8095143671496547,1.1180017818773764,5.983680725097656,6.904060363769531,-0.4417572021484375,0.9773849121526194,1.0739518274682456
(0)C-7z-j3WAAMwRsJ.jpg,1,3,0,1,2,0,0,0,0,0,0,1.0,0.02460765838623047,0.2960369542916642,0.44144164565214317,2,1.0,1.0054383679102044,-4.882904052734375,-2.6952056884765625,29.538177490234375,0.968590734179914,1.0445734179145616
(1)C-7z-j3WAAMwRsJ.jpg,0,3,0,1,2,0,0,0,0,0,0,0.05115684222764795,0.00125885009765625,0.8638144162076209,1.288094786480766,3,0.8007879583046201,0.8051429378399421,54.631103515625,-5.4160614013671875,-12.511863708496094,0.985712330972738,1.063038146360656
(2)C-7z-j3WAAMwRsJ.jpg,0,3,0,1,2,0,0,0,0,0,0,0.03387203038406387,0.0008335113525390625,1.0,1.4911707449105223,3,0.9849198671687166,0.9902762237684497,-51.27568817138672,5.203514099121094,11.154525756835938,1.0,1.0784466349443045
(0)C3aNsLhUkAILnf1.jpg,0,2,0,0,1,1,0,0,0,0,0,0.021780303030303032,0.0010762711229906487,1.0,1.2799275052121635,3,1.0,1.2227579530357957,15.51104736328125,5.9626312255859375,-21.386932373046875,1.0,1.0153188897804788
(1)C3aNsLhUkAILnf1.jpg,1,2,0,0,1,1,0,0,0,0,0,1.0,0.049414882864266305,0.07059708092285952,0.09035914566085679,4,0.5871733943493698,0.7179709377517154,-11.671401977539062,-4.4161224365234375,-6.640533447265625,0.9781092426436909,0.9930927903250173
(0)C8dbpOtUIAA2XmP.jpg,0,2,0,1,0,0,1,0,0,0,0,0.04951284629520474,0.001361846923828125,1.0,1.3518365587662609,2,0.9806359355576307,1.0135131073694565,44.64691162109375,-8.547492980957031,-15.5426025390625,1.0,1.054793964013848
(1)C8dbpOtUIAA2XmP.jpg,1,2,0,1,0,0,1,0,0,0,0,1.0,0.027504920959472656,0.27665077634245916,0.37398663347080446,5,1.0,1.033526378770864,-28.943954467773438,-13.008636474609375,-5.4847564697265625,0.9471587249268899,0.9990573060159361
(0)CaBlyVGVAAE0qCu.jpg,1,4,2,2,0,0,0,0,0,0,0,1.0,0.019583702087402344,0.0873858360245368,0.5321574567375208,2,0.7413504464124766,0.7666776068999719,56.944793701171875,-26.460540771484375,-16.414871215820312,0.9349321738908335,1.0045722894596973
(1)CaBlyVGVAAE0qCu.jpg,0,4,2,2,0,0,0,0,0,0,0,0.019430241051862675,0.00038051605224609375,0.7435764058015483,4.52819068859479,1,0.7880375725269367,0.8149597308208311,-18.25775909423828,9.958724975585938,-1.002044677734375,0.9648083958641437,1.0366738959144548
(2)CaBlyVGVAAE0qCu.jpg,0,4,2,2,0,0,0,0,0,0,0,0.009106403700998295,0.00017833709716796875,0.3747483747047419,2.2821220356969403,1,1.0,1.0341635465521843,7.0224151611328125,12.224098205566406,0.6693191528320312,1.0,1.0744868103950773
(3)CaBlyVGVAAE0qCu.jpg,0,4,2,2,0,0,0,0,0,0,0,0.008765522279035792,0.000171661376953125,1.0,6.089744985538594,2,0.6480926348552755,0.6702337777562815,26.510971069335938,7.1952056884765625,0.14289093017578125,0.969975580416137,1.0422259675624488
(0)CD7qgOGUMAAbaoU.jpg,1,5,1,4,0,0,0,0,0,0,0,0.8706779869570567,0.0269927978515625,0.3980588168493478,0.36885308210948814,2,0.8750524071844221,2.054131234098287,21.838279724121094,-2.1432037353515625,-12.238845825195312,0.9358422953387588,1.2172422335338149
(1)CD7qgOGUMAAbaoU.jpg,1,5,1,4,0,0,0,0,0,0,0,1.0,0.031002044677734375,0.4116798717540006,0.3814747547631182,2,1.0,2.3474379559821807,4.722412109375,-5.5008544921875,11.039535522460938,0.9450236551078526,1.2291843512686877
(2)CD7qgOGUMAAbaoU.jpg,0,5,1,4,0,0,0,0,0,0,0,0.12341577457856527,0.003826141357421875,1.0,0.9266295996882464,2,0.5968989727829749,1.4011833045975297,11.176025390625,2.7860183715820312,0.469329833984375,0.9823174535192768,1.2776920824338511
(3)CD7qgOGUMAAbaoU.jpg,0,5,1,4,0,0,0,0,0,0,0,0.07391001189450802,0.0022913614908854165,0.4540323272767577,0.4207197936699848,1,0.5936792296709433,1.3936251574078347,21.483840942382812,9.315170288085938,2.4845733642578125,0.9333310236064605,1.2139758434297785
(4)CD7qgOGUMAAbaoU.jpg,0,5,1,4,0,0,0,0,0,0,0,0.08317952503999015,0.0025787353515625,0.38585644256960566,0.3575460009154045,2,0.7571765097857307,1.7774248784491373,52.412994384765625,8.314971923828125,5.0694122314453125,1.0,1.3006916225058989
(0)CGsxwARUcAAmu9u.jpg,1,2,1,0,0,0,1,0,0,0,0,1.0,0.057078043619791664,0.7542937334013868,0.46378866472339036,5,1.0,1.1101646873991613,4.2139739990234375,-6.7707977294921875,-4.24658203125,0.9750104313832546,1.0483556895220556
(1)CGsxwARUcAAmu9u.jpg,0,2,1,0,0,0,1,0,0,0,0,0.09684102655498128,0.005527496337890625,1.0,0.6148647989318395,1,0.9380652892745803,1.0414069586275183,8.231185913085938,8.191108703613281,1.4757156372070312,1.0,1.0752251009609666
(0)ClyNrkdUsAAvBBV.jpg,1,4,1,1,0,0,0,2,0,0,0,1.0,0.1061328125,0.6015585241874238,0.43801804632279756,1,0.9946824583610359,0.983118036598919,5.969444274902344,-5.150123596191406,-3.850738525390625,0.8771416996312971,1.0258942607348036
(1)ClyNrkdUsAAvBBV.jpg,1,4,1,1,0,0,0,2,0,0,0,0.791267942583732,0.0839794921875,0.512512199254443,0.37317997037323775,6,1.0,0.9883737551970386,6.080352783203125,-4.3693389892578125,-4.4637603759765625,0.8793091725903757,1.0284293107386415
(2)ClyNrkdUsAAvBBV.jpg,1,4,1,1,0,0,0,2,0,0,0,0.6601950680898049,0.070068359375,0.494047651580269,0.35973521849410717,2,0.9415222877565999,0.9305759191516974,1.98663330078125,-13.680374145507812,3.6619110107421875,0.8871552743345519,1.0376060158843154
(3)ClyNrkdUsAAvBBV.jpg,0,4,1,1,0,0,0,2,0,0,0,0.032120291988713044,0.0034090169270833332,1.0,0.7281387075587794,6,0.818665868435798,0.8091478586375345,-18.96802520751953,29.09027099609375,-8.258399963378906,1.0,1.1695878341732404
(0)CmwvYZeUMAAqLwf.jpg,1,1,0,0,1,0,0,0,0,0,0,1.0,0.028512742784288194,1.0,0.737311829931256,3,1.0,1.2833461898520708,0.2914276123046875,-13.9229736328125,-4.569694519042969,1.0,1.1472393266053773
(0)CN8ql4nUYAAgsw8.jpg,1,6,2,0,0,0,2,2,0,0,0,0.5090587715422006,0.00439453125,1.0,2.035111126574342,1,1.0,1.3399078647681995,-16.33495330810547,-9.509239196777344,-17.66321563720703,1.0,1.2658508320283637
(1)CN8ql4nUYAAgsw8.jpg,1,6,2,0,0,0,2,2,0,0,0,0.43452643982913536,0.0037511189778645835,0.3743489861377102,0.7618417869106782,1,0.4723056467621748,0.632846050671069,4.560089111328125,-19.9151611328125,-16.859848022460938,0.9576418914145716,1.2122317850323514
(2)CN8ql4nUYAAgsw8.jpg,1,6,2,0,0,0,2,2,0,0,0,0.4692885550154662,0.00405120849609375,0.9860466253933561,2.006714458659101,5,0.9547132220267479,1.2792277547918278,51.0673828125,-42.78070831298828,-26.223281860351562,0.9633153906942483,1.2194135888160427
(3)CN8ql4nUYAAgsw8.jpg,1,6,2,0,0,0,2,2,0,0,0,1.0,0.008632659912109375,0.14245419681910584,0.28991012097377356,6,0.44188742900536615,0.5920884414664894,4.9745025634765625,-4.189971923828125,6.702690124511719,0.9051589592488721,1.1457962216831126
(4)CN8ql4nUYAAgsw8.jpg,1,6,2,0,0,0,2,2,0,0,0,0.6369126528207394,0.005498250325520833,0.34891700914793783,0.7100848875680097,6,0.5241815874913045,0.7023550316462789,84.8896484375,5.433540344238281,-1.5297393798828125,0.893156439733408,1.1306028223680256
(0)CN9lM-sUYAI5T4p.jpg,1,5,0,0,1,1,2,1,0,0,0,0.9512195121951219,0.0307464599609375,0.2889819212874449,0.3260826561841331,3,0.7738092308343183,0.7461538312901093,49.835357666015625,-3.727783203125,-37.78070068359375,0.9201382056354616,1.1937671266161671
(1)CN9lM-sUYAI5T4p.jpg,1,5,0,0,1,1,2,1,0,0,0,1.0,0.032323201497395836,0.7849360570923719,0.8857095049097841,4,1.0,0.964260700903773,-61.87848663330078,-26.1527099609375,35.567626953125,0.9589490793023554,1.2441195028733774
(2)CN9lM-sUYAI5T4p.jpg,1,5,0,0,1,1,2,1,0,0,0,0.6431943351691581,0.02079010009765625,0.7526173696158249,0.8492416061229433,5,0.9869708846036398,0.9516972369595226,41.889068603515625,-3.6180648803710938,-19.665176391601562,0.9654940929691073,1.2526108600529502
(3)CN9lM-sUYAI5T4p.jpg,1,5,0,0,1,1,2,1,0,0,0,0.47442958300550747,0.0153350830078125,0.7271584171394768,0.8205141244515357,5,0.6503982568816971,0.6271534790473374,-6.83392333984375,-3.7399673461914062,6.150444030761719,1.0,1.2973780670173707
(4)CN9lM-sUYAI5T4p.jpg,0,5,0,0,1,1,2,1,0,0,0,0.2660896931549961,0.008600870768229166,1.0,1.1283842765367484,6,0.37430521024738406,0.36092780438507666,1.1415939331054688,3.5871429443359375,-24.49493408203125,0.9338667663096724,1.2115782601266054
(0)CQJAIv9VAAAIQ3B.jpg,0,8,1,0,0,0,2,5,0,0,0,0.26737967914438504,0.0013386300587467364,0.7043783344424455,7.824925044979707,6,0.7723695409009773,1.4780040844167022,-45.765140533447266,-1.085723876953125,11.795585632324219,0.9676819056395101,1.676709161043344
(1)CQJAIv9VAAAIQ3B.jpg,1,8,1,0,0,0,2,5,0,0,0,1.0,0.005006476419712793,0.4071685740700896,4.523227670384929,1,1.0,1.9135970622204945,-36.13539123535156,11.462173461914062,13.597015380859375,0.9517239427192712,1.6490586878206668
(2)CQJAIv9VAAAIQ3B.jpg,0,8,1,0,0,0,2,5,0,0,0,0.06875477463712758,0.00034421915796344646,0.691891462979438,7.68620863581918,5,0.9936028258422465,1.9013554485457045,-23.691497802734375,19.072242736816406,9.876914978027344,0.951759809634147,1.6491208346732638
(3)CQJAIv9VAAAIQ3B.jpg,0,8,1,0,0,0,2,5,0,0,0,0.6559714795008913,0.0032841057441253263,0.0810379767900015,0.9002492881620289,6,0.6505164172144057,1.2448263049076882,-0.19024658203125,4.647651672363281,-2.1394729614257812,0.9329142840263728,1.61646706152004
(4)CQJAIv9VAAAIQ3B.jpg,0,8,1,0,0,0,2,5,0,0,0,0.0677361853832442,0.00033911961488250654,0.1919938775053862,2.132856203994188,6,0.508618624817359,0.9732911062411259,-4.0941314697265625,10.051368713378906,-0.3339080810546875,1.0,1.7327069476774608
(5)CQJAIv9VAAAIQ3B.jpg,0,8,1,0,0,0,2,5,0,0,0,0.0896358543417367,0.0004487597911227154,0.6971342872045303,7.74445106688121,5,0.8547712604939661,1.6356877729517625,18.380828857421875,14.90301513671875,4.174919128417969,0.9634004994818806,1.6692907388481903
(6)CQJAIv9VAAAIQ3B.jpg,0,8,1,0,0,0,2,5,0,0,0,0.09090909090909091,0.00045513421997389034,0.6282565988788118,6.97929018377875,6,0.5922985066907935,1.1334206823610884,0.6237945556640625,4.967811584472656,1.5269622802734375,0.9602034458182741,1.6637511817531616
(7)CQJAIv9VAAAIQ3B.jpg,0,8,1,0,0,0,2,5,0,0,0,0.04889228418640183,0.00024477806788511747,1.0,11.108980305553507,6,0.8226185881018536,1.5741605135196781,-14.727874755859375,7.77545166015625,-2.8400344848632812,0.9580564471607926,1.6600310622626895
(0)CshSO7oUsAA0oxT.jpg,1,4,0,0,0,0,1,3,0,0,0,1.0,0.0046710968017578125,1.0,0.9727821529028651,5,1.0,1.4820928735442451,-8.504219055175781,-3.6108627319335938,0.82958984375,0.995658993684315,1.1561929717229371
(1)CshSO7oUsAA0oxT.jpg,0,4,0,0,0,0,1,3,0,0,0,0.07982850142915476,0.00037288665771484375,0.31027200904863494,0.30182707294782835,6,0.3568593587054732,0.5288987123949513,7.4066314697265625,6.144439697265625,-0.86224365234375,0.9278825084750014,1.0774886197870195
(2)CshSO7oUsAA0oxT.jpg,0,4,0,0,0,0,1,3,0,0,0,0.3401388321763985,0.0015888214111328125,0.3480478561904575,0.33857474285818007,6,0.6865687146166262,1.0175585991317342,-46.69573211669922,10.694847106933594,2.044464111328125,0.9859017605934033,1.1448625419324827
(0)Cue0hTFUkAA_KTo.jpg,1,1,0,0,0,0,1,0,0,0,0,1.0,0.00656890869140625,1.0,1.8013519424297801,5,1.0,1.7304210395309843,7.9891510009765625,-9.870933532714844,-1.0353851318359375,1.0,1.360475713612399
(0)D-2uDxjUEAAm1K0.jpg,0,8,0,0,0,0,5,3,0,0,0,0.008217770929635337,4.57763671875e-05,0.9435892210060113,1.9071687829454096,6,0.9834983947983449,1.3273865763256676,11.016357421875,1.7436447143554688,-1.214080810546875,0.9941239373604679,1.061443333794613
(1)D-2uDxjUEAAm1K0.jpg,0,8,0,0,0,0,5,3,0,0,0,0.009458996747132341,5.269050598144531e-05,0.9574042233309238,1.9350914643239665,6,1.0,1.3496581014733968,-2.04620361328125,4.6314697265625,6.2921142578125,0.9648314788312977,1.030167268841588
(2)D-2uDxjUEAAm1K0.jpg,1,8,0,0,0,0,5,3,0,0,0,1.0,0.005570411682128906,0.14445396990797219,0.29196825890751144,5,0.6302262990557785,0.8505900302822272,19.592628479003906,0.38140869140625,-5.6840362548828125,0.9580500434076133,1.0229266128695165
(3)D-2uDxjUEAAm1K0.jpg,0,8,0,0,0,0,5,3,0,0,0,0.045925355247389145,0.00025582313537597656,0.5841713321496137,1.1807185836433793,5,0.555992558519615,0.7503998609649202,19.731231689453125,-15.61138916015625,-4.896484375,0.978595957821219,1.0448638412888827
(4)D-2uDxjUEAAm1K0.jpg,0,8,0,0,0,0,5,3,0,0,0,0.03492552645095018,0.000194549560546875,0.9135373439436538,1.8464283669610728,5,0.6894208144847672,0.9304823875937539,-14.32110595703125,-3.1778182983398438,-6.0980224609375,0.9846717617293734,1.0513510822790524
(5)D-2uDxjUEAAm1K0.jpg,0,8,0,0,0,0,5,3,0,0,0,0.008902585173771614,4.9591064453125e-05,0.5162675632141049,1.0434724754056557,6,0.7993635086971608,1.0788674355353232,0.2811737060546875,5.8886871337890625,6.88641357421875,1.0,1.0677173075752375
(6)D-2uDxjUEAAm1K0.jpg,0,8,0,0,0,0,5,3,0,0,0,0.018190378359869884,0.00010132789611816406,1.0,2.021185427396123,5,0.5808133418280138,0.7838994322420162,-8.555809020996094,1.0662002563476562,-1.9962921142578125,0.9693652000467943,1.0350080014510947
(7)D-2uDxjUEAAm1K0.jpg,0,8,0,0,0,0,5,3,0,0,0,0.026022941277178566,0.00014495849609375,0.6927803786113317,1.4002376056351924,5,0.7919841990419955,1.0689078904759484,68.24667358398438,-3.5856399536132812,7.0011749267578125,0.9855150182464923,1.052251441857106
(0)D-iFm9mVAAAhUfo.jpg,0,5,0,0,0,1,4,0,0,0,0,0.024305555555555556,5.7856241861979164e-05,0.5257757035643384,2.146909419035257,5,0.4877839340607012,0.5714828318992201,8.685501098632812,6.43157958984375,-0.205413818359375,0.9645328898861363,1.1255430422707293
(1)D-iFm9mVAAAhUfo.jpg,1,5,0,0,0,1,4,0,0,0,0,1.0,0.00238037109375,0.27503241119314714,1.123044808133266,5,0.8083839638306254,0.9470946553445787,0.2304534912109375,-5.965995788574219,-0.7468185424804688,0.9868922328508302,1.1516348460521713
(2)D-iFm9mVAAAhUfo.jpg,0,5,0,0,0,1,4,0,0,0,0,0.20098824786324787,0.00047842661539713543,0.22949439694056675,0.9370986127114324,4,1.0,1.1715901078203679,19.3839111328125,-7.464729309082031,-9.088592529296875,0.9966318396356841,1.1630002922345604
(3)D-iFm9mVAAAhUfo.jpg,0,5,0,0,0,1,4,0,0,0,0,0.02403846153846154,5.7220458984375e-05,1.0,4.08331804699405,5,0.4762459646261817,0.5579650610454032,-8.283294677734375,2.1261520385742188,0.6819534301757812,0.9459890328934836,1.103903646213009
(0)D4ANt7eUcAAWqb3.jpg,0,6,0,2,0,2,1,1,0,0,0,0.038349077822762034,0.00021680196126302084,0.3504138540956072,1.0486313552577675,4,1.0,1.1221359399496176,-6.30426025390625,6.0232696533203125,1.2039642333984375,1.0,1.4040410380879866
(1)D4ANt7eUcAAWqb3.jpg,0,6,0,2,0,2,1,1,0,0,0,0.07557354925775979,0.00042724609375,0.9697545985000855,2.9020401648136347,4,0.7594461920839248,0.8522018665952529,41.97660827636719,-3.9791488647460938,-4.6161651611328125,0.9757262491894914,1.3699596958017108
(2)D4ANt7eUcAAWqb3.jpg,1,6,0,2,0,2,1,1,0,0,0,1.0,0.00565338134765625,0.2600666565489563,0.7782627522480343,2,0.6065348658575417,0.6806145718112678,-13.453140258789062,6.4936065673828125,15.719772338867188,0.9001152048929967,1.2637986866767437
(3)D4ANt7eUcAAWqb3.jpg,1,6,0,2,0,2,1,1,0,0,0,0.8165766981556455,0.0046164194742838545,0.18803018341781905,0.5626899272452766,2,0.6094139786261304,0.6838453277240691,-19.124053955078125,12.876907348632812,8.796249389648438,0.9088215913947871,1.2760228106187128
(4)D4ANt7eUcAAWqb3.jpg,0,6,0,2,0,2,1,1,0,0,0,0.1608187134502924,0.0009091695149739584,0.14751286777190503,0.4414397908120602,5,0.7242734521566427,0.8127332710163487,51.69512939453125,9.082649230957031,6.820892333984375,0.9509699567569897,1.3352008452755715
(0)D4BdAXrU8AATMS7.jpg,0,13,0,0,0,2,4,6,0,0,1,0.013860773729194783,0.0001469613286019536,0.2376874510130085,0.7312714423982555,5,0.5651037216499504,0.6840632057787909,25.90349578857422,11.559883117675781,3.6968536376953125,0.9966287313902356,1.0816583860607143
(1)D4BdAXrU8AATMS7.jpg,0,13,0,0,0,2,4,6,0,0,1,0.19205465587044535,0.0020362937843406595,0.27010057231045304,0.8309939555675125,6,0.8354627242103335,1.011335242605286,-51.03612518310547,-15.969573974609375,14.5596923828125,0.9569138750056474,1.0385551660685883
(2)D4BdAXrU8AATMS7.jpg,0,13,0,0,0,2,4,6,0,0,1,0.013157894736842105,0.00013950892857142856,0.1995340115821786,0.6138882125889944,5,0.5970525553541899,0.7227375601801471,59.99507141113281,18.4881591796875,10.812271118164062,1.0,1.0853172821456467
(3)D4BdAXrU8AATMS7.jpg,1,13,0,0,0,2,4,6,0,0,1,1.0,0.010602678571428572,0.20201147117540927,0.6215103880235993,5,0.8269678190683538,1.001052082502849,16.564666748046875,-10.135589599609375,11.491264343261719,0.9593758369435327,1.04122717590776
(4)D4BdAXrU8AATMS7.jpg,0,13,0,0,0,2,4,6,0,0,1,0.12573099415204678,0.0013330853174603175,0.6356900516681568,1.9557699786858034,4,0.881858031168478,1.0674971845550132,85.04707336425781,-11.258148193359375,-18.270294189453125,0.9641103142123019,1.046365585909481
(5)D4BdAXrU8AATMS7.jpg,0,13,0,0,0,2,4,6,0,0,1,0.1731893837156995,0.0018362713675213675,0.6235769903746041,1.9185028206333155,5,0.8948213771563163,1.0831894330296274,-42.73564910888672,7.114898681640625,2.695709228515625,0.9449852256834493,1.025608796806552
(6)D4BdAXrU8AATMS7.jpg,0,13,0,0,0,2,4,6,0,0,1,0.04251012145748988,0.00045072115384615387,0.3160462097125425,0.972350734782139,6,1.0,1.2105091146480345,37.2698974609375,-11.313705444335938,-4.1214447021484375,0.9966772092727753,1.0817109999444365
(7)D4BdAXrU8AATMS7.jpg,0,13,0,0,0,2,4,6,0,0,1,0.02133940620782726,0.00022625486492673994,0.5825134920016354,1.7921664761728087,6,0.7557695111118572,0.9148658817739922,-49.45946502685547,2.633941650390625,3.97686767578125,0.9824715581166047,1.0662933612405123
(8)D4BdAXrU8AATMS7.jpg,0,13,0,0,0,2,4,6,0,0,1,0.008547008547008548,9.062118437118437e-05,0.14770606900075287,0.4544338780562937,9,0.7036326712905042,0.8517537619612997,9.829986572265625,11.180404663085938,2.2208633422851562,0.988281313320941,1.0725987889688142
(9)D4BdAXrU8AATMS7.jpg,0,13,0,0,0,2,4,6,0,0,1,0.006944444444444444,7.36297123015873e-05,1.0,3.076609384641991,6,0.7450317424357024,0.9018677149205246,-4.994300842285156,14.501495361328125,-1.6374664306640625,0.9915755715721083,1.0761741043806567
(10)D4BdAXrU8AATMS7.jpg,0,13,0,0,0,2,4,6,0,0,1,0.06325910931174089,0.0006707160027472527,0.16673405647625014,0.5129755628942588,6,0.6827229680857543,0.8264423756473647,38.721435546875,-12.3919677734375,-3.1871490478515625,0.9957271183164486,1.0806798498099248
(11)D4BdAXrU8AATMS7.jpg,0,13,0,0,0,2,4,6,0,0,1,0.025303643724696356,0.0002682864010989011,0.2511631859483033,0.7727310149651314,4,0.502608926213015,0.6084126862843161,63.405609130859375,-7.716331481933594,-3.0876998901367188,0.972059042039843,1.0549924775917834
(0)D5uzNrXU0AAlAQT.jpg,0,10,0,1,0,9,0,0,0,0,0,0.003968253968253968,8.0108642578125e-05,0.7250647711833922,6.601903369222061,4,0.7866926819696034,0.756091810562064,-0.7365188598632812,-9.765548706054688,0.2262725830078125,0.9357073359688773,1.1292361294247142
(1)D5uzNrXU0AAlAQT.jpg,0,10,0,1,0,9,0,0,0,0,0,0.00958994708994709,0.00019359588623046875,0.3696584379215492,3.3658362449364834,4,0.9097392574446523,0.874352104787079,2.3629989624023438,-15.208023071289062,12.539794921875,0.9818218707508206,1.1848883582420322
(2)D5uzNrXU0AAlAQT.jpg,0,10,0,1,0,9,0,0,0,0,0,0.01870748299319728,0.000377655029296875,0.2106595939576843,1.9181104066583048,4,0.9576904628109828,0.9204380981044327,-1.2763824462890625,-5.565238952636719,-0.9322357177734375,0.8698683156873166,1.0497798747071196
(3)D5uzNrXU0AAlAQT.jpg,0,10,0,1,0,9,0,0,0,0,0,0.052658100277147894,0.0010630289713541667,0.15857876390629963,1.443900900069063,4,0.8347808693105746,0.8023094575118896,-50.017250061035156,-10.380287170410156,13.301589965820312,1.0,1.2068262009033492
(4)D5uzNrXU0AAlAQT.jpg,1,10,0,1,0,9,0,0,0,0,0,1.0,0.0201873779296875,0.03907416539477747,0.35578044117119856,2,1.0,0.9611018735665299,5.412689208984375,-3.7696456909179688,-0.681610107421875,0.892536061845586,1.0771359046863453
(5)D5uzNrXU0AAlAQT.jpg,0,10,0,1,0,9,0,0,0,0,0,0.015117157974300832,0.00030517578125,0.2880955861479988,2.623185260737769,4,0.981438980954493,0.943262843386589,54.316497802734375,-2.05877685546875,-6.565826416015625,0.9972937463634927,1.2035602231085223
(6)D5uzNrXU0AAlAQT.jpg,0,10,0,1,0,9,0,0,0,0,0,0.002771478961955152,5.5948893229166664e-05,0.48630536354646137,4.427936848770292,4,0.9360051411206496,0.8995962947989604,-3.8993988037109375,7.1317596435546875,-0.26446533203125,0.9684223062781243,1.1687174127556885
(7)D5uzNrXU0AAlAQT.jpg,0,10,0,1,0,9,0,0,0,0,0,0.0026769967246157724,5.4041544596354164e-05,1.0,9.105260152754306,4,0.8704037896412217,0.8365467129835858,31.576446533203125,-3.50750732421875,-8.5450439453125,0.928664826256485,1.1207370441836828
(8)D5uzNrXU0AAlAQT.jpg,0,10,0,1,0,9,0,0,0,0,0,0.0035430839002267575,7.152557373046875e-05,0.3206896470216141,2.919962664426747,4,0.6527634276134258,0.6273721532749734,6.128288269042969,-6.3536529541015625,2.076202392578125,0.9842799676448716,1.187854853978132
(0)D61-D3JUIAEo-_Q.jpg,0,5,0,0,0,1,2,2,0,0,0,0.7590587290163852,0.02883466084798177,0.7537630536931464,0.7497724555391098,5,0.9008885264832988,1.014570371441577,0.5636672973632812,-4.885772705078125,1.1153106689453125,0.9253083253252751,1.1395845727574156
(1)D61-D3JUIAEo-_Q.jpg,0,5,0,0,0,1,2,2,0,0,0,0.02518033774623843,0.0009565353393554688,1.0,0.9947057657781391,4,0.6513942334244495,0.7335927475291217,35.306304931640625,-25.806137084960938,-9.135986328125,0.9819457559841623,1.2093376922884613
(2)D61-D3JUIAEo-_Q.jpg,0,5,0,0,0,1,2,2,0,0,0,0.09778406333160387,0.0037145614624023438,0.839203915544023,0.8347609734552301,6,0.815936159042427,0.9188979852854587,-49.71998977661133,3.1027374267578125,-15.170692443847656,0.924592337515232,1.1387027816394975
(3)D61-D3JUIAEo-_Q.jpg,0,5,0,0,0,1,2,2,0,0,0,0.014627859880500091,0.0005556742350260416,0.9296382175076443,0.9247164950425656,6,0.46484634008901327,0.5235046402115667,-35.80044937133789,3.71002197265625,9.757850646972656,1.0,1.2315728082926474
(0)D6SiElyUcAMfaaq.jpg,1,4,0,2,1,0,1,0,0,0,0,1.0,0.023380279541015625,1.0,0.7306187044498973,2,1.0,1.5740071526627,9.811721801757812,-8.490478515625,0.6939468383789062,0.9363906266681216,1.0914186595733943
(1)D6SiElyUcAMfaaq.jpg,1,4,0,2,1,0,1,0,0,0,0,0.8364197530864198,0.01955572764078776,0.8582544268109441,0.6270567374050012,5,0.9666849596668372,1.5215690408870555,7.167137145996094,-4.611907958984375,-3.871185302734375,0.9047306285408424,1.0545170591792055
(2)D6SiElyUcAMfaaq.jpg,0,4,0,2,1,0,1,0,0,0,0,0.05192527329091206,0.0012140274047851562,0.7973890067200157,0.5825873230323683,3,0.5870871140660956,0.9240793167761369,34.623626708984375,-16.266525268554688,-19.048912048339844,0.908592907221186,1.0590187734212613
(3)D6SiElyUcAMfaaq.jpg,0,4,0,2,1,0,1,0,0,0,0,0.025643117419916244,0.0005995432535807291,0.8934778439004815,0.6527916247652573,2,0.5576287486007725,0.8777116388279664,7.3370819091796875,-26.426490783691406,5.9700775146484375,1.0,1.1655591464610189
(0)D6udzHPWkAAsTn2.jpg,1,6,0,1,1,1,2,1,0,0,0,0.853809526266102,0.04026556466429995,0.26135837754197416,1.0136174707901022,2,0.9595212144703283,1.107808096257902,9.931289672851562,-6.442497253417969,0.3455657958984375,0.895081961497887,1.1506581815001489
(1)D6udzHPWkAAsTn2.jpg,1,6,0,1,1,1,2,1,0,0,0,1.0,0.04715989155144494,0.16837090162456123,0.6529872471064306,3,1.0,1.154542577643195,4.734344482421875,2.5236282348632812,-4.6357269287109375,0.9061227208255762,1.1648514516104298
(2)D6udzHPWkAAsTn2.jpg,0,6,0,1,1,1,2,1,0,0,0,0.059909308048265865,0.002825316470478326,0.36534249316870104,1.4168955951616127,5,0.7825999764311132,0.9035449940522812,-45.20541000366211,-5.34942626953125,2.5364532470703125,0.9634525188967148,1.238550849019706
(3)D6udzHPWkAAsTn2.jpg,0,6,0,1,1,1,2,1,0,0,0,0.04255505744339491,0.002006891893996014,0.31725988801241584,1.2304184327079786,4,0.9911202089716165,1.1442904808203522,69.38333129882812,-3.412353515625,0.07244110107421875,0.9200022233986289,1.1826940223221771
(4)D6udzHPWkAAsTn2.jpg,0,6,0,1,1,1,2,1,0,0,0,0.026309951868264524,0.0012407744768310911,1.0,3.878266617366475,6,0.9572183309235216,1.1051493191517596,-0.5116424560546875,1.061492919921875,-3.6314315795898438,0.9664648478767263,1.242423299963103
(5)D6udzHPWkAAsTn2.jpg,0,6,0,1,1,1,2,1,0,0,0,0.036091063386348744,0.0017020506352765322,0.5592450460397483,2.1689013929835337,5,0.8617785287579991,0.9949600039498205,0.17333984375,1.5585250854492188,9.931709289550781,1.0,1.2855338739868742
(0)D7mOcCiUIAA6jY9.jpg,1,3,0,2,1,0,0,0,0,0,0,1.0,0.01093586166866387,0.22373890310857872,0.518904569846396,2,1.0,1.4579175586152058,-19.14605712890625,-5.9708404541015625,44.2073974609375,0.9224988093322292,1.632104867446623
(1)D7mOcCiUIAA6jY9.jpg,0,3,0,2,1,0,0,0,0,0,0,0.024398073836276082,0.0002668139604553625,1.0,2.319241592038089,3,0.43949401216742,0.6407460372451265,-65.26197814941406,3.9226226806640625,1.4040374755859375,1.0,1.7692216520344972
(2)D7mOcCiUIAA6jY9.jpg,1,3,0,2,1,0,0,0,0,0,0,0.8251203852327448,0.00902340239289994,0.2579050112084726,0.5981440287897393,2,0.9647146740855769,1.406474462403108,23.067230224609375,-7.2621612548828125,20.02423095703125,0.9326909960252012,1.650137104825407
(0)DaomfgeW4AEXtxN.jpg,1,6,1,2,0,2,0,1,0,0,0,1.0,0.03920173645019531,0.17828635968265785,0.28936758966785503,1,0.9299804666221086,1.461305773764612,-21.66949462890625,-10.588066101074219,24.3919677734375,0.8645251216549831,1.1057155589497545
(1)DaomfgeW4AEXtxN.jpg,0,6,1,2,0,2,0,1,0,0,0,0.045670542824243016,0.0017903645833333333,0.8536662020705484,1.3855425155001075,2,1.0,1.571329534557207,40.2197265625,-13.620193481445312,-5.0332794189453125,0.9900217368556532,1.2662239774411366
(2)DaomfgeW4AEXtxN.jpg,1,6,1,2,0,2,0,1,0,0,0,0.6153521789195413,0.024122873942057293,0.2728769449105905,0.44289279317416197,6,0.8259830161036763,1.2978915082463476,2.8959274291992188,-6.027534484863281,-9.646133422851562,0.9152935398022464,1.1706476568640807
(3)DaomfgeW4AEXtxN.jpg,1,6,1,2,0,2,0,1,0,0,0,0.6057915308389692,0.023748079935709637,0.24326255578757988,0.39482717326210154,2,0.7793959102823403,1.2246878129397405,-5.894783020019531,-5.279563903808594,6.088233947753906,0.9156990159928086,1.171166255250013
(4)DaomfgeW4AEXtxN.jpg,0,6,1,2,0,2,0,1,0,0,0,0.01970515253247701,0.0007724761962890625,1.0,1.623049515301771,4,0.9205228437249162,1.4464447315795492,29.748489379882812,8.372802734375,11.733673095703125,0.9971682677127708,1.275364290618043
(0)Dbr39meWkAA4A9B.jpg,0,21,0,1,0,6,10,4,0,0,0,0.8467741935483871,0.002654690618762475,0.2830928997756271,0.9949136457665555,4,0.6896438897154121,1.1567816207773254,-9.046646118164062,1.7035446166992188,-4.2666778564453125,0.9983629102916611,1.2214299427129016
(1)Dbr39meWkAA4A9B.jpg,0,21,0,1,0,6,10,4,0,0,0,1.0,0.0031350632069194946,0.3676724215396514,1.2921634899771732,4,0.6652971210731882,1.1159433056546257,-13.25115966796875,4.9239654541015625,3.826507568359375,1.0,1.2234328119782354
(2)Dbr39meWkAA4A9B.jpg,0,21,0,1,0,6,10,4,0,0,0,0.5942275042444821,0.0018629407850964737,0.38596616069763584,1.3564557796629906,4,0.8192062957074312,1.3741045206541085,-5.2695465087890625,15.49072265625,30.154327392578125,0.9846512998786263,1.2046547086285324
(3)Dbr39meWkAA4A9B.jpg,0,21,0,1,0,6,10,4,0,0,0,0.5564516129032258,0.0017445109780439122,0.632484663380154,2.2228308192601247,5,0.8522808087413751,1.4295824120186136,2.7886734008789062,-5.081764221191406,-1.988037109375,0.9643251870434578,1.1797870752460153
(4)Dbr39meWkAA4A9B.jpg,0,21,0,1,0,6,10,4,0,0,0,0.6540747028862479,0.002050565535595476,0.6938757378345802,2.438586204687979,5,0.8007071636541668,1.3430748018692735,3.067657470703125,6.1245880126953125,-2.8367462158203125,0.977231134885805,1.1955766353060227
(5)Dbr39meWkAA4A9B.jpg,0,21,0,1,0,6,10,4,0,0,0,0.817062818336163,0.0025615435795076514,0.7070059793576386,2.484731680162126,6,0.7567011659652185,1.2692608667504524,8.689926147460938,-3.4988021850585938,-5.518646240234375,0.9675258060962217,1.1837028176138094
(6)Dbr39meWkAA4A9B.jpg,0,21,0,1,0,6,10,4,0,0,0,0.967741935483871,0.003033932135728543,0.5611730472770008,1.9722102631849794,5,0.689151079079614,1.1559549995391525,-0.4716644287109375,-4.2290496826171875,6.492118835449219,0.9720402661090595,1.1892259561218788
(7)Dbr39meWkAA4A9B.jpg,0,21,0,1,0,6,10,4,0,0,0,0.9335738539898133,0.002926813040585496,0.3347285320484401,1.1763840930886984,6,0.8486768916838214,1.4235373428500833,1.425201416015625,-6.430389404296875,-0.7635269165039062,0.9722312801175631,1.1894596489274296
(8)Dbr39meWkAA4A9B.jpg,0,21,0,1,0,6,10,4,0,0,0,0.5585738539898133,0.0017511643379906853,0.46837977913753953,1.6460936817362863,4,0.6196032359096284,1.0392981742652532,4.2651214599609375,6.9802398681640625,-2.4731826782226562,0.9882584496017387,1.2090678139575064
(9)Dbr39meWkAA4A9B.jpg,0,21,0,1,0,6,10,4,0,0,0,0.6213921901528013,0.0019481037924151696,1.0,3.514442243359339,5,0.5931431059372567,0.9949149897088733,15.11700439453125,-5.509613037109375,-9.779510498046875,0.9538076267988748,1.1669195469408347
(10)Dbr39meWkAA4A9B.jpg,0,21,0,1,0,6,10,4,0,0,0,0.6031409168081494,0.0018908848968729208,0.3485049761504696,1.2248006102041495,4,0.605023112413336,1.0148420467758403,10.045234680175781,10.293708801269531,-10.144294738769531,0.9917262553552125,1.2133104413018732
(11)Dbr39meWkAA4A9B.jpg,0,21,0,1,0,6,10,4,0,0,0,1.0,0.0031350632069194946,0.17384754307377867,0.6109771492827201,4,0.3627921830956344,0.6085333834247315,0.72479248046875,-10.611160278320312,-0.3493194580078125,0.9978257507053299,1.2207727640497152
(12)Dbr39meWkAA4A9B.jpg,0,21,0,1,0,6,10,4,0,0,0,0.8210950764006791,0.00257418496340652,0.3894716431814663,1.3687755953875205,5,0.665764252771711,1.1167268540502429,4.2086029052734375,-4.9733428955078125,12.381561279296875,0.9861412560378102,1.206477569882087
(13)Dbr39meWkAA4A9B.jpg,0,21,0,1,0,6,10,4,0,0,0,0.4634974533106961,0.0014530938123752495,0.737627897752158,2.5923506437405277,2,0.7571440984151946,1.270003824275371,3.123382568359375,3.4628448486328125,1.5977096557617188,0.9737923684921005,1.1913695356672362
(14)Dbr39meWkAA4A9B.jpg,0,21,0,1,0,6,10,4,0,0,0,0.6551358234295416,0.002053892215568862,0.5438335562157571,1.9112716233209928,5,0.7944354837292027,1.332554931865654,24.00634765625,-4.347267150878906,-4.55120849609375,0.9856496952750331,1.2058761783158245
(15)Dbr39meWkAA4A9B.jpg,0,21,0,1,0,6,10,4,0,0,0,0.9601018675721562,0.00300998003992016,0.36484125098612014,1.2822135045856877,5,0.7847529030408543,1.3163137506574845,17.868759155273438,-8.105010986328125,-9.337966918945312,0.9749181404887403,1.1927468420667318
(16)Dbr39meWkAA4A9B.jpg,0,21,0,1,0,6,10,4,0,0,0,0.5415959252971138,0.0016979374584165003,0.5913314066347102,2.078200075302125,5,0.8029655918239662,1.346863000731947,0.3079986572265625,4.843482971191406,-0.6769561767578125,0.9779441174342061,1.1964489215501042
(17)Dbr39meWkAA4A9B.jpg,0,21,0,1,0,6,10,4,0,0,0,0.9794142614601019,0.003070525615435795,0.2676037038951817,0.9404777614486507,6,0.750716056299797,1.2592216784642292,8.295059204101562,3.760589599609375,13.375320434570312,0.9864741914269768,1.2068848939614623
(18)Dbr39meWkAA4A9B.jpg,0,21,0,1,0,6,10,4,0,0,0,0.5685483870967742,0.0017824351297405189,0.49774890076239037,1.7493097634250203,5,1.0,1.677360791603159,2.5872802734375,1.2422637939453125,-0.16243743896484375,0.9806909671843893,1.1998095076640527
(19)Dbr39meWkAA4A9B.jpg,0,21,0,1,0,6,10,4,0,0,0,0.5825551782682513,0.0018263473053892216,0.5668907910720283,1.9923049435149296,5,0.8395044811148031,1.4081519009971255,20.61614990234375,-9.866531372070312,17.855003356933594,0.9650641594853561,1.1806911583785813
(20)Dbr39meWkAA4A9B.jpg,0,21,0,1,0,6,10,4,0,0,0,0.7120118845500849,0.002232202262142382,0.5502071121800437,1.9336711176422965,6,0.7109248339639408,1.1924774422681002,13.444961547851562,9.633155822753906,-6.1157073974609375,0.9945674559849176,1.2167864593776676
(0)DCbOcFbVYAASTuk.jpg,0,3,1,0,1,0,1,0,0,0,0,0.28311384962345454,0.01790152379400261,1.0,1.315262599630717,3,1.0,1.2341241092463366,51.78187561035156,10.80389404296875,-0.31221771240234375,1.0,1.1414657625526172
(1)DCbOcFbVYAASTuk.jpg,1,3,1,0,1,0,1,0,0,0,0,1.0,0.06323083034550196,0.6798092247208204,0.8941276481592486,1,0.9588274946460568,1.1833121277509613,6.29058837890625,-12.291656494140625,-10.481712341308594,0.9582909025795981,1.093856255860257
(2)DCbOcFbVYAASTuk.jpg,1,3,1,0,1,0,1,0,0,0,0,0.7497885707381902,0.047409753911342896,0.9888525924058417,1.3006008313392812,5,0.9150891540327117,1.1293335871016041,7.6667327880859375,-10.845001220703125,-9.921165466308594,0.956203374093852,1.0914734135654245
(0)DcJxot_VMAAlGWv.jpg,0,4,0,0,0,1,1,2,0,0,0,0.023010168302945302,0.0015020370483398438,0.5024610508670769,1.8909197163317144,6,0.9170666427935382,1.566261975042728,16.221450805664062,-5.7321624755859375,-6.283416748046875,1.0,1.126982753939884
(1)DcJxot_VMAAlGWv.jpg,0,4,0,0,0,1,1,2,0,0,0,0.050724637681159424,0.0033111572265625,1.0,3.763316008412254,4,1.0,1.7079042045097534,54.411865234375,0.570281982421875,9.690513610839844,0.9958119107517691,1.1222628495851668
(2)DcJxot_VMAAlGWv.jpg,1,4,0,0,0,1,1,2,0,0,0,0.9008590462833099,0.05880546569824219,0.15072628068145325,0.5672306249769516,6,0.9231814830654391,1.5767055364530131,-3.507354736328125,6.083198547363281,-4.7393341064453125,0.9647397626672092,1.0872450745660016
(3)DcJxot_VMAAlGWv.jpg,1,4,0,0,0,1,1,2,0,0,0,1.0,0.065277099609375,0.20003831814539633,0.7528074049724335,5,0.6562228639003942,1.120765788350915,13.174324035644531,-7.357154846191406,18.534317016601562,0.9582397191614653,1.0799196376351692
(0)DCkuoukVwAAtfgU.jpg,0,5,1,1,0,1,0,2,0,0,0,0.10021544828174662,0.00597381591796875,0.30097669461251797,1.0814032806386344,6,0.36932721284583525,0.9242196579480486,69.77323913574219,-18.1080322265625,-25.842437744140625,0.9822769187335212,1.114765182312383
(1)DCkuoukVwAAtfgU.jpg,0,5,1,1,0,1,0,2,0,0,0,0.016531922609270677,0.0009854634602864583,0.32967085260526957,1.1845008198965272,1,0.6145458900766048,1.5378649949552006,9.119453430175781,5.166412353515625,-0.677886962890625,1.0,1.134878730276675
(2)DCkuoukVwAAtfgU.jpg,1,5,1,1,0,1,0,2,0,0,0,1.0,0.05960973103841146,0.059263286732046866,0.21293181113564555,2,0.5466188352808874,1.3678815299812246,4.1136016845703125,-7.8439178466796875,2.0588607788085938,0.9312182848034927,1.0568198246682108
(3)DCkuoukVwAAtfgU.jpg,0,5,1,1,0,1,0,2,0,0,0,0.06216002901085774,0.0037053426106770835,0.2386026406550467,0.8572945447008611,6,0.5046982959030897,1.2629778423644704,6.575019836425781,4.98095703125,6.4360198974609375,0.9879519057444588,1.1212056043656926
(4)DCkuoukVwAAtfgU.jpg,0,5,1,1,0,1,0,2,0,0,0,0.004436954713197807,0.0002644856770833333,1.0,3.5929801210384404,4,1.0,2.502441265636813,-0.7888412475585938,2.1297225952148438,-1.0244979858398438,0.927835381912881,1.052980640131064
(0)DCoD8kbUAAAz-VQ.jpg,1,6,1,1,0,0,3,1,0,0,0,0.6846184419713831,0.004928112030029297,0.34984447898455057,0.2916207610362843,2,0.6401018237752597,0.8202403135493046,-9.823814392089844,-1.0880279541015625,30.801986694335938,0.9894680386344984,1.1366193435725522
(1)DCoD8kbUAAAz-VQ.jpg,1,6,1,1,0,0,3,1,0,0,0,0.9187864334923158,0.006613731384277344,0.12233453587936842,0.10197471332894037,6,0.44286124173593405,0.5674919681338937,16.235069274902344,4.6298370361328125,-8.389572143554688,0.961286290110854,1.1042464732453037
(2)DCoD8kbUAAAz-VQ.jpg,1,6,1,1,0,0,3,1,0,0,0,0.9952636459989401,0.0071642398834228516,0.25674686213999826,0.21401714141171485,1,0.5844325336213043,0.7489044817879822,-3.24267578125,-1.7514266967773438,1.0221176147460938,0.9687070391832141,1.1127708182570764
(3)DCoD8kbUAAAz-VQ.jpg,1,6,1,1,0,0,3,1,0,0,0,0.920773714891362,0.0066280364990234375,0.280929540396733,0.23417515864724203,5,0.8797617494821848,1.127345722885039,13.021934509277344,0.806427001953125,-8.398101806640625,0.9574241981290975,1.0998100202405368
(4)DCoD8kbUAAAz-VQ.jpg,1,6,1,1,0,0,3,1,0,0,0,1.0,0.007198333740234375,0.2700901655113151,0.2251397530795505,5,0.5084598560765754,0.6515514505422099,-7.456001281738281,-4.480712890625,20.86896514892578,0.9681063435546688,1.1120807886206001
(5)DCoD8kbUAAAz-VQ.jpg,0,6,1,1,0,0,3,1,0,0,0,0.017223105458399578,0.0001239776611328125,1.0,0.8335725688246821,5,1.0,1.281421616191632,21.548095703125,15.0250244140625,-2.5052337646484375,1.0,1.148717592880643
(0)DCYH46eV0AAPQ7_.jpg,0,3,0,2,1,0,0,0,0,0,0,0.19934533551554828,0.00834155161078238,0.664195832398384,1.828543215522089,3,0.8508211190371883,1.1658156727220117,36.7576904296875,2.7887725830078125,7.60595703125,0.9766655013198494,1.7353056450978448
(1)DCYH46eV0AAPQ7_.jpg,1,3,0,2,1,0,0,0,0,0,0,1.0,0.041844729344729346,0.13840943902040115,0.3810437047927321,2,0.6518451427591992,0.8931739781875067,6.2588043212890625,-3.6911468505859375,-1.3989944458007812,0.8352128700203085,1.483977478723255
(2)DCYH46eV0AAPQ7_.jpg,0,3,0,2,1,0,0,0,0,0,0,0.057283142389525366,0.0023969975893052818,1.0,2.7530182008509363,2,1.0,1.3702241830119115,1.574981689453125,-6.351631164550781,5.12701416015625,1.0,1.7767655791596835
(0)DE4Yt4vU0AAlotG.jpg,1,4,1,1,2,0,0,0,0,0,0,1.0,0.031413810483870964,0.6008371309774295,0.24021368281992517,2,0.8093408851939945,1.3537615562326313,-18.112075805664062,6.0009002685546875,12.436912536621094,0.9187755863391639,0.9839258242566142
(1)DE4Yt4vU0AAlotG.jpg,0,4,1,1,2,0,0,0,0,0,0,0.05595667870036101,0.0017578125,0.5225546178016692,0.20891646462078048,3,0.5938166649075279,0.9932603024365918,-3.3743667602539062,-7.5426788330078125,-6.199714660644531,1.0,1.0709098488098054
(2)DE4Yt4vU0AAlotG.jpg,0,4,1,1,2,0,0,0,0,0,0,0.25480436130255624,0.008004375916422288,0.40358345123146644,0.16135199065972508,1,0.6211433233962427,1.0389688294603476,-75.5590591430664,2.764312744140625,-3.3827362060546875,0.8995268198410749,0.9633121306363706
(3)DE4Yt4vU0AAlotG.jpg,0,4,1,1,2,0,0,0,0,0,0,0.056558363417569195,0.0017767137096774193,1.0,0.399798332085686,3,1.0,1.67267165294404,-21.612686157226562,-2.98846435546875,11.790138244628906,0.9455290982240514,1.0125764236243906
(0)DfhO7nFWAAA2a1a.jpg,1,4,1,3,0,0,0,0,0,0,0,1.0,0.017193594985907276,0.414889583298916,0.5656319986452493,2,0.8692347245026537,1.2560039554184323,-28.229354858398438,-6.279815673828125,3.9486465454101562,0.9861133388460294,1.0589829886616242
(1)DfhO7nFWAAA2a1a.jpg,0,4,1,3,0,0,0,0,0,0,0,0.10712005108556832,0.0018417787732349588,0.5677930172047982,0.7740900520680909,1,0.8351962016445786,1.2068198649291753,-53.66896057128906,-17.851768493652344,7.9917755126953125,0.9936251073915143,1.0670498454731758
(2)DfhO7nFWAAA2a1a.jpg,1,4,1,3,0,0,0,0,0,0,0,0.9970580186097427,0.017143011749427114,0.3319048426878167,0.4524962956090619,2,1.0,1.4449537277023474,-17.915191650390625,-1.3131103515625,8.107650756835938,0.9632433645673399,1.0344230189723362
(3)DfhO7nFWAAA2a1a.jpg,0,4,1,3,0,0,0,0,0,0,0,0.08467889071337348,0.0014559345507816482,1.0,1.3633314053048367,2,0.7550984124163156,1.0910822658030797,-62.31430435180664,-11.650581359863281,8.48858642578125,1.0,1.073895815972704
(0)DhODKwDWAAAymO8.jpg,1,4,0,3,0,0,0,1,0,0,0,0.8074236263163382,0.00831043956043956,0.9336326643671247,2.3826968618617084,2,0.9550738458458063,1.6723588716687403,21.138931274414062,1.2825393676757812,13.650787353515625,0.9773435432454427,1.2703865199802462
(1)DhODKwDWAAAymO8.jpg,0,4,0,3,0,0,0,1,0,0,0,0.4744030862266708,0.0048828125,1.0,2.5520710155067796,2,1.0,1.751025723238931,12.039710998535156,-0.397857666015625,-3.65570068359375,0.9940167609929935,1.2920589720239228
(2)DhODKwDWAAAymO8.jpg,1,4,0,3,0,0,0,1,0,0,0,1.0,0.010292539491758242,0.38889300628386303,0.9924825694703429,2,0.7086312906659099,1.2408316182480121,-3.2125396728515625,-9.455596923828125,11.594711303710938,0.9883895142179867,1.2847444729442725
(3)DhODKwDWAAAymO8.jpg,0,4,0,3,0,0,0,1,0,0,0,0.3964828137490008,0.0040808150183150186,0.20120602057549128,0.5134920532561721,6,0.9921444037985135,1.7372703722187501,29.633758544921875,-6.3043060302734375,3.5207748413085938,1.0,1.2998362026946044
(0)DIVFuh0VAAAifTo.jpg,0,3,1,1,0,0,0,1,0,0,0,0.11907597046915933,0.004450480143229167,1.0,0.6487912585917416,1,0.8677147111009428,1.2290558678284738,48.09901428222656,6.719444274902344,6.945831298828125,1.0,1.147247248440238
(1)DIVFuh0VAAAifTo.jpg,1,3,1,1,0,0,0,1,0,0,0,0.7932500935596911,0.0296478271484375,0.3423207208763749,0.22209469133941553,6,1.0,1.416428524381092,7.73858642578125,-5.308349609375,-4.2254180908203125,0.9296668212200928,1.066557702610934
(2)DIVFuh0VAAAifTo.jpg,1,3,1,1,0,0,0,1,0,0,0,1.0,0.03737513224283854,0.44965247701903255,0.2917305964940723,2,0.6512410341537468,0.9224363770228079,-6.4527587890625,-7.1754608154296875,25.516342163085938,0.9352580334657555,1.0729722054752162
(0)DjgXs5mU0AA0GTU.jpg,1,13,0,0,0,3,8,2,0,0,0,0.6549400342661337,0.0018811151003611322,0.8339631803368457,3.289623479808246,5,0.7708724713349612,1.8289259796021151,6.884368896484375,-13.924812316894531,3.0102310180664062,0.9941499905500707,1.0749227728186204
(1)DjgXs5mU0AA0GTU.jpg,1,13,0,0,0,3,8,2,0,0,0,0.7881210736721873,0.002263636936255984,0.3999990452459301,1.577822956896502,6,0.7876644474285611,1.8687656190605826,-0.40936279296875,0.1309356689453125,-3.6500625610351562,0.9826552334735693,1.0624940887498182
(2)DjgXs5mU0AA0GTU.jpg,1,13,0,0,0,3,8,2,0,0,0,1.0,0.002872194402452339,0.37176861128761324,1.4664661241440715,4,0.7002109897596067,1.6612787691802156,-6.00506591796875,-0.08420562744140625,10.369415283203125,0.981202341767984,1.0609231523764158
(3)DjgXs5mU0AA0GTU.jpg,1,13,0,0,0,3,8,2,0,0,0,0.7136493432324386,0.002049739648945998,0.3558637546692365,1.4037283546496642,5,0.6472848784439693,1.53570943886433,-8.018569946289062,-4.327789306640625,-2.1406707763671875,1.0,1.0812480843296668
(4)DjgXs5mU0AA0GTU.jpg,1,13,0,0,0,3,8,2,0,0,0,0.8842946887492861,0.002539866255144033,0.47619205556013394,1.8783713763430758,4,0.8041765696456714,1.9079412939279705,-4.6484375,-4.155792236328125,6.4097137451171875,0.9864402549034931,1.0665866359200702
(5)DjgXs5mU0AA0GTU.jpg,1,13,0,0,0,3,8,2,0,0,0,0.9176470588235294,0.0026356607457797936,0.5474524935072885,2.159462934555147,6,0.6893756014303408,1.635571374051481,5.78125,-7.1599884033203125,-0.050628662109375,0.9858684106269225,1.0659683303914933
(6)DjgXs5mU0AA0GTU.jpg,1,13,0,0,0,3,8,2,0,0,0,0.8572244431753284,0.0024621152473335013,0.8747657630425302,3.4505719932081096,5,0.7143663528628321,1.6948629381483415,15.273582458496094,-5.395660400390625,-1.638824462890625,0.9780607103327438,1.0575262694053924
(7)DjgXs5mU0AA0GTU.jpg,1,13,0,0,0,3,8,2,0,0,0,0.7483723586521988,0.0021494708994708994,0.3432548595782143,1.3539917255947558,5,0.7454937617467581,1.7687139691585962,2.7043609619140625,2.80108642578125,-2.5916290283203125,0.9843572732297372,1.0643344159756278
(8)DjgXs5mU0AA0GTU.jpg,1,13,0,0,0,3,8,2,0,0,0,0.683038263849229,0.0019618186780885195,0.8361405105852868,3.298212104435146,5,0.9201026503544134,2.182980588500915,5.8822174072265625,-5.304817199707031,5.694610595703125,0.9796059443490038,1.0591970507253146
(9)DjgXs5mU0AA0GTU.jpg,1,13,0,0,0,3,8,2,0,0,0,0.8531125071387778,0.0024503049676660787,0.5515882736622008,2.1757767956772036,4,0.8127525679700872,1.9282881952894708,-1.919769287109375,-1.4762725830078125,-3.4843292236328125,0.9850707172713637,1.0651058259789128
(10)DjgXs5mU0AA0GTU.jpg,1,13,0,0,0,3,8,2,0,0,0,0.6956025128498001,0.001997905643738977,1.0,3.944566807469289,5,0.7171694841485908,1.701513479999812,-0.642333984375,-4.349090576171875,1.4385910034179688,0.9922769002448844,1.072897497514361
(11)DjgXs5mU0AA0GTU.jpg,1,13,0,0,0,3,8,2,0,0,0,0.8179326099371788,0.0023492614638447973,0.6553135851932979,2.5849282166371808,5,0.7375512252558818,1.7498699815053007,-14.966049194335938,-7.614776611328125,-10.645706176757812,0.9849115050091233,1.0649336780253635
(12)DjgXs5mU0AA0GTU.jpg,1,13,0,0,0,3,8,2,0,0,0,0.6964020559680183,0.0020002020870076424,0.5359164711785109,2.113958323786826,5,1.0,2.3725402678277847,-1.3318023681640625,2.634674072265625,-5.222747802734375,0.9906338744372349,1.071120979007336
(0)DkNOFTzVAAEwCv3.jpg,1,14,2,1,5,1,4,1,0,0,0,0.9016191842590695,0.011637566137566138,0.6788209389739006,1.3204577883618378,5,0.7507386531688726,1.3108766315494333,-2.1322174072265625,-4.872047424316406,-2.2435455322265625,0.9921353865828543,1.1640245996638807
(1)DkNOFTzVAAEwCv3.jpg,1,14,2,1,5,1,4,1,0,0,0,0.7455421192867391,0.009623015873015874,0.3421537468671594,0.6655651791632436,5,0.8493750085779681,1.483107131179646,-2.1079788208007812,3.7136764526367188,2.3377838134765625,0.9848516649364225,1.1554789603406503
(2)DkNOFTzVAAEwCv3.jpg,1,14,2,1,5,1,4,1,0,0,0,0.7205369952859192,0.00930026455026455,0.43833999811336377,0.85266884273521,5,0.8553399073603489,1.493522535249192,2.8792648315429688,0.9078521728515625,7.082313537597656,1.0,1.1732517712860269
(3)DkNOFTzVAAEwCv3.jpg,0,14,2,1,5,1,4,1,0,0,0,0.5164992826398852,0.006666666666666667,0.37307300837495905,0.7257100234429221,4,0.7199539593564381,1.2571229909745323,59.73994445800781,-10.146171569824219,-6.257377624511719,0.970966110023299,1.1391877084435387
(4)DkNOFTzVAAEwCv3.jpg,1,14,2,1,5,1,4,1,0,0,0,0.6717565074810412,0.00867063492063492,0.5142334983223046,1.0002985896732162,1,0.7914135175823965,1.3818996553754574,0.742401123046875,-1.94921875,-2.8314743041992188,0.9929583364264943,1.1649901270256109
(5)DkNOFTzVAAEwCv3.jpg,0,14,2,1,5,1,4,1,0,0,0,0.8070301291248206,0.010416666666666666,0.3938898487111991,0.7662034103920979,1,0.7844853269802632,1.3698022322297039,13.718765258789062,-6.43206787109375,3.80084228515625,0.9776922348438742,1.1470791463031695
(6)DkNOFTzVAAEwCv3.jpg,0,14,2,1,5,1,4,1,0,0,0,0.7496413199426112,0.009675925925925926,0.4135187335258035,0.8043859594888905,3,0.7412725640768559,1.2943477437260718,-7.0989837646484375,1.046051025390625,-5.128395080566406,0.9958977096517009,1.1684387518685553
(7)DkNOFTzVAAEwCv3.jpg,0,14,2,1,5,1,4,1,0,0,0,0.1558721049395368,0.002011904761904762,0.8942211690773698,1.7394591702063562,6,0.7839075971139969,1.3687934489762508,-17.698684692382812,-1.3298263549804688,-10.993415832519531,0.8905379490788382,1.0448252261541726
(8)DkNOFTzVAAEwCv3.jpg,0,14,2,1,5,1,4,1,0,0,0,0.046730887476942,0.0006031746031746032,1.0,1.9452225359427326,5,0.9314582238131062,1.6264339310453522,14.63323974609375,8.15960693359375,1.0092086791992188,0.9900335531200186,1.1615586198306607
(9)DkNOFTzVAAEwCv3.jpg,1,14,2,1,5,1,4,1,0,0,0,1.0,0.012907407407407407,0.25555485313400145,0.49711105948579487,3,0.8366215221985415,1.4608380669786665,0.06076812744140625,-4.9392547607421875,-3.843292236328125,0.9861354728485734,1.1569851902475723
(10)DkNOFTzVAAEwCv3.jpg,1,14,2,1,5,1,4,1,0,0,0,0.6165197786431645,0.007957671957671957,0.3669408139256267,0.713781540605298,2,1.0,1.7461158100974483,-6.63720703125,-0.41773223876953125,2.950286865234375,0.9228995585104567,1.0827935417414853
(11)DkNOFTzVAAEwCv3.jpg,0,14,2,1,5,1,4,1,0,0,0,0.29124820659971307,0.003759259259259259,0.41738246442913096,0.8119017759148615,3,0.9302305713022933,1.624290307586916,53.628753662109375,9.708038330078125,3.1365203857421875,0.9689185323277093,1.1367853842853424
(12)DkNOFTzVAAEwCv3.jpg,0,14,2,1,5,1,4,1,0,0,0,0.3802008608321377,0.004907407407407407,0.39951054850672985,0.777136922302133,3,0.9372695922597987,1.6365812533684234,9.42010498046875,17.744125366210938,-11.390533447265625,0.9707593440321064,1.1389451198781304
(0)Dl4JaogUUAESDOf.jpg,0,17,0,1,0,2,6,8,0,0,0,0.046271431522412726,0.000213623046875,0.3398154880599261,7.71622665152466,5,0.8680850155242497,0.9053196705329466,77.37799072265625,-1.5418624877929688,-10.792488098144531,0.9742944735614577,1.1459520407030668
(1)Dl4JaogUUAESDOf.jpg,0,17,0,1,0,2,6,8,0,0,0,0.06816773393926874,0.0003147125244140625,0.1600022775245422,3.6331888378254105,6,0.7395225624657945,0.7712428052900899,2.6437911987304688,3.6656494140625,3.675323486328125,0.9835719703693808,1.1568641075249104
(2)Dl4JaogUUAESDOf.jpg,0,17,0,1,0,2,6,8,0,0,0,0.27267093575707496,0.00125885009765625,0.02619275209594226,0.5947616247669274,6,0.7980463449827886,0.832276840619717,-5.499443054199219,3.7172393798828125,9.08905029296875,0.9940209488602905,1.1691540553280118
(3)Dl4JaogUUAESDOf.jpg,0,17,0,1,0,2,6,8,0,0,0,0.04592715003787096,0.0002120335896809896,0.1913975455517654,4.346084548572705,6,0.6669345922804618,0.6955413289627347,33.602569580078125,8.889747619628906,16.249237060546875,0.9768827844406918,1.1489963771070184
(4)Dl4JaogUUAESDOf.jpg,0,17,0,1,0,2,6,8,0,0,0,0.090890311919025,0.00041961669921875,0.09842326073779038,2.2349075139887957,6,0.5313651869196849,0.5541569631452401,-42.39344024658203,-5.641822814941406,2.76922607421875,1.0,1.1761865347692346
(5)Dl4JaogUUAESDOf.jpg,0,17,0,1,0,2,6,8,0,0,0,0.07849617847552158,0.000362396240234375,0.15820916501990767,3.5924724402991064,5,0.9967275617003486,1.03948006431688,-35.508148193359375,-0.8990478515625,12.611602783203125,0.9922917573668,1.1671202035773307
(6)Dl4JaogUUAESDOf.jpg,1,17,0,1,0,2,6,8,0,0,0,1.0,0.004616737365722656,0.04745725904016291,1.0776170594950554,5,0.7577379955752912,0.790239550547057,-6.3582305908203125,9.472984313964844,27.750640869140625,0.9922068697216894,1.167020359872183
(7)Dl4JaogUUAESDOf.jpg,0,17,0,1,0,2,6,8,0,0,0,0.032706741031467326,0.0001509984334309896,0.3087223752079975,7.0101920106768425,6,0.7492757256610276,0.7814143096158847,27.351425170898438,16.08185577392578,3.5190582275390625,0.9533671656690847,1.1213376229510876
(8)Dl4JaogUUAESDOf.jpg,0,17,0,1,0,2,6,8,0,0,0,0.0636232183433175,0.000293731689453125,0.2740159293513762,6.222109030623468,5,0.6482698784893196,0.6760760320876539,35.94874572753906,3.7519378662109375,0.908843994140625,0.97638098173947,1.1484061635267306
(9)Dl4JaogUUAESDOf.jpg,0,17,0,1,0,2,6,8,0,0,0,0.06940714728361909,0.0003204345703125,0.2125405511138984,4.826181038415729,5,0.728575226742499,0.7598259069529585,3.8314208984375,0.6761932373046875,2.089630126953125,0.9751786608015447,1.1469920098290718
(10)Dl4JaogUUAESDOf.jpg,0,17,0,1,0,2,6,8,0,0,0,0.03635612476761,0.0001678466796875,0.1392605353873944,3.1622038795133056,6,0.627734183600423,0.6546595023716636,-4.136016845703125,-1.12738037109375,-0.1947784423828125,0.9910436773049089,1.1656522286142204
(11)Dl4JaogUUAESDOf.jpg,1,17,0,1,0,2,6,8,0,0,0,0.4971424636783034,0.0022951761881510415,0.02173825948558812,0.4936129843819052,2,0.8954524654784095,0.9338609888747499,4.952301025390625,-3.832611083984375,-3.9209518432617188,0.9879122208308564,1.161969051675224
(12)Dl4JaogUUAESDOf.jpg,0,17,0,1,0,2,6,8,0,0,0,0.17420643117813123,0.0008042653401692709,0.03413449436729444,0.7750956163798728,4,0.9324770505369883,0.9724736645314181,48.31532287597656,-5.294677734375,0.9686431884765625,0.9841595702475344,1.1575552345894267
(13)Dl4JaogUUAESDOf.jpg,0,17,0,1,0,2,6,8,0,0,0,0.18122977346278318,0.0008366902669270834,0.0454287568479563,1.03155564314366,4,0.7275089234675128,0.7587138668735479,34.71820068359375,2.6136474609375,-7.310417175292969,0.9988972339220471,1.174889476157346
(14)Dl4JaogUUAESDOf.jpg,0,17,0,1,0,2,6,8,0,0,0,0.12352819665358397,0.0005702972412109375,0.03524855951061885,0.800392812807066,6,1.0,1.042892866876881,-39.560325622558594,-10.879463195800781,27.204574584960938,0.9777536056942062,1.150020625339593
(15)Dl4JaogUUAESDOf.jpg,0,17,0,1,0,2,6,8,0,0,0,0.028093369138607726,0.00012969970703125,0.11530235718624125,2.6181829633003457,5,0.3640458472283655,0.37966081729061324,3.226715087890625,-10.791473388671875,7.258872985839844,0.9942126110380485,1.1693794858007152
(16)Dl4JaogUUAESDOf.jpg,0,17,0,1,0,2,6,8,0,0,0,0.022309440198306135,0.000102996826171875,1.0,22.707107011449434,6,0.8216133593922264,0.8568547118409042,48.286224365234375,-8.545700073242188,23.211891174316406,0.8885796408867728,1.0451354086811042
(0)DNmjBfmVoAA79Av.jpg,0,18,6,2,0,2,3,4,0,1,0,0.030671859785783837,0.000720977783203125,0.320227960043145,0.49951828566578976,1,0.8970274941066542,0.864649487759581,32.0018310546875,10.593818664550781,1.9506988525390625,0.9562963740654818,1.1009689611593285
(1)DNmjBfmVoAA79Av.jpg,1,18,6,2,0,2,3,4,0,1,0,0.49269717624148,0.0115814208984375,0.23579021849067558,0.36780525254995006,6,0.7012417821393041,0.6759306171838185,13.396522521972656,-6.24658203125,-6.5781707763671875,0.931356430822523,1.0722559971157224
(2)DNmjBfmVoAA79Av.jpg,1,18,6,2,0,2,3,4,0,1,0,1.0,0.02350616455078125,0.10495014964552682,0.16370999841562361,4,0.8830299196867382,0.8511571526510452,-13.876541137695312,-5.305244445800781,-5.195831298828125,0.9025464662989422,1.0390875384947638
(3)DNmjBfmVoAA79Av.jpg,1,18,6,2,0,2,3,4,0,1,0,0.7527858920263983,0.017695109049479168,0.18247950346256234,0.28464675204027345,5,0.8360291135366378,0.8058528300645407,20.92437744140625,-12.864242553710938,7.446197509765625,0.9258850769340462,1.0659569135156013
(4)DNmjBfmVoAA79Av.jpg,1,18,6,2,0,2,3,4,0,1,0,0.7302823758519961,0.0171661376953125,0.23113344973803365,0.3605412361793986,6,0.7290787954325664,0.7027628597214304,-25.040435791015625,-2.3076019287109375,-13.118370056152344,0.9264351822109682,1.0665902410610004
(5)DNmjBfmVoAA79Av.jpg,0,18,6,2,0,2,3,4,0,1,0,0.03689278372822677,0.0008672078450520834,0.23127436819993824,0.3607610525517721,1,0.8775876508622346,0.8459113212999746,28.457015991210938,8.163528442382812,1.0975570678710938,0.9679888237768283,1.114430294445977
(6)DNmjBfmVoAA79Av.jpg,1,18,6,2,0,2,3,4,0,1,0,0.7686898193227307,0.018068949381510418,0.13764574595260487,0.21471131701982013,6,0.9115636554464664,0.8786609696138538,-6.542060852050781,-7.635040283203125,-2.48895263671875,0.9446323285985576,1.0875403292321355
(7)DNmjBfmVoAA79Av.jpg,1,18,6,2,0,2,3,4,0,1,0,0.6166828951639078,0.014495849609375,0.15630314651831217,0.24381468683270713,5,0.7430919761318773,0.716270237804204,4.533050537109375,-5.273963928222656,-5.5628509521484375,0.9287380478744253,1.0692414940469415
(8)DNmjBfmVoAA79Av.jpg,0,18,6,2,0,2,3,4,0,1,0,0.012874607811316672,0.0003026326497395833,0.2260862140940794,0.3526681369788178,1,0.8643317022106892,0.8331338431439225,4.134361267089844,11.113838195800781,0.1263580322265625,1.0,1.151284257702247
(9)DNmjBfmVoAA79Av.jpg,1,18,6,2,0,2,3,4,0,1,0,0.8153197013956508,0.0191650390625,0.05474584104251996,0.08539712978594044,4,0.7797220539576478,0.7515781611808316,32.843292236328125,-5.396598815917969,-7.32904052734375,0.9199085558914606,1.059076238923446
(10)DNmjBfmVoAA79Av.jpg,0,18,6,2,0,2,3,4,0,1,0,0.009087958455047063,0.000213623046875,0.798963258137958,1.2462895399928708,1,0.8695534186314484,0.8381670828808289,47.97711181640625,7.1996002197265625,-0.5115509033203125,0.9796694879411356,1.1278780592178508
(11)DNmjBfmVoAA79Av.jpg,0,18,6,2,0,2,3,4,0,1,0,0.014605647517039922,0.00034332275390625,0.20149519548085973,0.3143090147497782,1,0.9000044360784815,0.8675189776781634,-1.9966278076171875,11.937538146972656,-0.38056182861328125,0.9818090108425945,1.130341258253294
(12)DNmjBfmVoAA79Av.jpg,0,18,6,2,0,2,3,4,0,1,0,0.012658227848101266,0.00029754638671875,1.0,1.5598834205435672,2,0.8863733497124967,0.8543799023193942,9.690689086914062,4.6915435791015625,-1.098358154296875,0.9974151116268333,1.1483083164103025
(13)DNmjBfmVoAA79Av.jpg,0,18,6,2,0,2,3,4,0,1,0,0.008925673482635508,0.000209808349609375,0.5434240621845464,0.8476781849261104,8,1.0,0.9639052241321562,-0.9893798828125,8.282241821289062,-0.1961822509765625,0.9893478761827819,1.1390206352403887
(14)DNmjBfmVoAA79Av.jpg,0,18,6,2,0,2,3,4,0,1,0,0.01103537812398572,0.0002593994140625,0.31016020241424436,0.48381375745841665,1,0.8438065213638895,0.8133495140994349,1.508148193359375,8.603713989257812,-0.35153961181640625,0.9795975697958559,1.1277952609893471
(15)DNmjBfmVoAA79Av.jpg,1,18,6,2,0,2,3,4,0,1,0,0.36952288218111,0.008686065673828125,0.19587982622973762,0.30554969335472265,6,0.8916334711187824,0.8594501608224824,23.74041748046875,2.0851898193359375,25.000328063964844,0.9374227845542168,1.0792400946686749
(16)DNmjBfmVoAA79Av.jpg,1,18,6,2,0,2,3,4,0,1,0,0.3905658336038083,0.009180704752604166,0.24999983285027982,0.38997059440181453,5,0.6915811767454119,0.6666187091763666,-1.84228515625,1.3878173828125,28.391098022460938,0.9207385473066736,1.060031794973809
(0)Do8Zbe0UwAA96Kf.jpg,1,4,0,2,0,0,0,2,0,0,0,1.0,0.09849296841514733,0.9740063123055933,0.7728868657478822,6,1.0,1.1663200464394294,20.653907775878906,-2.6992950439453125,21.142898559570312,0.8222425877831324,0.9755760159434975
(1)Do8Zbe0UwAA96Kf.jpg,1,4,0,2,0,0,0,2,0,0,0,0.5588829215896886,0.05504603794389845,0.8105264415098583,0.6431634303287678,2,0.7539037462974939,0.879293052392553,0.7415542602539062,-9.515457153320312,47.36163330078125,0.9209211504191264,1.0926563526054618
(2)Do8Zbe0UwAA96Kf.jpg,0,4,0,2,0,0,0,2,0,0,0,0.06870032223415683,0.006766498667919252,0.9891372244543973,0.7848934442667764,6,0.4556832055872542,0.5314724575021944,-0.27861785888671875,-4.697601318359375,13.817985534667969,1.0,1.1864819828583326
(3)Do8Zbe0UwAA96Kf.jpg,0,4,0,2,0,0,0,2,0,0,0,0.014963940463403406,0.0014738429154281369,1.0,0.7935132000514078,2,0.7547058108719781,0.8802285163843128,40.553924560546875,6.781471252441406,30.986480712890625,0.9995152910461234,1.185906884417628
(0)DOqolTGX0AEc2ks.jpg,1,6,1,3,1,0,0,1,0,0,0,0.9735032701660238,0.021258557897069028,0.473118090918469,0.9448653081942575,1,0.9218488180632165,1.0328106854161363,-20.70671844482422,-6.9097747802734375,17.884429931640625,0.9635407147325719,1.0896023565297028
(1)DOqolTGX0AEc2ks.jpg,0,6,1,3,1,0,0,1,0,0,0,0.5168539325842697,0.011286627982561024,0.025201520041018107,0.05033001793335311,3,0.6387067560209634,0.7155871435100015,-30.674888610839844,-1.98675537109375,6.6502685546875,0.9685249441863552,1.0952386810516348
(2)DOqolTGX0AEc2ks.jpg,1,6,1,3,1,0,0,1,0,0,0,0.8594667113868858,0.01876832200214966,1.0,1.9971024704635174,2,1.0,1.1203688339982343,-4.469291687011719,-4.125335693359375,-4.4243011474609375,0.9851162501706201,1.1140006553221025
(3)DOqolTGX0AEc2ks.jpg,1,6,1,3,1,0,0,1,0,0,0,1.0,0.021837171531476764,0.8921006094943477,1.7816163311231714,2,0.8939932170893937,1.0016021382327744,14.32421875,-4.625640869140625,-8.1246337890625,0.9781420825433721,1.1061140456902596
(4)DOqolTGX0AEc2ks.jpg,1,6,1,3,1,0,0,1,0,0,0,0.9131309743417743,0.019940197717405832,0.6160131543704035,1.2302413924311568,2,0.7302893054455409,0.8181933776234012,-7.060760498046875,-4.411102294921875,1.72186279296875,1.0,1.1308316710125934
(5)DOqolTGX0AEc2ks.jpg,0,6,1,3,1,0,0,1,0,0,0,0.11252725138353178,0.0024572768904277897,0.014201538731614973,0.028361928085291588,6,0.4739990815344866,0.5310537982950267,6.741554260253906,6.761192321777344,-0.0445098876953125,0.974036792108829,1.1014716532481732
(0)DorLj2nW0AA-L3n.jpg,1,3,0,0,0,1,0,2,0,0,0,1.0,0.014432565626841646,0.9489278899668245,2.956249462455147,6,1.0,1.6193900215402681,-31.187034606933594,4.5155487060546875,-7.7361297607421875,1.0,1.2532189118982997
(1)DorLj2nW0AA-L3n.jpg,0,3,0,0,0,1,0,2,0,0,0,0.20398282634511739,0.0029439955279745495,0.2733017532430677,0.851432621651699,6,0.6068573471436746,0.9827387324628651,49.06568908691406,-4.0316162109375,-7.531242370605469,0.9760188754289183,1.223165313057231
(2)DorLj2nW0AA-L3n.jpg,1,3,0,0,0,1,0,2,0,0,0,0.6390791997807619,0.009223552491585288,1.0,3.115357335064207,4,0.817156899166437,1.3232957285429152,-61.78932189941406,-40.84973907470703,35.02923583984375,0.9490620123800527,1.1893824624789402
(0)DvQB8_vUwAADTTg.jpg,1,5,0,1,2,0,1,1,0,0,0,1.0,0.028050101582129398,0.15375562161239154,0.16313990772483541,6,1.0,1.5596437239751286,5.4731292724609375,-13.222602844238281,-12.126693725585938,0.8780939623246301,0.9939599569670163
(1)DvQB8_vUwAADTTg.jpg,0,5,0,1,2,0,1,1,0,0,0,0.04041331802525833,0.001133597675879397,1.0,1.061033775637167,2,0.739415376633078,1.153224551576486,40.10791015625,-39.74277877807617,-36.280296325683594,1.0,1.1319517040473066
(2)DvQB8_vUwAADTTg.jpg,1,5,0,1,2,0,1,1,0,0,0,0.727363184079602,0.02040261120053392,0.3130184473126703,0.33212314499624623,5,0.8358331808893399,1.3036019748642274,-7.478858947753906,-8.809814453125,9.924835205078125,0.9359178929383924,1.059413853759978
(3)DvQB8_vUwAADTTg.jpg,0,5,0,1,2,0,1,1,0,0,0,0.020622163905745994,0.0005784537923994975,0.14821981246904015,0.1572662272482585,3,0.20143031351056756,0.31415952428509925,18.38642120361328,-21.697586059570312,11.006439208984375,0.9747926167653324,1.103418163640251
(4)DvQB8_vUwAADTTg.jpg,0,5,0,1,2,0,1,1,0,0,0,0.02663605051664753,0.0007471439227386934,0.43486313524474124,0.4614044742741438,3,0.6174537309613156,0.9630078363388435,78.65444946289062,-28.87932586669922,-28.65679168701172,0.984020772860784,1.113863990657712
(0)DYAep9YU8AA2qBa.jpg,0,6,0,0,0,3,2,1,0,0,0,0.5034122842232035,0.0015987067558746737,0.6884824824161189,1.2806491755158655,4,0.569499314199882,0.9473393609083551,-42.88664245605469,-33.555015563964844,18.650390625,0.9980105753524954,1.306166046847412
(1)DYAep9YU8AA2qBa.jpg,0,6,0,0,0,3,2,1,0,0,0,0.5010036130068246,0.0015910574412532636,0.7899975602817764,1.4694778009223548,4,0.9489555454311,1.5785496444401583,-29.93584442138672,-9.052780151367188,-2.421905517578125,0.9971716936290178,1.3050681438275566
(2)DYAep9YU8AA2qBa.jpg,1,6,0,0,0,3,2,1,0,0,0,1.0,0.0031757404536553527,0.8610971984869704,1.6017305384610352,5,0.7557916009875351,1.2572291386608,37.01759338378906,-41.34593963623047,-27.676467895507812,0.983691924550098,1.2874262298788892
(3)DYAep9YU8AA2qBa.jpg,1,6,0,0,0,3,2,1,0,0,0,0.9795262946607788,0.003110721279373368,0.5971669998670623,1.1107928604678927,6,0.7750281881010398,1.2892284329317136,67.25941467285156,-31.56159210205078,-24.978866577148438,0.9674723733656948,1.266198572000927
(4)DYAep9YU8AA2qBa.jpg,1,6,0,0,0,3,2,1,0,0,0,0.6936973103171417,0.0022030026109660576,0.6045936823310784,1.1246072639091873,4,1.0,1.663460055679469,43.803680419921875,1.4126815795898438,-3.031341552734375,1.0,1.3087697456372913
(5)DYAep9YU8AA2qBa.jpg,1,6,0,0,0,3,2,1,0,0,0,0.7671617824167001,0.0024363067069190602,1.0,1.8601042266487777,5,0.8212798171909786,1.3661661704329295,41.9769287109375,0.21613311767578125,3.485595703125,0.9901881833906718,1.2959283369092611
(0)E0jyHRWXEAIXGND.jpg,1,3,0,2,0,1,0,0,0,0,0,1.0,0.06767797500316923,0.6952713505083685,0.30210132749738666,2,0.9161594229790905,1.2761698526978127,13.121292114257812,-11.155624389648438,-9.836265563964844,0.976194987617721,1.007694763175258
(1)E0jyHRWXEAIXGND.jpg,1,3,0,2,0,1,0,0,0,0,0,0.7698541638792791,0.052102170859107594,0.6147283282331115,0.2671046978617551,4,1.0,1.3929560955101794,1.1522598266601562,-9.920745849609375,8.392913818359375,0.9783559458900559,1.009925451062507
(2)E0jyHRWXEAIXGND.jpg,0,3,0,2,0,1,0,0,0,0,0,0.01926642328790688,0.0013039125136794392,1.0,0.4345085228616082,2,0.6584707117521665,0.9172207916501066,19.869430541992188,-21.229087829589844,-3.3646087646484375,1.0,1.0322679136413186
(0)E3vDTUjXoAEVPeC.jpg,1,5,0,2,0,2,0,1,0,0,0,1.0,0.0072414270150621685,0.8211611912304344,1.2859018199682932,2,0.9507748156296189,1.3234263019039119,-6.150260925292969,26.08220672607422,-15.525711059570312,0.9755615532651679,1.2756009442709095
(1)E3vDTUjXoAEVPeC.jpg,0,5,0,2,0,2,0,1,0,0,0,0.947820895522388,0.006863575838276238,0.09521761566943521,0.14910654155355588,4,1.0,1.3919450538112086,-41.740596771240234,2.3169708251953125,24.302764892578125,0.9600395921983595,1.255305117598069
(2)E3vDTUjXoAEVPeC.jpg,1,5,0,2,0,2,0,1,0,0,0,0.7371940298507462,0.005338336763103741,0.5704763782137501,0.8933405777430672,2,0.932066599796316,1.2973854934091134,81.44454956054688,-10.481925964355469,-33.05748748779297,1.0,1.3075555714567892
(3)E3vDTUjXoAEVPeC.jpg,0,5,0,2,0,2,0,1,0,0,0,0.19438805970149253,0.0014076469469279057,0.8951453009333996,1.4017576377197676,4,0.7879769673849613,1.096820642268653,-55.9620361328125,5.4501953125,-26.841819763183594,0.9927250857131652,1.2980432167491678
(4)E3vDTUjXoAEVPeC.jpg,0,5,0,2,0,2,0,1,0,0,0,0.6189850746268657,0.004482335241323257,1.0,1.5659554222740213,6,0.6019265573974711,0.8378486943270186,-4.691436767578125,7.376495361328125,0.07587432861328125,0.9493846842244745,1.2413732333134562
(0)E4IrwnxWYAApfpU.jpg,0,20,3,10,4,0,2,1,0,0,0,0.029045806021117088,0.00146484375,0.35891872011357867,1.0611834181749296,1,0.8200661707972012,1.1720116773484446,-17.546836853027344,14.963768005371094,6.01513671875,0.9818485965530647,1.156337394900489
(1)E4IrwnxWYAApfpU.jpg,0,20,3,10,4,0,2,1,0,0,0,0.022883385013934138,0.0011540593327702704,0.2970842724859827,0.8783629442981518,2,0.8400052056587184,1.2005078920746763,-22.45282745361328,10.504714965820312,-6.774696350097656,0.9697107183397856,1.142042438914366
(2)E4IrwnxWYAApfpU.jpg,1,20,3,10,4,0,2,1,0,0,0,0.5059988748021091,0.025518633868243244,0.18425296452537132,0.5447645378932142,5,0.6376780741404191,0.91134859099859,-21.491844177246094,-8.894012451171875,2.1308670043945312,0.8869114754047659,1.0445285643604507
(3)E4IrwnxWYAApfpU.jpg,0,20,3,10,4,0,2,1,0,0,0,0.041449150213918436,0.0020903716216216215,0.33261159029990267,0.9834034407772219,2,0.8584772414101477,1.2269075197828008,-26.524864196777344,14.496414184570312,-21.517044067382812,0.9623734498780535,1.1334012309638626
(4)E4IrwnxWYAApfpU.jpg,1,20,3,10,4,0,2,1,0,0,0,0.3643286101189308,0.018373891469594596,0.1594840599251332,0.47153249571995604,6,0.7506649911468241,1.0728257873940665,-1.108734130859375,-1.4246826171875,1.7226104736328125,0.9162378624165626,1.0790666775462465
(5)E4IrwnxWYAApfpU.jpg,0,20,3,10,4,0,2,1,0,0,0,0.010146406562782118,0.0005117055532094595,0.33700692623569395,0.9963987440338871,2,0.6165441453830337,0.8811446731027606,18.72846221923828,8.734062194824219,-2.8495635986328125,0.972119691567597,1.144879521776644
(6)E4IrwnxWYAApfpU.jpg,0,20,3,10,4,0,2,1,0,0,0,0.005397024767437296,0.00027218380489864866,1.0,2.9566120648126724,2,1.0,1.4291672051404225,-1.7278289794921875,11.70574951171875,-0.2460784912109375,0.9978004426810022,1.1751241164583637
(7)E4IrwnxWYAApfpU.jpg,0,20,3,10,4,0,2,1,0,0,0,0.020868495767424212,0.001052444045608108,0.24605038006657257,0.7274755222565719,3,0.7116669162777381,1.017091017727558,-11.475860595703125,0.6050262451171875,3.8272552490234375,0.9625399243284535,1.1335972903491578
(8)E4IrwnxWYAApfpU.jpg,0,20,3,10,4,0,2,1,0,0,0,0.04059216809933142,0.0020471521326013513,0.3685192069294418,1.0895683333227852,2,0.9340053676224319,1.3348498408311038,-18.071151733398438,1.487457275390625,-0.6691131591796875,0.9307844000812928,1.096198346855657
(9)E4IrwnxWYAApfpU.jpg,0,20,3,10,4,0,2,1,0,0,0,0.011814577854535463,0.0005958350929054054,0.6501191811907068,1.9221502146745795,2,0.8395848018707962,1.1999070647680612,-2.3216094970703125,9.4117431640625,0.8870391845703125,0.9854528598530354,1.1605821882927239
(10)E4IrwnxWYAApfpU.jpg,0,20,3,10,4,0,2,1,0,0,0,0.02786827334458531,0.0014054581925675676,0.32721032654237064,0.9674339991864671,2,0.9086156609193189,1.2985637046628808,33.429901123046875,-1.57049560546875,-9.721847534179688,0.9637611009197463,1.135035487809791
(11)E4IrwnxWYAApfpU.jpg,0,20,3,10,4,0,2,1,0,0,0,0.0187227695568552,0.0009442303631756756,0.3676001968941191,1.0868511771646663,3,0.7669181323553744,1.096054243789843,-13.047798156738281,9.333686828613281,-3.2359085083007812,1.0,1.1777145671542382
(12)E4IrwnxWYAApfpU.jpg,0,20,3,10,4,0,2,1,0,0,0,0.01660321073909801,0.0008373363597972973,0.34438379985329987,1.018209297572299,2,0.9861965025916993,1.4094396993282383,5.87664794921875,2.676361083984375,-1.900634765625,0.9611353134262293,1.1319430596284248
(13)E4IrwnxWYAApfpU.jpg,0,20,3,10,4,0,2,1,0,0,0,0.021431094712878282,0.0010808171452702702,0.3872457698454007,1.1449355151725829,3,0.6801028049017319,0.9719806248895703,-59.14836120605469,12.705551147460938,-15.756240844726562,0.965900135450838,1.1375546599367037
(14)E4IrwnxWYAApfpU.jpg,0,20,3,10,4,0,2,1,0,0,0,0.021038583820701024,0.0010610219594594595,0.33632257284978145,0.9943753765565027,1,0.6804612107639335,0.9724928467939589,-8.476844787597656,-3.741912841796875,9.996894836425781,0.9762403871185564,1.1497325249538166
(15)E4IrwnxWYAApfpU.jpg,0,20,3,10,4,0,2,1,0,0,0,0.01942928916277427,0.000979861697635135,0.4577460485951615,1.3533774898967823,2,0.8267657875530903,1.1815865499029703,31.412429809570312,5.2810821533203125,-0.9477996826171875,0.9367493176620051,1.1032233171823362
(16)E4IrwnxWYAApfpU.jpg,0,20,3,10,4,0,2,1,0,0,0,0.014679907367429447,0.0007403399493243244,0.9001792923777797,2.661480956338677,1,0.7155653339558337,1.0226625084250318,20.091064453125,-1.66766357421875,-0.20050048828125,0.9813225739669201,1.1557178904381342
(17)E4IrwnxWYAApfpU.jpg,0,20,3,10,4,0,2,1,0,0,0,0.03189805183760516,0.0016086887668918918,0.16774497050308687,0.4959568036010724,3,0.6420605557540282,0.9176118899978909,7.8075408935546875,16.14837646484375,0.4449615478515625,0.8968205246277906,1.0561985959770552
(0)E4XVcPlWEAAg67D.jpg,1,2,1,1,0,0,0,0,0,0,0,1.0,0.030271530151367188,1.0,1.2515439979963254,2,0.8379798515519714,1.0175147706575252,14.188095092773438,-5.25164794921875,9.751716613769531,0.9682918300967838,1.1237685702674398
(1)E4XVcPlWEAAg67D.jpg,0,2,1,1,0,0,0,0,0,0,0,0.08846323483082351,0.00267791748046875,0.5824580634733372,0.7289718934246178,1,1.0,1.2142472981576442,-36.71696472167969,-26.425941467285156,21.203231811523438,1.0,1.1605680594817325
(0)E617WhZWQAAhEHx.jpg,1,12,0,2,3,6,1,0,0,0,0,0.5597764838467317,0.0019554214432686654,0.23006930468129136,0.7200103534341906,4,0.6839962444443359,0.6044969385404946,-5.810272216796875,-4.232505798339844,3.2353515625,0.9859076633056156,1.3523432527138766
(1)E617WhZWQAAhEHx.jpg,0,12,0,2,3,6,1,0,0,0,0,0.036415289256198344,0.00012720655391786344,1.0,3.1295367908013674,5,0.7511520212013303,0.6638473542549711,37.157012939453125,-17.796554565429688,-5.953125,1.0,1.371673335188056
(2)E617WhZWQAAhEHx.jpg,1,12,0,2,3,6,1,0,0,0,0,0.5454545454545454,0.0019053917863441673,0.3794586659811091,1.1875298557762881,4,0.7237747957803908,0.6396521206011148,-22.488853454589844,-4.494659423828125,-3.23370361328125,0.9739639278268901,1.3359603492351693
(3)E617WhZWQAAhEHx.jpg,1,12,0,2,3,6,1,0,0,0,0,0.32231404958677684,0.0011259133282942807,0.5381499723808645,1.6841601375346553,4,0.7049338572470225,0.6230010208982163,-9.941925048828125,-3.2988128662109375,-2.6274261474609375,0.9898634149947951,1.3577692518265492
(4)E617WhZWQAAhEHx.jpg,1,12,0,2,3,6,1,0,0,0,0,0.40592129977460556,0.0014179717025699168,0.34005140083898483,1.064203369689146,2,0.7380403445318813,0.6522596175236771,15.200798034667969,2.3231048583984375,-4.283638000488281,0.9500734255884861,1.3031903843504997
(5)E617WhZWQAAhEHx.jpg,1,12,0,2,3,6,1,0,0,0,0,0.6072032306536439,0.002121093421936676,0.06926720663359004,0.21677427155586057,2,0.7533254602655685,0.6657681795096531,21.993301391601562,5.743995666503906,-9.833450317382812,0.8517458419027067,1.1683170596952441
(6)E617WhZWQAAhEHx.jpg,0,12,0,2,3,6,1,0,0,0,0,0.06353305785123967,0.00022193483875031494,0.6060899258190624,1.8967807213848273,3,1.0,0.883772306427757,27.680938720703125,1.505218505859375,2.3648223876953125,0.9372764409950967,1.2856371018129351
(7)E617WhZWQAAhEHx.jpg,1,12,0,2,3,6,1,0,0,0,0,1.0,0.0034932182749643067,0.1946170089576994,0.6090610896488395,4,0.8330559615143306,0.7362317884909126,-28.752235412597656,7.6453094482421875,-6.650581359863281,0.9479775086053732,1.3003154709119962
(8)E617WhZWQAAhEHx.jpg,0,12,0,2,3,6,1,0,0,0,0,0.05451728024042073,0.00019044075963718822,0.3827147356479544,1.197719845592093,3,0.7858566454265462,0.6945183400501987,35.809173583984375,-4.0895843505859375,-13.779518127441406,0.9709053687833149,1.3317650053509988
(9)E617WhZWQAAhEHx.jpg,1,12,0,2,3,6,1,0,0,0,0,0.15887960180315552,0.0005550011285378348,0.24273018277229466,0.7596330372238365,4,0.6719667478979985,0.5938656026325732,-16.261764526367188,0.16252899169921875,12.822113037109375,0.9853403264799707,1.3515650519180693
(10)E617WhZWQAAhEHx.jpg,0,12,0,2,3,6,1,0,0,0,0,0.10077009767092411,0.00035201194675401026,0.5677432983620644,1.776773539954998,3,0.8510181208969683,0.7521062475169293,-3.2256317138671875,9.244125366210938,8.937698364257812,0.959498629842252,1.3161186857040916
(11)E617WhZWQAAhEHx.jpg,1,12,0,2,3,6,1,0,0,0,0,0.40951352366641625,0.0014305201247165533,0.8587363890952805,2.6874471232735986,4,0.8452568634425444,0.747014607728509,-4.536293029785156,2.14996337890625,2.8204345703125,0.9832513866784458,1.3486997088935044
(0)E61bSHWXMAojcl-.jpg,1,6,0,0,0,2,4,0,0,0,0,0.6161745827984596,0.000944822373393802,0.704864322272183,0.9744606891898492,5,0.790715629666006,0.6229743242560654,2.0297012329101562,-4.206451416015625,-3.9533615112304688,0.9709332423755773,1.3544402011546846
(1)E61bSHWXMAojcl-.jpg,1,6,0,0,0,2,4,0,0,0,0,0.5006418485237484,0.0007676681783824641,0.5477178652596331,0.75720888630308,5,0.9622824380490235,0.7581451903768305,12.3775634765625,2.9580841064453125,-4.06488037109375,1.0,1.394987978618162
(2)E61bSHWXMAojcl-.jpg,1,6,0,0,0,2,4,0,0,0,0,0.4231921266581087,0.0006489092550600487,0.6460245535553608,0.8931158973429083,5,0.7502873037288065,0.5911224067188223,10.928947448730469,2.70220947265625,-6.829833984375,0.9873124821967292,1.3772890438040952
(3)E61bSHWXMAojcl-.jpg,1,6,0,0,0,2,4,0,0,0,0,1.0,0.0015333679768203578,0.48404724744661143,0.6691855431507193,4,1.0,0.7878614016004798,-17.788665771484375,-10.159591674804688,6.970069885253906,0.9904144002898274,1.3816161822546256
(4)E61bSHWXMAojcl-.jpg,1,6,0,0,0,2,4,0,0,0,0,0.517757809157039,0.0007939132443100697,0.9022692682125074,1.2473690399067585,4,0.755385002489075,0.5951386868090246,0.4297332763671875,2.5967330932617188,1.505157470703125,0.9330963497654258,1.3016581908152567
(5)E61bSHWXMAojcl-.jpg,1,6,0,0,0,2,4,0,0,0,0,0.5271715875053488,0.0008083480305702528,1.0,1.382479802706714,5,0.6860974262163396,0.5405496798532871,-4.3756561279296875,0.171142578125,1.77117919921875,0.9545083352353859,1.331527653144198
(0)E61ffTwXoAYe07u.jpg,0,7,0,0,0,3,4,0,0,0,0,0.029988265461341215,0.0002193450927734375,0.9238039082692886,1.7796838532255834,5,0.4279067834772529,0.4828196900965611,-1.5532073974609375,1.330780029296875,-1.946624755859375,0.9739784612454453,1.2230825473603901
(1)E61ffTwXoAYe07u.jpg,0,7,0,0,0,3,4,0,0,0,0,0.03694206614802903,0.0002702077229817708,0.3510681691554029,0.6763235643783531,5,0.4059648366955134,0.4580619523033302,23.268508911132812,3.7635955810546875,0.15772247314453125,1.0,1.255759337630948
(2)E61ffTwXoAYe07u.jpg,0,7,0,0,0,3,4,0,0,0,0,0.013212221304706853,9.663899739583333e-05,0.821342668076949,1.582294977600021,4,0.970976237106388,1.0955807759840122,15.410499572753906,10.067642211914062,0.19086456298828125,0.9971939804089703,1.252235652327937
(3)E61ffTwXoAYe07u.jpg,0,7,0,0,0,3,4,0,0,0,0,0.19322873658133774,0.0014133453369140625,0.27155750872993867,0.5231483750856349,5,0.4270066003412896,0.48180398723902734,25.78520965576172,15.265609741210938,6.150970458984375,0.9665794218642902,1.2137911345680055
(4)E61ffTwXoAYe07u.jpg,1,7,0,0,0,3,4,0,0,0,0,1.0,0.007314364115397136,0.19683913884832036,0.3792054070733253,5,0.5630047770509131,0.6352546920842529,-6.524940490722656,1.125518798828125,-14.156730651855469,0.8696924733563518,1.092124444284593
(5)E61ffTwXoAYe07u.jpg,0,7,0,0,0,3,4,0,0,0,0,0.014602981442044418,0.0001068115234375,0.8933132508929273,1.7209444063351662,4,0.9823615164677877,1.1084271183772403,43.157806396484375,10.869476318359375,-0.5410308837890625,0.9697515766948521,1.2177745976168948
(6)E61ffTwXoAYe07u.jpg,0,7,0,0,0,3,4,0,0,0,0,0.012386457473162676,9.059906005859375e-05,1.0,1.926473613388098,4,1.0,1.128329133212321,16.667930603027344,1.0268783569335938,-2.0091552734375,0.9878917107857167,1.2405542403873755
(0)E61GPbrX0AcVfuy.jpg,0,5,0,0,0,0,2,3,0,0,0,0.2019774011299435,0.0008275462962962963,0.8472794287304464,2.2226752971010115,6,0.7892699901061762,0.7815133955485487,26.031326293945312,1.48468017578125,-3.3187637329101562,0.9879204849286992,1.3038733094940198
(1)E61GPbrX0AcVfuy.jpg,0,5,0,0,0,0,2,3,0,0,0,0.16101694915254236,0.0006597222222222222,0.8354503737214461,2.191644036970042,6,0.8209918038640645,0.81292346142417,-1.6572418212890625,3.7283477783203125,0.822845458984375,0.9974427959100224,1.316441008334828
(2)E61GPbrX0AcVfuy.jpg,0,5,0,0,0,0,2,3,0,0,0,0.11864406779661017,0.0004861111111111111,1.0,2.6233084644005134,6,0.658912421995578,0.6524369236610772,62.526611328125,5.520698547363281,0.798370361328125,0.9875382247589114,1.303368796387679
(3)E61GPbrX0AcVfuy.jpg,1,5,0,0,0,0,2,3,0,0,0,1.0,0.004097222222222223,0.29911940675734955,0.7846824716130152,5,0.7076072474571694,0.7006531980274862,6.5947113037109375,-1.6254730224609375,-1.0669784545898438,0.9936934167029767,1.311492517489847
(4)E61GPbrX0AcVfuy.jpg,1,5,0,0,0,0,2,3,0,0,0,0.9375,0.003841145833333333,0.4270969231804955,1.1204069736988096,5,1.0,0.99017244459455,-16.974822998046875,-13.191268920898438,-2.9145050048828125,1.0,1.3198160473290759
(0)E61hkGwWYAQjxbZ.jpg,1,48,21,16,8,1,1,1,0,0,0,0.9936317529063141,0.0443426767985026,0.5038415342209649,1.5998050485253903,5,0.7894678897909422,1.297021248425185,1.6154022216796875,2.713531494140625,4.359375,0.8861879398544541,1.0641203591680766
(1)E61hkGwWYAQjxbZ.jpg,1,48,21,16,8,1,1,1,0,0,0,0.7560263277866424,0.03373908996582031,0.0902752639826662,0.28664334570935474,4,0.7353583041622113,1.2081243050390131,2.9206695556640625,-4.4530487060546875,26.483749389648438,0.880564368348419,1.0573676641000391
(2)E61hkGwWYAQjxbZ.jpg,0,48,21,16,8,1,1,1,0,0,0,0.0032767266925005697,0.00014623006184895834,0.2399214265992517,0.761802041819294,2,0.9136501887437846,1.5010410477140161,18.780418395996094,13.286087036132812,2.65277099609375,0.9904387157660134,1.1893030299283884
(3)E61hkGwWYAQjxbZ.jpg,0,48,21,16,8,1,1,1,0,0,0,0.023613802142694325,0.0010538101196289062,0.12379350851265955,0.39307096863191265,2,0.7648484968403364,1.2565739089029648,12.969749450683594,-35.55950927734375,5.812286376953125,0.9561662044687456,1.1481491444024463
(4)E61hkGwWYAQjxbZ.jpg,0,48,21,16,8,1,1,1,0,0,0,0.026926145429678597,0.001201629638671875,0.2259794613029482,0.7175333085917346,2,0.7285996648453734,1.197020498389319,13.729934692382812,-3.0920791625976562,20.495010375976562,0.9593587692972038,1.151982725383569
(5)E61hkGwWYAQjxbZ.jpg,0,48,21,16,8,1,1,1,0,0,0,0.1780259858673353,0.007944742838541666,0.06472410420945482,0.20551292746373337,2,0.578571795122498,0.9505388651235711,18.34540557861328,-1.3699722290039062,2.635284423828125,0.9064638403034042,1.088467337385515
(6)E61hkGwWYAQjxbZ.jpg,0,48,21,16,8,1,1,1,0,0,0,0.02272338728060178,0.0010140736897786458,0.2564684222551588,0.8143423057520375,3,0.597479950284803,0.9816031798742625,18.111785888671875,0.7062530517578125,12.459365844726562,0.9801111860394499,1.1769018967739981
(7)E61hkGwWYAQjxbZ.jpg,0,48,21,16,8,1,1,1,0,0,0,0.0041885115112833375,0.000186920166015625,0.491764497811108,1.5614578649221413,3,0.4201274377211758,0.6902297367852307,35.917724609375,5.5603485107421875,0.01828765869140625,0.9830080494520838,1.1803804042062016
(8)E61hkGwWYAQjxbZ.jpg,0,48,21,16,8,1,1,1,0,0,0,0.08307214497378619,0.003707249959309896,0.10487164842549776,0.33299000023430386,1,0.712287419166607,1.170221017969039,44.33985900878906,-17.413314819335938,8.781440734863281,0.9492724769689641,1.1398712662536203
(9)E61hkGwWYAQjxbZ.jpg,0,48,21,16,8,1,1,1,0,0,0,0.0068526327786642355,0.0003058115641276042,0.2966238204799389,0.9418443166866446,2,0.7962571706931438,1.3081753963082796,45.59051513671875,5.7887115478515625,-0.00313568115234375,0.9901971984785749,1.1890130198175572
(10)E61hkGwWYAQjxbZ.jpg,0,48,21,16,8,1,1,1,0,0,0,0.009872919990882151,0.0004405975341796875,0.3318997475578076,1.0538529590822074,1,0.8100111122055742,1.330771824385859,0.87506103515625,10.421737670898438,9.221939086914062,0.9726250918995067,1.1679127142014272
(11)E61hkGwWYAQjxbZ.jpg,0,48,21,16,8,1,1,1,0,0,0,0.0964853544563483,0.004305839538574219,0.35544110162541553,1.128601812696896,3,0.5865525401374594,0.9636504761169067,-0.58990478515625,-12.68011474609375,29.141677856445312,0.8695328789528952,1.0441212273908558
(12)E61hkGwWYAQjxbZ.jpg,0,48,21,16,8,1,1,1,0,0,0,0.025558468201504446,0.001140594482421875,0.24300191862241582,0.771583265390352,1,0.517575992895237,0.8503285176521276,57.991363525390625,-6.025260925292969,10.10107421875,0.9375617538810695,1.1258092165483908
(13)E61hkGwWYAQjxbZ.jpg,0,48,21,16,8,1,1,1,0,0,0,0.030986437200820605,0.0013828277587890625,0.1855905349020034,0.5892897955581017,1,0.7138064016933203,1.1727165629286391,82.73611450195312,-12.240440368652344,8.418937683105469,0.9412421215327624,1.1302285433878345
(14)E61hkGwWYAQjxbZ.jpg,0,48,21,16,8,1,1,1,0,0,0,0.017074595395486666,0.0007619857788085938,0.17477222050750468,0.5549393246077181,2,0.8372309348110227,1.3754914244534182,19.179183959960938,9.069923400878906,3.9719009399414062,0.9672233518179324,1.1614263907735982
(15)E61hkGwWYAQjxbZ.jpg,0,48,21,16,8,1,1,1,0,0,0,0.005078926373375883,0.0002266565958658854,0.3721005709223277,1.1814992045885007,2,0.8941591928667832,1.4690191806661583,27.437271118164062,7.1973724365234375,3.0290908813476562,0.9693467514658767,1.1639761352402165
(16)E61hkGwWYAQjxbZ.jpg,0,48,21,16,8,1,1,1,0,0,0,0.010001139731023479,0.000446319580078125,0.4930254503683546,1.5654616600244113,1,0.5596617631649092,0.9194714669753237,50.97015380859375,2.9365310668945312,10.200210571289062,0.9793219796660722,1.1759542303347164
(17)E61hkGwWYAQjxbZ.jpg,0,48,21,16,8,1,1,1,0,0,0,0.023977091406428085,0.0010700225830078125,0.42711773385173546,1.3561905093577695,3,0.6653760404949256,1.0931500493876531,51.29219055175781,-7.0057220458984375,3.73394775390625,0.9727879905366781,1.168108320289593
(18)E61hkGwWYAQjxbZ.jpg,0,48,21,16,8,1,1,1,0,0,0,0.0867620241622977,0.003871917724609375,0.11609296740622783,0.36862009727313344,1,0.8248528895734133,1.3551554641252548,38.61753845214844,-3.333465576171875,11.112594604492188,0.9248546419776256,1.1105507190282118
(19)E61hkGwWYAQjxbZ.jpg,0,48,21,16,8,1,1,1,0,0,0,0.009502507408251653,0.0004240671793619792,0.25290138299271353,0.8030161902320622,2,0.3789667489142112,0.6226066090142116,48.82086181640625,1.234130859375,1.79010009765625,0.978664814649813,1.1751651170533404
(20)E61hkGwWYAQjxbZ.jpg,0,48,21,16,8,1,1,1,0,0,0,0.006197287440164121,0.0002765655517578125,0.41785577056919326,1.3267817873444518,1,0.691668107641225,1.1363454347792015,27.90227508544922,9.0657958984375,2.89093017578125,0.9902642498148656,1.1890935339938935
(21)E61hkGwWYAQjxbZ.jpg,0,48,21,16,8,1,1,1,0,0,0,0.0051928994757237295,0.00023174285888671875,0.24263213455876095,0.7704091215937037,2,0.7364404887435878,1.2099022321908508,16.34223175048828,13.398948669433594,1.844940185546875,0.9916762396305607,1.1907890288683394
(22)E61hkGwWYAQjxbZ.jpg,0,48,21,16,8,1,1,1,0,0,0,0.005641668566218372,0.00025177001953125,0.4751202923976793,1.5086089391378308,1,0.8681107828126016,1.4262241008853804,41.39569091796875,8.487579345703125,7.707527160644531,0.9698347198100854,1.164562079853486
(23)E61hkGwWYAQjxbZ.jpg,0,48,21,16,8,1,1,1,0,0,0,0.07203100068383861,0.0032145182291666665,0.1515392523018936,0.48116966231690356,2,0.9016457375615345,1.4813188671663258,59.5391845703125,8.386894226074219,22.98663330078125,0.858453710053053,1.0308175378925308
(24)E61hkGwWYAQjxbZ.jpg,0,48,21,16,8,1,1,1,0,0,0,0.0031342603145657626,0.00013987223307291666,1.0,3.175214705153266,3,0.830642993483795,1.364668058493524,2.5089111328125,8.776382446289062,1.6209640502929688,0.982296525793295,1.179526017932934
(25)E61hkGwWYAQjxbZ.jpg,0,48,21,16,8,1,1,1,0,0,0,0.02290859357191703,0.0010223388671875,0.2503259633344587,0.7948386798612306,1,0.5528682406209443,0.9083103504750549,82.42320251464844,-11.610626220703125,8.09466552734375,0.9590831898020343,1.1516518139163838
(26)E61hkGwWYAQjxbZ.jpg,0,48,21,16,8,1,1,1,0,0,0,0.018848301800775017,0.0008411407470703125,0.2888573478525471,0.9171840985929797,1,0.702360910536587,1.1539127009591843,51.505035400390625,-6.03985595703125,3.8199234008789062,0.9724282270338764,1.1676763220072877
(27)E61hkGwWYAQjxbZ.jpg,0,48,21,16,8,1,1,1,0,0,0,0.01444609072258947,0.000644683837890625,0.4271007486250917,1.3561365776163599,1,0.6928603252044269,1.1383041357374228,54.094512939453125,-22.934303283691406,-9.546005249023438,0.9663816094140629,1.1604156399059213
(28)E61hkGwWYAQjxbZ.jpg,0,48,21,16,8,1,1,1,0,0,0,0.0065819466605881016,0.000293731689453125,0.8026578682447939,2.5486110664578425,1,0.6032789493376389,0.991130388122235,31.641204833984375,15.896728515625,5.098182678222656,0.9744098336255094,1.1700558036309765
(29)E61hkGwWYAQjxbZ.jpg,0,48,21,16,8,1,1,1,0,0,0,0.0020515158422612263,9.1552734375e-05,0.3121938267750934,0.991282429634348,2,0.5342002138624874,0.8776405440332752,-4.8792724609375,12.508598327636719,-0.6475753784179688,1.0,1.2007840677033426
(30)E61hkGwWYAQjxbZ.jpg,0,48,21,16,8,1,1,1,0,0,0,0.007066332345566446,0.0003153483072916667,0.2786344479763434,0.8847241965767484,1,0.6435402159167234,1.057275850042683,14.444686889648438,-11.302291870117188,-32.12712860107422,0.9794957110050554,1.176162844158628
(31)E61hkGwWYAQjxbZ.jpg,0,48,21,16,8,1,1,1,0,0,0,0.007023592432186004,0.0003134409586588542,0.4010141452359979,1.273306010927808,1,0.7145820972232266,1.1739909574893392,19.716110229492188,4.817390441894531,0.145660400390625,0.9700677337458014,1.1648418792750466
(32)E61hkGwWYAQjxbZ.jpg,0,48,21,16,8,1,1,1,0,0,0,0.0019945292910873032,8.900960286458333e-05,0.29718368996988465,0.943622022524087,1,1.0,1.6429056396057442,6.93182373046875,11.918861389160156,1.2852401733398438,0.9857231865644716,1.183640697592387
(33)E61hkGwWYAQjxbZ.jpg,0,48,21,16,8,1,1,1,0,0,0,0.013078413494415318,0.000583648681640625,0.33584409950358163,1.066377123382729,1,0.7782137999036833,1.2785318406807773,48.569488525390625,11.453170776367188,20.319717407226562,0.9860493782692662,1.1840323833945214
(34)E61hkGwWYAQjxbZ.jpg,0,48,21,16,8,1,1,1,0,0,0,0.04581718714383406,0.002044677734375,0.11848592179159623,0.37621824122631614,2,0.6522416935989351,1.0715715567996924,61.74537658691406,6.876007080078125,28.64556884765625,0.946742073592885,1.1368327981947617
(35)E61hkGwWYAQjxbZ.jpg,0,48,21,16,8,1,1,1,0,0,0,0.024233530886710736,0.0010814666748046875,0.18933191650236733,0.6011694854331671,1,0.5188059249188697,0.8523491799100853,39.260406494140625,-19.131141662597656,4.088172912597656,0.9686589564930966,1.1631502419950557
(36)E61hkGwWYAQjxbZ.jpg,0,48,21,16,8,1,1,1,0,0,0,0.03172013904718486,0.001415570576985677,0.1079997644680961,0.34292244029218794,2,0.38282555790463735,0.628946268066744,16.14990234375,-0.956268310546875,0.9792938232421875,0.9031440142151838,1.0844809431112339
(37)E61hkGwWYAQjxbZ.jpg,0,48,21,16,8,1,1,1,0,0,0,0.012992933667654433,0.000579833984375,0.242341868961596,0.7694874660011856,3,0.48403946687614335,0.7952311699225737,10.433052062988281,8.285842895507812,3.8385086059570312,0.9529253873723333,1.144257622866734
(38)E61hkGwWYAQjxbZ.jpg,0,48,21,16,8,1,1,1,0,0,0,0.0013961705037611124,6.230672200520833e-05,0.949507951767497,3.0148916111121147,2,0.9687663311469832,1.5915916689015446,6.9882659912109375,13.027702331542969,0.5887985229492188,0.9698452200800382,1.1645746884103518
(39)E61hkGwWYAQjxbZ.jpg,0,48,21,16,8,1,1,1,0,0,0,0.0672298837474356,0.0030002593994140625,0.2532811758276614,0.8042221140265005,3,0.7413118549397061,1.2179054271870384,84.43008422851562,9.983940124511719,8.636947631835938,0.9107999583839155,1.0936740788922732
(40)E61hkGwWYAQjxbZ.jpg,0,48,21,16,8,1,1,1,0,0,0,0.023592432186004104,0.0010528564453125,0.1285756813137838,0.40825539403262634,1,0.7733901450225049,1.2706070308729775,31.900131225585938,-4.6488189697265625,9.199951171875,0.982094100535362,1.1792829489083074
(41)E61hkGwWYAQjxbZ.jpg,0,48,21,16,8,1,1,1,0,0,0,0.0013676772281741509,6.103515625e-05,0.448995228042564,1.4256562506243933,1,0.794942359982992,1.3060152863775571,-4.0546112060546875,12.066680908203125,-1.3399658203125,0.9632242529994937,1.1566243366272455
(42)E61hkGwWYAQjxbZ.jpg,0,48,21,16,8,1,1,1,0,0,0,0.001795076361978573,8.0108642578125e-05,0.4884883386197761,1.5510553560814013,1,0.5106720288002173,0.838985956104784,7.326438903808594,8.282424926757812,1.033416748046875,0.9819467248696581,1.179105982556963
(43)E61hkGwWYAQjxbZ.jpg,0,48,21,16,8,1,1,1,0,0,0,0.011048267608844312,0.0004930496215820312,0.430137679838929,1.365779486265075,1,0.390144988599851,0.6409714020346139,17.811737060546875,-2.890838623046875,-0.46854400634765625,0.8910433671918416,1.0699506789567028
(44)E61hkGwWYAQjxbZ.jpg,0,48,21,16,8,1,1,1,0,0,0,0.0017594597674948712,7.851918538411458e-05,0.7114350038987659,2.2589588861401326,2,0.5474745564063357,0.899449036260622,17.584365844726562,12.894577026367188,0.9928665161132812,0.9657601318364051,1.1596693795322348
(0)E61hlBKX0AAW56G.jpg,1,11,0,0,0,5,5,1,0,0,0,0.5831142568250758,0.0030036458333333334,0.3625868767234176,1.2350776784237787,5,0.8071875445715441,1.344138153991225,7.4959564208984375,-3.940521240234375,-2.05157470703125,0.9809363985489238,1.0663721886149216
(1)E61hlBKX0AAW56G.jpg,1,11,0,0,0,5,5,1,0,0,0,0.7876643073811931,0.0040572916666666665,0.1899352947491369,0.6469755469623414,4,0.9196163134420026,1.5313558568179684,2.3063735961914062,0.2118988037109375,4.672119140625,0.9627295823514873,1.046579628704931
(2)E61hlBKX0AAW56G.jpg,1,11,0,0,0,5,5,1,0,0,0,0.9965621840242669,0.0051333333333333335,0.2913489830128604,0.9924204339726796,4,0.45183156923610235,0.7523952214975531,-4.048774719238281,-8.261245727539062,1.45440673828125,0.9763808167147238,1.0614198331124276
(3)E61hlBKX0AAW56G.jpg,1,11,0,0,0,5,5,1,0,0,0,0.7300303336703741,0.0037604166666666667,0.16255764968174036,0.5537192255639709,5,0.8107454845093334,1.3500628772505885,-5.90179443359375,-9.452995300292969,2.5820388793945312,0.9736128440939525,1.0584107807151424
(4)E61hlBKX0AAW56G.jpg,1,11,0,0,0,5,5,1,0,0,0,0.9027300303336704,0.00465,0.23936277371186573,0.8153400959479186,6,0.7451195349326933,1.2407817773239436,15.398330688476562,1.10968017578125,-10.342201232910156,0.9734989701969489,1.0582869888393862
(5)E61hlBKX0AAW56G.jpg,1,11,0,0,0,5,5,1,0,0,0,1.0,0.005151041666666667,0.43842036298879206,1.4933888644484856,5,0.6085036548766657,1.013287413641874,-2.4778518676757812,-7.317070007324219,-3.913421630859375,0.9817343046897715,1.0672395893138698
(6)E61hlBKX0AAW56G.jpg,1,11,0,0,0,5,5,1,0,0,0,0.760262891809909,0.003916145833333333,0.25400555157095883,0.865217709410689,5,0.9000454553981456,1.4987662347654411,-5.8852081298828125,-12.135757446289062,-9.661460876464844,0.9725144494990234,1.0572167201726954
(7)E61hlBKX0AAW56G.jpg,0,11,0,0,0,5,5,1,0,0,0,0.05672396359959555,0.0002921875,0.323159850356981,1.1007776159619025,4,0.7358379794118228,1.2253260223536262,7.979713439941406,9.213020324707031,1.0666961669921875,0.9953481273631226,1.0820391236170845
(8)E61hlBKX0AAW56G.jpg,0,11,0,0,0,5,5,1,0,0,0,0.08736097067745197,0.00045,0.5546978887974052,1.8894643593101224,4,0.9429148625542053,1.5701528737007957,45.959014892578125,8.675460815429688,-4.1186370849609375,0.9767731924006484,1.061846383212493
(9)E61hlBKX0AAW56G.jpg,0,11,0,0,0,5,5,1,0,0,0,0.026895854398382203,0.00013854166666666667,0.9117593800632949,3.1057209477238357,4,0.7278144164975011,1.2119650914068862,-6.37835693359375,9.661636352539062,0.6628189086914062,1.0,1.0870961564810735
(10)E61hlBKX0AAW56G.jpg,0,11,0,0,0,5,5,1,0,0,0,0.034378159757330634,0.00017708333333333335,1.0,3.406294484744686,5,1.0,1.6652117132266884,-1.9836044311523438,7.4749298095703125,-1.1857452392578125,0.9950304738071486,1.0816938036572927
(0)E61hlgRXMAMjgoH.jpg,1,4,0,2,2,0,0,0,0,0,0,1.0,0.007682482401529948,0.8708267047051795,2.8504742375372474,3,1.0,1.148575461352846,-7.66583251953125,9.216865539550781,36.004730224609375,0.9273736313268461,1.2627784341635822
(1)E61hlgRXMAMjgoH.jpg,1,4,0,2,2,0,0,0,0,0,0,0.9876277568585261,0.007587432861328125,0.46534809476385885,1.5232224143384514,3,0.7878240037565305,0.9048753185795033,-17.829246520996094,-23.962242126464844,31.422576904296875,0.8476045213154407,1.154159094091659
(2)E61hlgRXMAMjgoH.jpg,0,4,0,2,2,0,0,0,0,0,0,0.1679976827905822,0.0012906392415364583,0.6795845358425365,2.224481864395375,2,0.9545413154539993,1.0963627317779299,37.485748291015625,13.920524597167969,43.17724609375,0.9465313160847917,1.2888649114405188
(3)E61hlgRXMAMjgoH.jpg,0,4,0,2,2,0,0,0,0,0,0,0.013654984069185253,0.0001049041748046875,1.0,3.273296767469117,2,0.937892122211475,1.0772398769682447,1.1358718872070312,10.039306640625,-0.35854339599609375,1.0,1.3616717054558185
(0)E61rACtXsAQwLAb.jpg,0,3,0,0,0,1,2,0,0,0,0,0.17273090763694524,0.002474340175953079,1.0,3.8495445412803106,5,0.7947479569905394,2.677953005088958,24.910926818847656,4.655387878417969,-4.921485900878906,0.9494992008903003,1.4504002291981828
(1)E61rACtXsAQwLAb.jpg,1,3,0,0,0,1,2,0,0,0,0,0.4478208716513395,0.006414956011730206,0.3580919611739486,1.3784909544135346,4,1.0,3.369562616089665,29.842803955078125,19.433868408203125,17.97119140625,1.0,1.527542337937948
(2)E61rACtXsAQwLAb.jpg,1,3,0,0,0,1,2,0,0,0,0,1.0,0.014324825879765395,0.47932318836756554,1.845175963289436,5,0.4667227359950047,1.572651483287854,49.5570068359375,12.927413940429688,0.6072921752929688,0.9963650414610499,1.5219897848730526
(0)E61s5ECWEAYP15v.jpg,0,2,0,1,1,0,0,0,0,0,0,0.17579908675799086,0.010251479289940829,0.16429788220831454,0.16067724660979146,3,0.33647393045963264,1.0444069750561091,40.95428466796875,5.2602691650390625,14.921463012695312,0.992108225512129,1.3394405424690679
(1)E61s5ECWEAYP15v.jpg,1,2,0,1,1,0,0,0,0,0,0,1.0,0.05831360946745562,1.0,0.9779629807161335,2,1.0,3.1039759116833228,-14.099143981933594,-12.479637145996094,8.070144653320312,1.0,1.350095189239707
(0)E61SMCJVEAIcX3a.jpg,1,2,0,2,0,0,0,0,0,0,0,1.0,0.03211018458549223,0.7464307308946085,0.4097500705373995,2,0.685099712040112,0.7322944509779491,9.518989562988281,-9.606887817382812,-6.477508544921875,0.9770134060983402,1.0812274579896166
(1)E61SMCJVEAIcX3a.jpg,0,2,0,2,0,0,0,0,0,0,0,0.16640403403718879,0.005343264248704663,1.0,0.5489458747850692,2,1.0,1.068887401510211,-16.078079223632812,4.8253173828125,1.073883056640625,1.0,1.106665938502779
(0)E61v6GDWEAEAdN1.jpg,1,2,0,0,1,0,1,0,0,0,0,1.0,0.021450010040544677,0.9677038756301543,1.3170477283281474,5,1.0,0.9357784169158856,-64.90800476074219,-25.288955688476562,23.211135864257812,1.0,1.19036659082436
(1)E61v6GDWEAEAdN1.jpg,1,2,0,0,1,0,1,0,0,0,0,0.977696047700645,0.02097159003977968,1.0,1.3610028454939334,3,0.9994792613880904,0.9352911209620058,51.785369873046875,-22.715606689453125,-38.86808395385742,0.9954252383700282,1.1849209474190563
(0)E61zwQSVIAEL5TR.jpg,0,2,0,1,0,1,0,0,0,0,0,0.3331746993164316,0.005507512129256683,1.0,1.7648113337687608,4,0.9770772103003825,0.8215029245670729,28.94927215576172,-0.9452590942382812,-1.9386978149414062,1.0,1.4944620250294678
(1)E61zwQSVIAEL5TR.jpg,1,2,0,1,0,1,0,0,0,0,0,1.0,0.016530403240571218,0.7085559379511805,1.2504675499053983,2,1.0,0.8407758526212257,-28.10279083251953,1.6327667236328125,27.110427856445312,0.894755361072822,1.337177908814862
(0)E626GStXoAA4YAl.jpg,0,4,0,0,0,1,2,1,0,0,0,0.13082789527478575,0.0015869140625,0.5846008465883626,0.6883714240775224,5,0.988458672725524,1.4121570679782385,-0.37145233154296875,-9.41729736328125,4.628150939941406,1.0,1.1567301809796475
(1)E626GStXoAA4YAl.jpg,1,4,0,0,0,1,2,1,0,0,0,0.7199727441884844,0.008733113606770834,0.43934797291395505,0.517335189549095,5,0.7878235765363968,1.1255206339159671,30.944961547851562,-11.324920654296875,-4.511207580566406,0.9247634035080987,1.069701739103278
(2)E626GStXoAA4YAl.jpg,1,4,0,0,0,1,2,1,0,0,0,0.7359069109206698,0.0089263916015625,1.0,1.1775067177797436,6,0.8955648090689187,1.2794446645625537,-20.353111267089844,3.7085494995117188,-2.2569732666015625,0.9688941260660766,1.1207490777945304
(3)E626GStXoAA4YAl.jpg,1,4,0,0,0,1,2,1,0,0,0,1.0,0.012129783630371094,0.733495356519388,0.8636957097618275,4,1.0,1.42864553364121,-59.89485168457031,-13.114883422851562,2.437286376953125,0.9139062168561563,1.0571429036224467
(0)E626GSvWQAA8XYl.jpg,1,8,2,3,3,0,0,0,0,0,0,0.8657742887815352,0.008203824361165365,0.2843004175758349,0.7534556789067519,2,0.8520057004295397,1.1363339276001467,3.6004486083984375,-6.2582550048828125,2.4255523681640625,0.9515165168091086,1.0583716019277971
(1)E626GSvWQAA8XYl.jpg,0,8,2,3,3,0,0,0,0,0,0,0.055186527106816964,0.0005229314168294271,0.471396308007779,1.249298992638296,2,0.5762229584654344,0.7685179773284313,-44.03676223754883,-35.46015167236328,34.99589538574219,0.9951521406024612,1.1069074961970442
(2)E626GSvWQAA8XYl.jpg,0,8,2,3,3,0,0,0,0,0,0,0.05555555555555555,0.00052642822265625,0.259706100453912,0.6882755850386046,3,0.6965276852894207,0.9289703577195981,24.177536010742188,-0.4501190185546875,3.652191162109375,0.9829173911796617,1.0932987872392455
(3)E626GSvWQAA8XYl.jpg,1,8,2,3,3,0,0,0,0,0,0,1.0,0.0094757080078125,0.6625613446645086,1.7559263965147263,1,1.0,1.3337163437137363,-7.917854309082031,2.23809814453125,-0.041717529296875,0.9383182160370493,1.0436911350267148
(4)E626GSvWQAA8XYl.jpg,0,8,2,3,3,0,0,0,0,0,0,0.05689747718733226,0.0005391438802083334,1.0,2.6502095400748877,1,0.8876922119510929,1.1839296112665707,72.83511352539062,-25.503868103027344,-13.662025451660156,0.9749891494738134,1.0844802058205767
(5)E626GSvWQAA8XYl.jpg,1,8,2,3,3,0,0,0,0,0,0,0.8870437466451959,0.008405367533365885,0.6823744057422944,1.8084351600011606,3,0.7695079743651763,1.0263053620288864,5.495384216308594,1.70574951171875,-6.57373046875,0.9607519792696269,1.0686442046900293
(6)E626GSvWQAA8XYl.jpg,0,8,2,3,3,0,0,0,0,0,0,0.05555555555555555,0.00052642822265625,0.7478106841053928,1.9818550091860399,3,0.9207708592304596,1.228047143771004,9.781707763671875,-7.7707061767578125,-4.514495849609375,0.9646022754570719,1.072926888250235
(7)E626GSvWQAA8XYl.jpg,0,8,2,3,3,0,0,0,0,0,0,0.025362318840579712,0.000240325927734375,0.46058757076709256,1.220653574086866,2,0.5534584616195759,0.7381565958286901,16.7474365234375,-9.798049926757812,1.7387924194335938,1.0,1.1122997690854857
(0)E628y4XVgAEbuma.jpg,0,37,4,10,16,4,2,1,0,0,0,0.040880503144654086,0.0001735687255859375,0.16579620066527373,1.0748458022717435,3,0.6948080541441696,1.1505540880250713,-8.425575256347656,0.8469772338867188,0.466888427734375,0.9724547190531119,1.129429019744277
(1)E628y4XVgAEbuma.jpg,0,37,4,10,16,4,2,1,0,0,0,0.02133872416891285,9.059906005859375e-05,0.37812729533710504,2.4513742443229716,3,1.0,1.6559308447313086,21.281455993652344,0.5702056884765625,3.653656005859375,0.9233211264924858,1.0723642493287489
(2)E628y4XVgAEbuma.jpg,0,37,4,10,16,4,2,1,0,0,0,0.05645402815214136,0.00023969014485677084,0.24124003473203212,1.563943188270684,1,0.6936449936025993,1.1486281401999954,-11.283355712890625,4.8707427978515625,-5.312049865722656,0.950897160358016,1.1043916252949093
(3)E628y4XVgAEbuma.jpg,0,37,4,10,16,4,2,1,0,0,0,0.5303983228511531,0.0022519429524739585,0.14424630624979182,0.9351392622006386,6,0.8634076068466993,1.4297432877530922,14.160598754882812,4.043632507324219,12.03875732421875,0.9750443455203481,1.1324366654732652
(4)E628y4XVgAEbuma.jpg,0,37,4,10,16,4,2,1,0,0,0,0.3665768194070081,0.001556396484375,0.14200662638803507,0.9206195658011902,3,0.7326339821076644,1.213191208870407,-3.9647598266601562,2.4202651977539062,8.978439331054688,0.9617200887633715,1.116961598148273
(5)E628y4XVgAEbuma.jpg,0,37,4,10,16,4,2,1,0,0,0,0.31701108116202453,0.0013459523518880208,0.1645084605183908,1.0664974680774737,5,0.7356952051725837,1.2182603825662097,-8.092727661132812,4.6237030029296875,-0.2803497314453125,0.9728210343671349,1.1298544659248837
(6)E628y4XVgAEbuma.jpg,0,37,4,10,16,4,2,1,0,0,0,0.029275232105420785,0.0001242955525716146,0.28956317006496607,1.8772188782852883,2,0.7063588091431517,1.1696813395078203,11.401458740234375,6.955535888671875,3.1100692749023438,0.9553008307543612,1.1095061391551164
(7)E628y4XVgAEbuma.jpg,0,37,4,10,16,4,2,1,0,0,0,0.06948188080263552,0.0002950032552083333,0.3144898432525284,2.038816851777709,3,0.3364238440924185,0.5570946203357126,-41.500797271728516,-2.289459228515625,3.598846435546875,0.9749616064052409,1.1323405705540477
(8)E628y4XVgAEbuma.jpg,0,37,4,10,16,4,2,1,0,0,0,0.029275232105420785,0.0001242955525716146,0.12138045347793178,0.7869014511496086,3,0.4670051101633361,0.773328166566611,-0.25836181640625,9.922920227050781,2.2604827880859375,0.9853612509035927,1.144418932724884
(9)E628y4XVgAEbuma.jpg,0,37,4,10,16,4,2,1,0,0,0,0.04305181191973645,0.0001827875773111979,0.3409138600337994,2.210122004745886,3,0.5109583486562911,0.8461116899129266,-16.942306518554688,6.347557067871094,0.9253005981445312,0.9574654354254107,1.1120201557811429
(10)E628y4XVgAEbuma.jpg,0,37,4,10,16,4,2,1,0,0,0,0.020964360587002098,8.900960286458333e-05,0.4223885131582155,2.7383167917852207,3,0.8504680175890538,1.4083162227832031,-11.454132080078125,2.7223434448242188,3.5928955078125,0.9245967222893392,1.0738457526647942
(11)E628y4XVgAEbuma.jpg,0,37,4,10,16,4,2,1,0,0,0,0.38125187181790954,0.0016187032063802083,0.18242120894252353,1.1826246312668138,3,0.8443974434601912,1.3982637718379918,-46.686614990234375,1.1737060546875,0.1677703857421875,0.9724319786820627,1.1294026086071007
(12)E628y4XVgAEbuma.jpg,0,37,4,10,16,4,2,1,0,0,0,0.025456723569931117,0.00010808308919270833,0.34751802897901957,2.2529363951829406,3,0.9227193188203966,1.5279593810641567,20.204978942871094,-3.442413330078125,-20.87834930419922,0.9395165613339236,1.0911739622530772
(13)E628y4XVgAEbuma.jpg,0,37,4,10,16,4,2,1,0,0,0,0.0765947888589398,0.00032520294189453125,0.3112526197499563,2.017830145937689,2,0.7515519629015567,1.2445180767870476,28.138229370117188,-5.765830993652344,3.0384292602539062,0.9470810356248256,1.0999594991175323
(14)E628y4XVgAEbuma.jpg,0,37,4,10,16,4,2,1,0,0,0,0.08153638814016173,0.00034618377685546875,0.2800166117891843,1.8153291724434597,3,0.6920430523701832,1.1459754363017907,-62.12399673461914,-5.0160675048828125,9.824455261230469,0.9541108443768057,1.1081240643689299
(15)E628y4XVgAEbuma.jpg,0,37,4,10,16,4,2,1,0,0,0,0.011680143755615454,4.9591064453125e-05,0.37502412790340584,2.431256615110274,1,0.7129951394535498,1.1806706435646337,34.948089599609375,3.8938522338867188,-2.89923095703125,0.9322447464120659,1.0827283260316267
(16)E628y4XVgAEbuma.jpg,0,37,4,10,16,4,2,1,0,0,0,0.05053908355795148,0.00021457672119140625,0.29129517522485737,1.8884473531728438,4,0.5979664734594261,0.990191127516669,28.36956024169922,-6.160820007324219,-4.8910980224609375,0.9507033020401078,1.1041664742357653
(17)E628y4XVgAEbuma.jpg,0,37,4,10,16,4,2,1,0,0,0,0.014375561545372867,6.103515625e-05,0.9775431783729989,6.337347765494775,2,0.7349312996211865,1.2169954078011898,-17.002227783203125,7.9793243408203125,-4.3687286376953125,0.8745866507876809,1.0157630214827635
(18)E628y4XVgAEbuma.jpg,0,37,4,10,16,4,2,1,0,0,0,0.030548068283917342,0.00012969970703125,0.26269700407881763,1.7030473012679879,2,0.6147145516281715,1.0179247867462655,0.1291351318359375,5.539459228515625,-1.51025390625,0.9525682471895373,1.1063324600968323
(19)E628y4XVgAEbuma.jpg,1,37,4,10,16,4,2,1,0,0,0,1.0,0.004245758056640625,0.02448090943585678,0.15870811657529565,2,0.5331465745665541,0.8828538575875976,-73.94866180419922,-20.9642333984375,10.006095886230469,0.9360660326263466,1.0871664468598743
(20)E628y4XVgAEbuma.jpg,0,37,4,10,16,4,2,1,0,0,0,0.016846361185983826,7.152557373046875e-05,0.12832407958812012,0.8319165199336522,2,0.30466993730036956,0.5045123466380357,19.638267517089844,-5.7558441162109375,2.5723114013671875,1.0,1.161420678634798
(21)E628y4XVgAEbuma.jpg,0,37,4,10,16,4,2,1,0,0,0,0.626984126984127,0.002662022908528646,0.13323202601432124,0.8637344119770725,5,0.344416866835726,0.5703305132389943,-76.37272644042969,-4.649742126464844,7.240470886230469,0.9021461221060878,1.0477711613642038
(22)E628y4XVgAEbuma.jpg,0,37,4,10,16,4,2,1,0,0,0,0.011680143755615454,4.9591064453125e-05,0.5348264113173801,3.467244248311362,2,0.40718485228275475,0.6742699564023751,-0.598602294921875,5.887481689453125,2.7775955200195312,0.9455535260851968,1.0981854179513955
(23)E628y4XVgAEbuma.jpg,0,37,4,10,16,4,2,1,0,0,0,0.025456723569931117,0.00010808308919270833,0.352387245999781,2.2845032070526634,4,0.6855329932477773,1.1351952285999742,52.363616943359375,-12.616249084472656,-9.099258422851562,0.9435846979937498,1.0958987802933116
(24)E628y4XVgAEbuma.jpg,0,37,4,10,16,4,2,1,0,0,0,0.014375561545372867,6.103515625e-05,0.7023230998917714,4.553114201218614,3,0.8832076983407997,1.4625308699866753,8.821441650390625,1.1937332153320312,-0.160675048828125,0.9132872529744066,1.0607107011380457
(25)E628y4XVgAEbuma.jpg,0,37,4,10,16,4,2,1,0,0,0,0.01752021563342318,7.43865966796875e-05,0.28500145100415775,1.847645555350393,1,0.8003792385222782,1.3253726685515976,54.422271728515625,2.053009033203125,-0.025726318359375,0.9533504655372751,1.1072409446611027
(26)E628y4XVgAEbuma.jpg,0,37,4,10,16,4,2,1,0,0,0,0.025606469002695417,0.0001087188720703125,0.32619302329919736,2.1146877939097823,1,0.8957188692713235,1.4832485038342351,44.61177062988281,0.5317153930664062,-1.1876907348632812,0.9419765802239646,1.094031079061803
(27)E628y4XVgAEbuma.jpg,0,37,4,10,16,4,2,1,0,0,0,0.03773584905660377,0.00016021728515625,0.2973120224354381,1.9274541756528099,3,0.5662178564232964,0.9376176132889799,3.109222412109375,0.1859893798828125,0.7009963989257812,0.9588695896322821,1.1136509695129952
(28)E628y4XVgAEbuma.jpg,0,37,4,10,16,4,2,1,0,0,0,0.015274034141958671,6.4849853515625e-05,0.4110263339583434,2.6646565355873246,3,0.9914577676703226,1.6417854987337346,12.597953796386719,3.5288543701171875,1.4400558471679688,0.9366700054112544,1.087867913341599
(29)E628y4XVgAEbuma.jpg,0,37,4,10,16,4,2,1,0,0,0,0.012578616352201259,5.340576171875e-05,0.36072335302927533,2.338545637530485,3,0.5115699853303303,0.8471245179472369,-4.6811065673828125,10.808212280273438,-7.36334228515625,0.9442130321004248,1.0966285405178957
(30)E628y4XVgAEbuma.jpg,0,37,4,10,16,4,2,1,0,0,0,0.013177598083258461,5.5948893229166664e-05,1.0,6.482933854689177,3,0.8031343426367591,1.3299349304352126,49.43684387207031,8.146865844726562,-0.07729339599609375,0.8558834307465701,0.9940407149699605
(31)E628y4XVgAEbuma.jpg,0,37,4,10,16,4,2,1,0,0,0,0.016546870320455227,7.025400797526042e-05,0.7105606696462468,4.606517821060266,2,0.49980684075489623,0.8276455640137419,-2.9976959228515625,-3.02825927734375,-1.80010986328125,0.9212467877141137,1.0699550693770536
(32)E628y4XVgAEbuma.jpg,0,37,4,10,16,4,2,1,0,0,0,0.0426774483378257,0.0001811981201171875,0.29253985926623244,1.8965165574830658,4,0.8928426283287467,1.4784856477405433,5.7959442138671875,4.8219757080078125,1.4241943359375,0.9477522706996054,1.1007390854136063
(33)E628y4XVgAEbuma.jpg,0,37,4,10,16,4,2,1,0,0,0,0.01752021563342318,7.43865966796875e-05,0.20844265579014115,1.3513199499832291,2,0.35140766979828614,0.5819067994941367,31.467666625976562,16.583175659179688,3.262420654296875,0.9712325866321959,1.1280096098785952
(34)E628y4XVgAEbuma.jpg,0,37,4,10,16,4,2,1,0,0,0,0.015723270440251572,6.67572021484375e-05,0.48136345423115884,3.120647433845304,3,0.8334180451610778,1.3800826475378993,-7.185333251953125,1.61248779296875,6.104759216308594,0.9191462893450888,1.0675155071358293
(0)E62M_qMXMAsOpUP.jpg,0,6,2,2,0,0,0,2,0,0,0,0.10051241623965314,0.00159375,0.7285422636514352,1.314750202370802,6,0.6796236087428639,0.7977698005794946,-5.2152557373046875,7.4986572265625,2.1776962280273438,0.9721569166409004,1.023787755450564
(1)E62M_qMXMAsOpUP.jpg,1,6,2,2,0,0,0,2,0,0,0,1.0,0.01585625,0.3503013973748739,0.6321648805672319,1,0.9156575510267648,1.0748360305389417,-14.143470764160156,5.964111328125,6.013664245605469,0.9874406706072533,1.0398832230651314
(2)E62M_qMXMAsOpUP.jpg,1,6,2,2,0,0,0,2,0,0,0,0.7437918801734332,0.01179375,0.3388478145399775,0.6114953860144003,2,0.7989323152434228,0.9378192069978641,-4.7486419677734375,4.3365478515625,5.78863525390625,0.991845381155514,1.0445218659101516
(3)E62M_qMXMAsOpUP.jpg,1,6,2,2,0,0,0,2,0,0,0,0.7189594008671659,0.0114,0.2355618819047166,0.42510235487621467,2,0.8719981359986497,1.0235868355840696,8.085372924804688,1.375640869140625,-7.5520477294921875,0.9970551832993776,1.0500083584217075
(4)E62M_qMXMAsOpUP.jpg,0,6,2,2,0,0,0,2,0,0,0,0.08277493102089081,0.0013125,1.0,1.8046313411953725,1,1.0,1.1738406234226797,-7.8755340576171875,5.7930450439453125,0.2523040771484375,0.9777133254459688,1.0296392627551283
(5)E62M_qMXMAsOpUP.jpg,0,6,2,2,0,0,0,2,0,0,0,0.12731572723689397,0.00201875,0.8016943830419607,1.4467628096978102,6,0.8560932599768454,1.0049170459991743,20.344436645507812,3.7700042724609375,-0.5412445068359375,1.0,1.0531095730800992
(0)E63Fl1bUUAI2Esl.jpg,1,2,0,0,0,1,1,0,0,0,0,1.0,0.00868988037109375,0.8730234001754305,0.5077195674109514,5,0.7734131353485195,0.9226344412306814,-12.762619018554688,-3.19012451171875,-1.583038330078125,1.0,1.1040639062802176
(1)E63Fl1bUUAI2Esl.jpg,0,2,0,0,0,1,1,0,0,0,0,0.7484635645302897,0.006504058837890625,1.0,0.5815646720453624,4,1.0,1.1929386754142972,-13.501922607421875,8.073486328125,-3.8240127563476562,0.9916551219801659,1.0948506276562078
(0)E6deJNwXMAMz5wJ.jpg,0,35,0,0,0,12,9,14,0,0,0,0.5213213213213214,0.0002759297688802083,0.23712972918609776,1.9233697611220337,4,0.7881643195666478,0.6192123069888381,6.0594635009765625,11.616867065429688,-4.816070556640625,0.9892123196020273,1.570245336139414
(1)E6deJNwXMAMz5wJ.jpg,0,35,0,0,0,12,9,14,0,0,0,0.3153153153153153,0.00016689300537109375,0.5376743940286168,4.36110088074475,5,0.8292851824390178,0.6515184438342257,15.92840576171875,7.8411712646484375,3.7474365234375,0.9759364089235585,1.5491715621752402
(2)E6deJNwXMAMz5wJ.jpg,0,35,0,0,0,12,9,14,0,0,0,0.5573573573573574,0.0002950032552083333,0.6223594077955471,5.047984787113526,6,0.8668471833976383,0.6810286014134125,38.93865966796875,13.428482055664062,6.881317138671875,0.9624555238455936,1.52777241812776
(3)E6deJNwXMAMz5wJ.jpg,0,35,0,0,0,12,9,14,0,0,0,0.5255255255255256,0.00027815500895182293,0.5106816660589808,4.142161665804531,6,0.9191728218814503,0.7221376424037987,42.9569091796875,12.865097045898438,7.975410461425781,0.9528830187703912,1.5125773167813124
(4)E6deJNwXMAMz5wJ.jpg,0,35,0,0,0,12,9,14,0,0,0,0.3279279279279279,0.0001735687255859375,0.578229697565741,4.690046748241668,5,0.8658184602328883,0.6802203967937871,4.241844177246094,20.84113311767578,-0.102142333984375,0.9679588504866943,1.5365082302685924
(5)E6deJNwXMAMz5wJ.jpg,0,35,0,0,0,12,9,14,0,0,0,0.7447447447447447,0.0003941853841145833,0.24752743500769783,2.0077060146611814,6,0.7643506267002952,0.6005033508338508,49.63493347167969,9.535079956054688,2.93084716796875,0.936898231526444,1.487203555131147
(6)E6deJNwXMAMz5wJ.jpg,0,35,0,0,0,12,9,14,0,0,0,0.14294294294294294,7.565816243489583e-05,0.2310227794308739,1.8738360205311564,4,0.8415751415463306,0.6611739100139454,5.735382080078125,9.509124755859375,-0.30612945556640625,0.9842253922333564,1.5623292403861062
(7)E6deJNwXMAMz5wJ.jpg,0,35,0,0,0,12,9,14,0,0,0,0.2702702702702703,0.0001430511474609375,0.29422259387543687,2.38645252133186,4,0.7088446209437251,0.556895690574428,14.797828674316406,2.6545486450195312,0.20281219482421875,1.0,1.587369369571887
(8)E6deJNwXMAMz5wJ.jpg,0,35,0,0,0,12,9,14,0,0,0,0.29009009009009007,0.00015354156494140625,0.5072224105465132,4.114103490764601,4,0.701118366771526,0.5508256471182867,41.61189270019531,7.802421569824219,-2.7753448486328125,0.9672577396331913,1.535395308375067
(9)E6deJNwXMAMz5wJ.jpg,0,35,0,0,0,12,9,14,0,0,0,0.5747747747747748,0.00030422210693359375,0.24551843096460568,1.9914108936752215,6,0.6638820046388584,0.5215713239681112,13.985321044921875,0.720458984375,0.9249343872070312,0.9771907507851868,1.5511626660253608
(10)E6deJNwXMAMz5wJ.jpg,0,35,0,0,0,12,9,14,0,0,0,0.2906906906906907,0.00015385945638020834,0.24475775446632464,1.9852410128264064,4,0.6332933968808229,0.4975397332106865,41.973358154296875,4.1252899169921875,3.2468719482421875,0.9728951556320267,1.544343969855153
(11)E6deJNwXMAMz5wJ.jpg,0,35,0,0,0,12,9,14,0,0,0,1.0,0.0005292892456054688,0.23429111437347813,1.9003456303527495,6,0.6824015126304339,0.5361209641675899,37.480316162109375,8.115386962890625,14.760520935058594,0.9525335250965975,1.5120225412286732
(12)E6deJNwXMAMz5wJ.jpg,0,35,0,0,0,12,9,14,0,0,0,0.44684684684684683,0.00023651123046875,0.5856832999813443,4.75050324834734,6,0.8331120452808498,0.6545249749724578,27.03490447998047,7.4476776123046875,0.6924285888671875,0.9660473699089717,1.5334740045489839
(13)E6deJNwXMAMz5wJ.jpg,0,35,0,0,0,12,9,14,0,0,0,0.8072072072072072,0.00042724609375,0.35543529191488404,2.8829514327499615,6,0.7957252421768738,0.6251524595892708,24.342361450195312,10.971702575683594,6.2138824462890625,0.9454706286210385,1.5008111157029134
(14)E6deJNwXMAMz5wJ.jpg,0,35,0,0,0,12,9,14,0,0,0,0.5153153153153153,0.0002727508544921875,0.3838892155045707,3.113742470236158,6,0.8683806995267613,0.6822333908672676,25.33331298828125,13.235122680664062,6.86676025390625,0.9727687708487459,1.544143350521393
(15)E6deJNwXMAMz5wJ.jpg,0,35,0,0,0,12,9,14,0,0,0,0.13513513513513514,7.152557373046875e-05,0.5481107983984361,4.445751019926578,5,0.9096671527822323,0.7146696219082305,21.01678466796875,11.248565673828125,-0.557525634765625,0.9740364468120988,1.5461556205161622
(16)E6deJNwXMAMz5wJ.jpg,0,35,0,0,0,12,9,14,0,0,0,0.3027027027027027,0.00016021728515625,0.22814375521419636,1.8504841272915284,4,0.801432255139839,0.6296361092230881,9.332473754882812,9.122795104980469,-6.463203430175781,0.9795182011953392,1.5548571895156342
(17)E6deJNwXMAMz5wJ.jpg,0,35,0,0,0,12,9,14,0,0,0,0.5309309309309309,0.0002810160319010417,0.509626556998729,4.133603629373842,6,0.8748914255425106,0.68734846849296,27.767333984375,0.718719482421875,4.0835113525390625,0.9576848762746575,1.5201996383006335
(18)E6deJNwXMAMz5wJ.jpg,0,35,0,0,0,12,9,14,0,0,0,0.36996996996996995,0.00019582112630208334,1.0,8.111044396346385,5,0.8519335345979716,0.6693118633556171,14.779518127441406,6.706581115722656,10.964653015136719,0.9547518389082581,1.5155438246254014
(19)E6deJNwXMAMz5wJ.jpg,0,35,0,0,0,12,9,14,0,0,0,0.43543543543543545,0.0002304712931315104,0.4745260685592592,3.848902009307859,5,0.8376255695964117,0.6580709738647014,22.149246215820312,13.749778747558594,3.7636184692382812,0.9748725772704792,1.5474828683947612
(20)E6deJNwXMAMz5wJ.jpg,0,35,0,0,0,12,9,14,0,0,0,0.6918918918918919,0.0003662109375,0.3788179537037151,3.0726092406239225,6,0.7765907773762781,0.6101196855876666,28.214378356933594,20.78802490234375,16.11810302734375,0.9701692550243881,1.5400169587260901
(21)E6deJNwXMAMz5wJ.jpg,0,35,0,0,0,12,9,14,0,0,0,0.3279279279279279,0.0001735687255859375,0.42279782158192675,3.429331901529545,5,0.7257405818667243,0.5701698095394631,29.560592651367188,7.1127777099609375,7.774658203125,0.9833320877519401,1.5609112362146047
(22)E6deJNwXMAMz5wJ.jpg,0,35,0,0,0,12,9,14,0,0,0,0.34054054054054056,0.00018024444580078125,0.15535130377579814,1.2600613219557923,6,0.6609756629716973,0.5192879897902711,18.434860229492188,3.0292205810546875,3.1378555297851562,0.979490877220101,1.5548138162742862
(23)E6deJNwXMAMz5wJ.jpg,0,35,0,0,0,12,9,14,0,0,0,0.3279279279279279,0.0001735687255859375,0.43135194889409656,3.4987148079305537,4,0.7788475010186832,0.6118926547746227,16.239486694335938,2.5082931518554688,-1.0634765625,0.9678935771646929,1.536404617396597
(24)E6deJNwXMAMz5wJ.jpg,0,35,0,0,0,12,9,14,0,0,0,0.6516516516516516,0.00034491221110026043,0.3104357447095658,2.5179581075521402,6,0.7531161261704795,0.5916770936458073,33.067596435546875,6.457511901855469,2.3028106689453125,0.9744774373547116,1.5468556353957765
(25)E6deJNwXMAMz5wJ.jpg,0,35,0,0,0,12,9,14,0,0,0,0.17117117117117117,9.059906005859375e-05,0.38635427033696945,3.1337366394211723,4,0.7867438469983072,0.6180963289190111,-1.4442596435546875,17.136734008789062,-3.3080902099609375,0.9832013090370422,1.5607036420883837
(26)E6deJNwXMAMz5wJ.jpg,0,35,0,0,0,12,9,14,0,0,0,0.40540540540540543,0.00021457672119140625,0.4746947410113613,3.8502701190553,5,0.7970269620761402,0.6261751409792647,52.681793212890625,-15.781562805175781,-5.7872314453125,0.962478066669643,1.5278082019161598
(27)E6deJNwXMAMz5wJ.jpg,0,35,0,0,0,12,9,14,0,0,0,0.23783783783783785,0.000125885009765625,0.09267110017228432,0.7516594077556611,4,0.8446939564427771,0.6636241713606676,3.2181015014648438,8.138557434082031,-0.7686767578125,0.9670980123453928,1.5351417621709311
(28)E6deJNwXMAMz5wJ.jpg,0,35,0,0,0,12,9,14,0,0,0,0.2810810810810811,0.000148773193359375,0.7493959237346708,6.078383607852924,6,0.9058292039944795,0.7116543812230444,45.20343017578125,6.607475280761719,12.54766845703125,0.9624445810586287,1.5277550478829143
(29)E6deJNwXMAMz5wJ.jpg,0,35,0,0,0,12,9,14,0,0,0,0.17297297297297298,9.1552734375e-05,0.3732035968484815,3.0270709429141904,4,1.0,0.7856385928879607,5.622138977050781,12.302810668945312,0.7180938720703125,0.9761735120067166,1.5495479323468766
(30)E6deJNwXMAMz5wJ.jpg,0,35,0,0,0,12,9,14,0,0,0,0.17117117117117117,9.059906005859375e-05,0.20902701011964475,1.6954273591159834,6,0.4304060220245773,0.33814358151389345,8.923301696777344,7.358428955078125,-0.45929718017578125,0.9967694662250549,1.5822413192101716
(31)E6deJNwXMAMz5wJ.jpg,0,35,0,0,0,12,9,14,0,0,0,0.09249249249249249,4.8955281575520836e-05,0.6122423412114175,4.965924810888859,5,0.7299749277776088,0.5734964751026912,7.3485260009765625,13.134841918945312,0.8768234252929688,0.9642281782135221,1.5305862753742479
(32)E6deJNwXMAMz5wJ.jpg,0,35,0,0,0,12,9,14,0,0,0,0.15315315315315314,8.106231689453125e-05,0.21424632877136338,1.737761484418752,4,0.7521868797321206,0.5909470417815289,7.455574035644531,8.811203002929688,0.0219573974609375,0.9513377907549729,1.510124469160633
(33)E6deJNwXMAMz5wJ.jpg,0,35,0,0,0,12,9,14,0,0,0,0.15315315315315314,8.106231689453125e-05,0.33533325223607235,2.719902896458003,4,0.8167641997596916,0.6416814766204654,8.058631896972656,12.315261840820312,1.6806793212890625,0.9916274043381064,1.5740789676743867
(34)E6deJNwXMAMz5wJ.jpg,0,35,0,0,0,12,9,14,0,0,0,0.26546546546546546,0.00014050801595052084,0.5317528049350722,4.313070608710088,5,0.8744352146505275,0.6869900516097223,57.92877197265625,16.490966796875,8.906661987304688,0.9737713518388729,1.5457348168756357
(0)E6h5aNyXsAMa4Nl.jpg,0,3,0,2,1,0,0,0,0,0,0,0.02055288182092953,0.0002810160319010417,0.8104853932867933,4.101959035326382,3,0.9697833718513295,1.3943932791606672,31.0584716796875,5.3616485595703125,0.8051910400390625,1.0,1.2349584654853636
(1)E6h5aNyXsAMa4Nl.jpg,1,3,0,2,1,0,0,0,0,0,0,1.0,0.013672828674316406,0.17359534037359692,0.8785858213289996,2,1.0,1.4378399544000757,7.859275817871094,5.5525665283203125,-5.709114074707031,0.9492222502444597,1.172250053566462
(2)E6h5aNyXsAMa4Nl.jpg,1,3,0,2,1,0,0,0,0,0,0,0.7768942828578735,0.010622342427571615,1.0,5.061114079664714,2,0.5664991101253046,0.8145350546702514,-3.0117340087890625,-0.4285125732421875,4.1801910400390625,0.9661360083320545,1.1931378422999086
(0)E6IxsgLWUBIr--4.jpg,0,4,0,0,0,2,1,1,0,0,0,0.35171568627450983,0.006975966943153162,0.3166721845348763,0.5878385660902213,4,0.3612763985417186,0.5187192760298532,0.3823699951171875,-18.183067321777344,-2.2827606201171875,1.0,1.4712778336625791
(1)E6IxsgLWUBIr--4.jpg,1,4,0,0,0,2,1,1,0,0,0,1.0,0.019834108103181113,1.0,1.856299968226229,5,1.0,1.4357961885239339,31.240463256835938,-7.224449157714844,-10.166000366210938,0.9730028691311777,1.4315575534427931
(2)E6IxsgLWUBIr--4.jpg,1,4,0,0,0,2,1,1,0,0,0,0.8947610294117647,0.017746786983866558,0.3748627327213948,0.6958576788399226,6,0.4045566446799492,0.5808608884735025,31.393600463867188,6.8212890625,38.73500061035156,0.9733028772429905,1.4319989487276221
(3)E6IxsgLWUBIr--4.jpg,1,4,0,0,0,2,1,1,0,0,0,0.9580269607843137,0.019001610305958132,0.5495278246031688,1.020088483350291,4,0.8804168376175275,1.2640991397635413,-63.953121185302734,1.3791961669921875,-28.629600524902344,0.8789211102226555,1.2931371470086976
(0)E6iz2_VWUAUOw8F.jpg,1,3,1,1,1,0,0,0,0,0,0,0.6919167366420648,0.030930930930930932,0.3638565768531376,0.905129732425261,1,0.7505376684975252,1.032121086812452,-7.173194885253906,0.44954681396484375,-0.3484649658203125,0.9958819554704317,1.0444982118336743
(1)E6iz2_VWUAUOw8F.jpg,1,3,1,1,1,0,0,0,0,0,0,1.0,0.04470325588746642,0.44337658798503354,1.1029437365605173,3,1.0,1.3751755976200617,16.748703002929688,-9.533172607421875,0.288330078125,0.9992072020416776,1.0479857879248906
(2)E6iz2_VWUAUOw8F.jpg,0,3,1,1,1,0,0,0,0,0,0,0.1402748928271534,0.006270744428639166,1.0,2.4876003073886883,2,0.6373144006167515,0.8764192117400127,53.299102783203125,-1.8678817749023438,1.428436279296875,1.0,1.048817288129573
(0)E6i_3vDXEAIW62B.jpg,0,22,0,4,1,3,10,4,0,0,0,0.6251468860164512,0.0013529459635416667,0.3612978316588319,0.26319495106990615,2,0.9295227572949002,0.9703066027853149,-1.0819473266601562,-2.8242416381835938,0.3169403076171875,0.9902787210811995,1.103129721144784
(1)E6i_3vDXEAIW62B.jpg,0,22,0,4,1,3,10,4,0,0,0,0.8042009400705052,0.0017404556274414062,0.5031184290934017,0.3665071271522228,5,0.8089094342699722,0.8444012359758435,-2.9604949951171875,5.370147705078125,-1.4269866943359375,0.9841128516920419,1.0962611965212816
(2)E6i_3vDXEAIW62B.jpg,0,22,0,4,1,3,10,4,0,0,0,0.6133960047003525,0.0013275146484375,0.633453383640301,0.4614523467987717,5,0.7599252540674634,0.793267820349914,-4.788825988769531,-9.859565734863281,5.263389587402344,0.9819992944858269,1.0939067808180238
(3)E6i_3vDXEAIW62B.jpg,0,22,0,4,1,3,10,4,0,0,0,0.7755581668625147,0.001678466796875,0.5850218494084692,0.42617138420936934,5,0.7602833515158207,0.7936416297223633,1.543609619140625,-16.53546142578125,5.384284973144531,0.9843617059160374,1.0965384098803872
(4)E6i_3vDXEAIW62B.jpg,0,22,0,4,1,3,10,4,0,0,0,0.572855464159812,0.001239776611328125,0.6262828852195873,0.4562288474704705,2,0.9272269257508283,0.9679100390770968,-5.056976318359375,2.3225784301757812,-3.98956298828125,0.9853131415040851,1.0975982699506757
(5)E6i_3vDXEAIW62B.jpg,0,22,0,4,1,3,10,4,0,0,0,0.7520564042303173,0.0016276041666666667,0.24252072299886498,0.1766692856418758,6,0.7794219495701239,0.8136199550666378,-8.492950439453125,-6.454681396484375,4.6844329833984375,0.9844334459634629,1.0966183253393653
(6)E6i_3vDXEAIW62B.jpg,0,22,0,4,1,3,10,4,0,0,0,0.9347826086956522,0.0020230611165364585,0.3610925733742883,0.263045426385772,5,0.7207103580307808,0.7523323271053297,-0.5962982177734375,-2.675689697265625,-1.2041778564453125,0.9821658224157066,1.094092286075221
(7)E6i_3vDXEAIW62B.jpg,0,22,0,4,1,3,10,4,0,0,0,0.7520564042303173,0.0016276041666666667,0.32022137319410776,0.23327194703162873,5,0.8205738139377766,0.8565774032834661,-0.360015869140625,-5.608634948730469,2.3026885986328125,1.0,1.1139588255924273
(8)E6i_3vDXEAIW62B.jpg,0,22,0,4,1,3,10,4,0,0,0,1.0,0.0021642049153645835,0.3897112267175645,0.2838932821057665,4,0.6666379191970819,0.6958873998377799,1.5472412109375,-1.1246185302734375,-5.449493408203125,0.9772341319018171,1.0885985859021832
(9)E6i_3vDXEAIW62B.jpg,0,22,0,4,1,3,10,4,0,0,0,0.7479435957696827,0.0016187032063802083,0.36331588913359786,0.2646650471839311,5,0.7273653423858482,0.7592793063056531,1.91357421875,-6.2554168701171875,-3.70184326171875,0.9953458447565227,1.1087742882832785
(10)E6i_3vDXEAIW62B.jpg,0,22,0,4,1,3,10,4,0,0,0,0.49280258519388953,0.0010665257771809895,0.6718875785692915,0.48945053878155387,3,1.0,1.0438761129518808,-1.6391448974609375,7.1096649169921875,-3.0107421875,0.9786771238870102,1.0902060195593484
(11)E6i_3vDXEAIW62B.jpg,1,22,0,4,1,3,10,4,0,0,0,0.7403055229142186,0.0016021728515625,0.2769380399285786,0.2017412989547794,5,0.3845292436871028,0.4014008922164194,2.4196929931640625,-2.88494873046875,-0.2628936767578125,0.9578956736637809,1.0670563396745723
(12)E6i_3vDXEAIW62B.jpg,0,22,0,4,1,3,10,4,0,0,0,0.6486486486486487,0.00140380859375,1.0,0.7284708847033359,4,0.9568357354729193,0.998817968278925,1.6039886474609375,14.302017211914062,1.5726776123046875,0.9731795251199745,1.0840819208932428
(13)E6i_3vDXEAIW62B.jpg,0,22,0,4,1,3,10,4,0,0,0,0.743683901292597,0.001609484354654948,0.43567750189877846,0.3173783752535424,5,0.824995297971752,0.8611928848503311,-2.3581466674804688,-9.210311889648438,15.283935546875,0.9766576675792752,1.0879564283824485
(14)E6i_3vDXEAIW62B.jpg,0,22,0,4,1,3,10,4,0,0,0,0.8168331374853114,0.0017677942911783855,0.32782133620928466,0.2388082988130073,6,0.6705005009364093,0.6999194566497878,4.365989685058594,-1.0880889892578125,10.320693969726562,0.9769839954225961,1.0883199441635525
(15)E6i_3vDXEAIW62B.jpg,0,22,0,4,1,3,10,4,0,0,0,0.6304347826086957,0.0013643900553385417,0.5423709352369445,0.39510143502943257,2,0.5870342672252835,0.6127910490406846,7.541107177734375,-1.1828842163085938,2.0593643188476562,0.9762017771641807,1.087448585231051
(16)E6i_3vDXEAIW62B.jpg,0,22,0,4,1,3,10,4,0,0,0,0.5878378378378378,0.0012722015380859375,0.38895748762180915,0.2833442051198461,4,0.9979563069733631,1.0417427506191683,-1.7854156494140625,-4.438499450683594,-2.146026611328125,0.9915645814082934,1.1045621166046293
(17)E6i_3vDXEAIW62B.jpg,0,22,0,4,1,3,10,4,0,0,0,0.9239130434782609,0.001999537150065104,0.27918584741243774,0.20337876126118906,5,0.8250294482118928,0.8612285334702656,-2.00927734375,3.4240036010742188,2.3452377319335938,0.987343815501012,1.0998603571714536
(18)E6i_3vDXEAIW62B.jpg,0,22,0,4,1,3,10,4,0,0,0,0.8989424206815512,0.00194549560546875,0.39055429271578507,0.2845074311393535,6,0.7610472670780419,0.7944390629300783,-4.825897216796875,-4.4829864501953125,7.6251983642578125,0.9842925415503079,1.0964613636247664
(19)E6i_3vDXEAIW62B.jpg,0,22,0,4,1,3,10,4,0,0,0,0.7076968272620446,0.0015316009521484375,0.4877543440031015,0.35531483849383455,6,0.6812316794643639,0.7111214775789417,-2.10211181640625,4.66845703125,-1.3090362548828125,0.9709555821462296,1.0816045399900254
(20)E6i_3vDXEAIW62B.jpg,0,22,0,4,1,3,10,4,0,0,0,0.7467685076380729,0.0016161600748697917,0.2425564074438203,0.17669528072106255,5,0.8700382939384965,0.9082121923958036,-2.040130615234375,0.37090301513671875,2.2342376708984375,0.9887530142946269,1.101430146604615
(21)E6i_3vDXEAIW62B.jpg,0,22,0,4,1,3,10,4,0,0,0,0.6086956521739131,0.0013173421223958333,0.6235567886263684,0.4542429654734216,2,0.9265764639830802,0.9672310375753561,-4.9200897216796875,5.005889892578125,-2.0921859741210938,0.9886820637022857,1.1013511105660956
(0)E6lPZkAWQAAXfsv.jpg,1,6,0,0,0,0,5,0,1,0,0,0.6805555555555556,0.00038941701253255207,0.6717778298402034,2.9040071914735504,5,0.7134500825135852,1.701759273915094,-3.228515625,1.0269622802734375,-0.276885986328125,0.9855814711626617,1.2245879321257893
(1)E6lPZkAWQAAXfsv.jpg,1,6,0,0,0,0,5,0,1,0,0,0.8838888888888888,0.0005057652791341146,0.5158215312773605,2.2298286275727093,7,1.0,2.385253454480734,39.2860107421875,-0.00753021240234375,-4.3419036865234375,0.9915251912602336,1.2319730221628757
(2)E6lPZkAWQAAXfsv.jpg,1,6,0,0,0,0,5,0,1,0,0,0.715,0.00040912628173828125,0.5478473693849232,2.3682721129724174,5,0.848929477004974,2.024911967636637,-5.422889709472656,1.8352203369140625,1.5901336669921875,1.0,1.2425029974246358
(3)E6lPZkAWQAAXfsv.jpg,1,6,0,0,0,0,5,0,1,0,0,0.8444444444444444,0.0004831949869791667,1.0,4.3228684581096255,5,0.714760620343331,1.7048852388007225,3.375091552734375,4.5560455322265625,-0.5176162719726562,0.9826378981270187,1.2209305338058647
(4)E6lPZkAWQAAXfsv.jpg,1,6,0,0,0,0,5,0,1,0,0,0.7516666666666667,0.00043010711669921875,0.6155401664344274,2.660899170178936,5,0.693046602298877,1.653091802249532,6.6957550048828125,5.816642761230469,3.703857421875,0.9973214170048291,1.2391748500242854
(5)E6lPZkAWQAAXfsv.jpg,1,6,0,0,0,0,5,0,1,0,0,1.0,0.00057220458984375,0.6492381013142252,2.8065709099742455,5,0.6701412309342181,1.598456686075815,8.807968139648438,-1.665557861328125,1.207916259765625,0.9933355780878388,1.2342224332226732
(0)E6mVXcUXsAAf_Xq.jpg,0,3,0,1,2,0,0,0,0,0,0,0.043835616438356165,0.00023396809895833334,0.5717758789888824,2.8055530971763436,3,0.9520284605533788,0.8292783517874243,68.10084533691406,6.278594970703125,0.952056884765625,1.0,1.130615900270203
(1)E6mVXcUXsAAf_Xq.jpg,1,3,0,1,2,0,0,0,0,0,0,1.0,0.0053373972574869795,0.032353043624555974,0.158747832987406,2,0.7258360000682509,0.6322500920347508,5.2714996337890625,6.6462860107421875,0.57110595703125,0.8386910477652338,0.9482374340176496
(2)E6mVXcUXsAAf_Xq.jpg,0,3,0,1,2,0,0,0,0,0,0,0.06253722453841572,0.0003337860107421875,1.0,4.906735663871708,3,1.0,0.8710646647111743,27.733428955078125,0.047576904296875,-4.682792663574219,0.983868308803181,1.1123771537048306
(0)E6qfaJaXsAE2DlK.jpg,0,6,2,2,1,0,0,1,0,0,0,0.16986938629450707,0.020772071693621788,0.10915947085869485,0.3842602906993421,6,0.8441335547189067,0.7769238936709892,-25.020309448242188,-19.497535705566406,19.151504516601562,0.9434898677139497,1.0912090551592397
(1)E6qfaJaXsAE2DlK.jpg,1,6,2,2,1,0,0,1,0,0,0,1.0,0.12228260869565218,0.22506683788715814,0.7922743475484004,2,1.0,0.9203802992166352,-9.929306030273438,5.623329162597656,0.36019134521484375,0.9644147960859873,1.1154101325629122
(2)E6qfaJaXsAE2DlK.jpg,0,6,2,2,1,0,0,1,0,0,0,0.014492753623188406,0.001772211720226843,0.07034229655040933,0.24761709733742837,3,0.9678698481148581,0.8908083404107124,6.0461883544921875,7.64190673828125,0.081085205078125,0.9508003592318384,1.0996641269252077
(3)E6qfaJaXsAE2DlK.jpg,0,6,2,2,1,0,0,1,0,0,0,0.012989801395598497,0.0015884268010922075,1.0,3.5201736292470747,2,0.7133635554794394,0.6565657626424093,72.51652526855469,25.31243896484375,12.281036376953125,1.0,1.156566797906595
(4)E6qfaJaXsAE2DlK.jpg,0,6,2,2,1,0,0,1,0,0,0,0.0175344426552156,0.002144157389904082,0.05992755014307035,0.210955381679018,1,0.9313966289407266,0.8572391080338313,23.223159790039062,-4.1273193359375,-5.54962158203125,0.9958043685027594,1.1517142698206355
(5)E6qfaJaXsAE2DlK.jpg,0,6,2,2,1,0,0,1,0,0,0,0.030059044551798177,0.0036756983826927115,0.02577083335578361,0.09071780798275036,1,0.960561888598463,0.8840822384443496,32.08113098144531,-2.957672119140625,-4.3932037353515625,0.9577604191094101,1.1077139010910488
(0)E6t2GGfWUA8RZJQ.jpg,1,5,1,1,0,0,1,2,0,0,0,1.0,0.04487022409286593,0.7010774114648177,4.144214332241175,2,1.0,3.5966909363316377,61.592132568359375,-23.189552307128906,-21.391464233398438,1.0,1.7683175950493168
(1)E6t2GGfWUA8RZJQ.jpg,0,5,1,1,0,0,1,2,0,0,0,0.048828804711551335,0.0021909594095940958,0.00644778422513044,0.038114193040614135,6,0.21471943980808797,0.7722794630119566,17.596893310546875,4.641059875488281,1.063385009765625,0.9664091925433752,1.7089183791918534
(2)E6t2GGfWUA8RZJQ.jpg,1,5,1,1,0,0,1,2,0,0,0,0.3869361531254183,0.017361911900369002,1.0,5.911207898686013,1,0.5287403526107638,1.9017156339079284,-50.353675842285156,-17.88470458984375,5.40802001953125,0.9859662187275005,1.7435014127000825
(3)E6t2GGfWUA8RZJQ.jpg,0,5,1,1,0,0,1,2,0,0,0,0.08769910319903627,0.0039350784132841325,0.004232749805638331,0.025020664084250986,6,0.2697082819305642,0.9700573330732382,69.38534545898438,-0.6494064331054688,14.530265808105469,0.9258436742328752,1.6371856594111012
(0)E6tsmfkVcAEPjWy.jpg,1,16,0,0,0,4,7,5,0,0,0,0.6212299255777517,0.0010083516438802083,0.49041740860230065,0.46773515644620894,5,0.8831869071018515,1.1016946471679792,-7.6562957763671875,-2.15020751953125,5.382453918457031,0.9931208587584731,1.0311259021086252
(1)E6tsmfkVcAEPjWy.jpg,1,16,0,0,0,4,7,5,0,0,0,0.5076380728554641,0.000823974609375,0.5197249786511974,0.4956872246669263,4,0.9308891698054453,1.1611988439079444,-3.42608642578125,11.55999755859375,0.1315460205078125,0.9903925245148477,1.0282931591615794
(2)E6tsmfkVcAEPjWy.jpg,1,16,0,0,0,4,7,5,0,0,0,1.0,0.0016231536865234375,0.2463607297177384,0.23496632141412116,4,0.9979892826463014,1.2449000792259783,-17.025146484375,7.760215759277344,-1.881683349609375,0.9885290608914795,1.026358383960005
(3)E6tsmfkVcAEPjWy.jpg,1,16,0,0,0,4,7,5,0,0,0,0.7109283196239718,0.0011539459228515625,0.47161797332213906,0.44980521218316283,4,0.8816375813001227,1.0997620053582349,0.03083038330078125,2.5963897705078125,5.216560363769531,0.9977812842830797,1.0359646741783985
(4)E6tsmfkVcAEPjWy.jpg,1,16,0,0,0,4,7,5,0,0,0,0.5679592636114376,0.0009218851725260416,0.7287301375104058,0.6950257044237764,5,0.837814062504821,1.045096185826015,1.0014724731445312,4.655204772949219,1.0854339599609375,0.9978828764894322,1.0360701541454123
(5)E6tsmfkVcAEPjWy.jpg,1,16,0,0,0,4,7,5,0,0,0,0.9024676850763808,0.00146484375,0.36511743233501476,0.3482304182903655,6,1.0,1.247408264670899,3.964874267578125,9.507843017578125,-1.66766357421875,0.9998999283835193,1.0381643951791677
(6)E6tsmfkVcAEPjWy.jpg,1,16,0,0,0,4,7,5,0,0,0,0.4954954954954955,0.0008042653401692709,0.40769220450225585,0.38883606843859475,5,0.8597359965627143,1.0724417875474015,-3.56195068359375,4.309906005859375,5.723602294921875,0.9979766454267538,1.0361675114602171
(7)E6tsmfkVcAEPjWy.jpg,1,16,0,0,0,4,7,5,0,0,0,0.5405405405405406,0.00087738037109375,0.5156574999590315,0.49180787057171993,5,0.8343954144940079,1.040831736043326,7.025177001953125,-2.2448959350585938,0.12641143798828125,0.9932787647860288,1.0312898509308412
(8)E6tsmfkVcAEPjWy.jpg,1,16,0,0,0,4,7,5,0,0,0,0.5170387779083431,0.0008392333984375,1.0,0.9537490885147479,6,0.9565340341725752,1.1931884596658666,12.293197631835938,10.556060791015625,3.8197479248046875,0.9793712702615652,1.016850140284208
(9)E6tsmfkVcAEPjWy.jpg,1,16,0,0,0,4,7,5,0,0,0,0.7403055229142186,0.001201629638671875,0.7973865768628017,0.760506720876792,5,0.8048019202457736,1.0039165667375878,-6.53216552734375,1.197265625,2.97833251953125,0.9875731131903503,1.0253658537689387
(10)E6tsmfkVcAEPjWy.jpg,1,16,0,0,0,4,7,5,0,0,0,0.6239717978848414,0.0010128021240234375,0.4588661429158011,0.43764316555622335,5,0.7354844734755681,0.9174494107505484,-0.017120361328125,-4.294097900390625,-8.485404968261719,0.998594512097554,1.0368090228358904
(11)E6tsmfkVcAEPjWy.jpg,1,16,0,0,0,4,7,5,0,0,0,0.5679592636114376,0.0009218851725260416,0.8598848227510675,0.8201143659264961,5,0.9343086490251041,1.1654643305474173,1.4253387451171875,1.8272323608398438,3.823150634765625,0.9818874474613228,1.0194626072987552
(12)E6tsmfkVcAEPjWy.jpg,1,16,0,0,0,4,7,5,0,0,0,0.5703094398746573,0.0009256998697916666,0.518329012933528,0.4943558236361013,6,0.6049666962255106,0.7546404567223511,4.270133972167969,7.15338134765625,-0.912872314453125,0.9964093407808199,1.0345402287355971
(13)E6tsmfkVcAEPjWy.jpg,1,16,0,0,0,4,7,5,0,0,0,0.5891108499804152,0.0009562174479166666,0.6663364890451465,0.6355178190709259,6,0.7647192447891573,0.9539171061028833,4.116050720214844,-4.963371276855469,5.733245849609375,0.9900418117354043,1.027929025201553
(14)E6tsmfkVcAEPjWy.jpg,1,16,0,0,0,4,7,5,0,0,0,0.5264394829612221,0.0008544921875,0.7454374546127355,0.7109602928816502,6,0.8167919547586525,1.0188730348826422,-7.233528137207031,1.5676116943359375,2.9955902099609375,0.9941339551559707,1.0321777679793094
(15)E6tsmfkVcAEPjWy.jpg,1,16,0,0,0,4,7,5,0,0,0,0.863689776733255,0.0014019012451171875,0.32734651484610494,0.312206440162952,4,0.8956216190514457,1.1172058096227049,-10.550498962402344,3.0282745361328125,3.3976821899414062,1.0,1.0382682963659258
(0)E6utmZGX0AA1XZK.jpg,1,3,0,2,1,0,0,0,0,0,0,1.0,0.011798244521538066,0.9925259924811806,0.7435897120936431,3,1.0,1.2542158541861197,-0.16536712646484375,6.76031494140625,4.1168670654296875,0.9466585745653232,1.0994491287172992
(1)E6utmZGX0AA1XZK.jpg,1,3,0,2,1,0,0,0,0,0,0,0.7074839836924869,0.00834706903467581,0.8015875767687013,0.6005407212935852,2,0.7014812157867488,0.8798088622534949,8.867889404296875,-10.807754516601562,17.677993774414062,1.0,1.1613998523407796
(2)E6utmZGX0AA1XZK.jpg,1,3,0,2,1,0,0,0,0,0,0,0.9172976121141526,0.010822501526745751,1.0,0.7491891574897395,2,0.9287328200559466,1.164831427217153,1.0321502685546875,-0.4080810546875,3.1346511840820312,0.9798549871309782,1.1380034373692944
(0)E6vBwbKXIAgtLsY.jpg,0,10,0,3,6,0,0,1,0,0,0,0.19055118110236222,0.001954509540406427,0.5147518647353991,1.3531952088895887,6,0.8189808483850869,0.885438822268483,44.64997863769531,-0.8042678833007812,33.06675720214844,0.9872635300420679,1.0453310856911133
(1)E6vBwbKXIAgtLsY.jpg,0,10,0,3,6,0,0,1,0,0,0,0.16611923509561305,0.0017039077268431002,0.8013166200973112,2.106525270533344,3,0.7849635073096889,0.8486610704103063,2.76263427734375,-2.2486724853515625,-3.2088088989257812,0.976786863964185,1.0342382169763642
(2)E6vBwbKXIAgtLsY.jpg,0,10,0,3,6,0,0,1,0,0,0,0.16454443194600674,0.0016877547554347825,0.3332232589835537,0.8759873415493239,3,0.6176626422852542,0.6677842145182128,-5.23681640625,-6.849510192871094,4.940277099609375,1.0,1.058816672430482
(3)E6vBwbKXIAgtLsY.jpg,1,10,0,3,6,0,0,1,0,0,0,1.0,0.010257136844281664,0.18418609658394233,0.48419395929645426,2,0.9332611979272358,1.0089926981699275,-24.598388671875,4.501991271972656,-0.0035400390625,0.9961575102300196,1.0547481801983831
(4)E6vBwbKXIAgtLsY.jpg,0,10,0,3,6,0,0,1,0,0,0,0.07748031496062992,0.000794726193289225,1.0,2.628830124948026,2,0.6943150605143237,0.7506567591627065,16.9969482421875,-5.4221038818359375,-11.597549438476562,0.9733727853126383,1.0306233335791175
(5)E6vBwbKXIAgtLsY.jpg,0,10,0,3,6,0,0,1,0,0,0,0.23037120359955005,0.0023629489603024575,0.5049485582258669,1.3274239814132314,3,0.860952071538174,0.9308158911842178,13.739883422851562,-4.3599090576171875,-0.9376144409179688,0.9916385610639399,1.049963441479472
(6)E6vBwbKXIAgtLsY.jpg,0,10,0,3,6,0,0,1,0,0,0,0.1889763779527559,0.0019383565689981097,0.4736376399070185,1.2451128960968554,3,1.0,1.0811471648139779,26.689865112304688,1.4902267456054688,4.02642822265625,0.9900612670179462,1.0482933762462485
(7)E6vBwbKXIAgtLsY.jpg,0,10,0,3,6,0,0,1,0,0,0,0.08670416197975253,0.000889336454395085,0.9018991843634735,2.3709397455207526,3,0.9271548310783341,1.0023908169639235,4.594871520996094,14.208770751953125,7.545684814453125,0.9722041130669054,1.0293859239207288
(8)E6vBwbKXIAgtLsY.jpg,0,10,0,3,6,0,0,1,0,0,0,0.056152980877390325,0.000575968809073724,0.4226187899904054,1.1109930064958609,3,0.6620838285935793,0.7158100541531319,-23.42932891845703,-10.003387451171875,18.136367797851562,0.9916354492660998,1.0499601466560378
(9)E6vBwbKXIAgtLsY.jpg,0,10,0,3,6,0,0,1,0,0,0,0.06825646794150732,0.0007001159321833649,0.3857522816756301,1.0140772188363327,2,0.5984664256951102,0.6470302793766236,18.12444305419922,-14.037750244140625,4.837532043457031,0.9961231596537412,1.0547118092355119
(0)E6vuJt2XMAQTzzc.jpg,1,6,0,2,2,2,0,0,0,0,0,1.0,0.005520184834798177,0.14936872712143087,0.3230051244277769,3,0.8050086105547553,0.8937082383670145,44.572296142578125,-11.703285217285156,5.1268463134765625,0.984919642765071,1.0488149543013603
(1)E6vuJt2XMAQTzzc.jpg,1,6,0,2,2,2,0,0,0,0,0,0.8931759285919953,0.0049304962158203125,0.12217198151111879,0.2641930265463519,2,0.7948334013022086,0.8824118767916489,28.523780822753906,-1.755218505859375,1.2882156372070312,0.9769694989417693,1.0403490557968726
(2)E6vuJt2XMAQTzzc.jpg,1,6,0,2,2,2,0,0,0,0,0,0.8324791246760725,0.004595438639322917,0.43631717338256504,0.9435220182591408,2,0.8399920049763846,0.9325462674150606,-9.9259033203125,-3.6466140747070312,-17.74140167236328,0.9770375768614096,1.0404215501782172
(3)E6vuJt2XMAQTzzc.jpg,1,6,0,2,2,2,0,0,0,0,0,0.15202994529225453,0.0008392333984375,1.0,2.1624682130763992,3,1.0,1.1101846944856077,-41.118011474609375,0.30356597900390625,-0.13116455078125,1.0,1.064873629037298
(4)E6vuJt2XMAQTzzc.jpg,1,6,0,2,2,2,0,0,0,0,0,0.626432479124676,0.0034580230712890625,0.15447454785836548,0.3340462994730643,4,0.6907846395857759,0.7668985340538853,-65.82875061035156,-16.33929443359375,-12.71673583984375,0.9222329168270565,0.9820615129592803
(5)E6vuJt2XMAQTzzc.jpg,1,6,0,2,2,2,0,0,0,0,0,0.7979844514828678,0.004405021667480469,0.4898092261042152,1.0591968819219162,4,0.7650236489718625,0.8493175460080921,-88.17782592773438,-31.472320556640625,15.454261779785156,0.9917863455573488,1.0561271250232935
(0)E6vuJtyWQAY1eQd.jpg,1,7,2,3,1,0,0,1,0,0,0,0.6906122448979591,0.004840850830078125,0.10476308104598892,0.14683482485958702,2,0.8356439200180745,1.1027612481072484,23.8077392578125,-6.363899230957031,-1.220947265625,0.9637954279850306,1.0241044914717634
(1)E6vuJtyWQAY1eQd.jpg,1,7,2,3,1,0,0,1,0,0,0,1.0,0.0070095062255859375,0.10950525925990894,0.1534814116203203,1,0.864379994093092,1.1406829371826421,5.9857177734375,12.732345581054688,6.337211608886719,0.9478352343158947,1.0071455958942104
(2)E6vuJtyWQAY1eQd.jpg,0,7,2,3,1,0,0,1,0,0,0,0.13555555555555557,0.0009501775105794271,0.7441653741827007,1.0430143070794071,2,0.9276485296946372,1.224175544038884,-23.47527313232422,13.382797241210938,3.421142578125,0.9865306378434272,1.048262346815832
(3)E6vuJtyWQAY1eQd.jpg,0,7,2,3,1,0,0,1,0,0,0,0.15020408163265306,0.0010528564453125,0.5153813633669163,0.7223530605467408,2,0.9156937044420949,1.2083993052599165,42.12841796875,-4.734130859375,-1.4067306518554688,1.0,1.0625745482242208
(4)E6vuJtyWQAY1eQd.jpg,0,7,2,3,1,0,0,1,0,0,0,0.06784580498866213,0.0004755655924479167,1.0,1.4015894091080565,6,1.0,1.3196544864269417,12.69976806640625,-11.205772399902344,16.366790771484375,0.9768223133036317,1.0379465282539446
(5)E6vuJtyWQAY1eQd.jpg,0,7,2,3,1,0,0,1,0,0,0,0.11428571428571428,0.00080108642578125,0.9178310417112333,1.2864222674130794,3,0.6734607341743217,0.8887354792855255,35.958282470703125,5.0814361572265625,13.5689697265625,0.9708465819054175,1.031596868163178
(6)E6vuJtyWQAY1eQd.jpg,0,7,2,3,1,0,0,1,0,0,0,0.1306122448979592,0.00091552734375,0.526863462847061,0.7384462495724367,1,0.7522381179420937,0.9926944072036429,-6.06622314453125,-16.390213012695312,-5.4646759033203125,0.991040622271999,1.0530545414825199
(0)E6v_aAGVEAUVYFz.jpg,1,3,0,0,0,0,2,1,0,0,0,1.0,0.061650594075520836,0.48396282029890464,1.6662814967496422,5,0.8979796305465845,1.030675973589033,-12.604324340820312,4.0895233154296875,-1.0164642333984375,0.9345522834260622,1.2436903756088247
(1)E6v_aAGVEAUVYFz.jpg,0,3,0,0,0,0,2,1,0,0,0,0.011068943706514863,0.0006824069552951389,0.13081873079103223,0.45040821609135306,6,0.6867925150543613,0.7882812928356204,-41.927249908447266,3.3308944702148438,8.70550537109375,1.0,1.3307873702362207
(2)E6v_aAGVEAUVYFz.jpg,0,3,0,0,0,0,2,1,0,0,0,0.01719467590682837,0.001060061984592014,1.0,3.442994847663122,5,1.0,1.1477721081063705,-30.009124755859375,2.4105148315429688,0.74737548828125,0.9853405010183162,1.3112786941374053
(0)E6wbnqXWEAEo38f.jpg,0,58,30,8,19,0,1,0,0,0,0,0.015587529976019185,0.00022723785588458646,0.29829639464686725,1.9638977482422768,3,0.626543391015681,1.0928329015946345,0.8302230834960938,5.643013000488281,-0.476715087890625,0.9608405538367244,1.1884856833270092
(1)E6wbnqXWEAEo38f.jpg,0,58,30,8,19,0,1,0,0,0,0,0.020250466293631763,0.00029521499226031745,0.522995517814711,3.4432522089079884,1,0.5822882769491362,1.015642007222032,8.095756530761719,2.843536376953125,0.5969009399414062,0.960347527465718,1.187875847718901
(2)E6wbnqXWEAEo38f.jpg,0,58,30,8,19,0,1,0,0,0,0,0.012789768185451638,0.00018645157405914787,0.23325527584734929,1.5356857113360065,1,0.6917444132617446,1.20655818119992,2.1190109252929688,7.908477783203125,0.1898345947265625,0.9549092324068166,1.1811490960290358
(3)E6wbnqXWEAEo38f.jpg,0,58,30,8,19,0,1,0,0,0,0,0.010991207034372502,0.00016023182145708022,0.5648113104060057,3.7185553717512008,1,0.5461968970490094,0.9526905054036644,7.7451324462890625,5.012969970703125,-0.199676513671875,0.9550752169242822,1.1813544060795682
(4)E6wbnqXWEAEo38f.jpg,0,58,30,8,19,0,1,0,0,0,0,0.02378097521982414,0.0003466833955162281,0.3258738808447366,2.1454599931037803,1,0.7118452338859944,1.2416185432470275,0.0798797607421875,7.446647644042969,2.3367767333984375,0.9594164656383336,1.186724196024226
(5)E6wbnqXWEAEo38f.jpg,0,58,30,8,19,0,1,0,0,0,0,0.04996003197442046,0.0007283264611685464,0.2140480747462484,1.4092310183882626,1,0.6383161928251396,1.1133673216297302,7.498260498046875,0.2024078369140625,0.3263397216796875,0.9420766385606371,1.1652761668471496
(6)E6wbnqXWEAEo38f.jpg,0,58,30,8,19,0,1,0,0,0,0,0.05369038102851052,0.0007827081702691312,0.322016668548962,2.1200652157008153,1,0.6489599590205664,1.1319324490607081,15.833702087402344,6.70074462890625,3.9037399291992188,0.9592650510779591,1.1865369078872572
(7)E6wbnqXWEAEo38f.jpg,0,58,30,8,19,0,1,0,0,0,0,0.020250466293631763,0.00029521499226031745,0.146232824544978,0.9627548974668988,3,0.6885044694276665,1.2009069888452144,3.9439544677734375,5.211982727050781,0.3924560546875,0.9682277619337699,1.1976230901819116
(8)E6wbnqXWEAEo38f.jpg,0,58,30,8,19,0,1,0,0,0,0,0.02344790833999467,0.0003418278857751044,0.5355523976035946,3.525923097275685,1,0.8252474125607895,1.4394175045726412,5.390098571777344,5.607879638671875,1.2301025390625,0.9486705260308004,1.1734322972524136
(9)E6wbnqXWEAEo38f.jpg,0,58,30,8,19,0,1,0,0,0,0,0.02664535038635758,0.0003884407792898914,0.47675427928079533,3.138813181610329,1,0.6904111095383192,1.2042325989694285,5.908111572265625,2.6914215087890625,-2.1517181396484375,0.9638596694119461,1.1922200965167238
(10)E6wbnqXWEAEo38f.jpg,1,58,30,8,19,0,1,0,0,0,0,0.8459898747668532,0.012332994742454053,0.21750623380404538,1.4319985439385163,3,0.9005992754859893,1.5708481383993194,0.1533203125,1.9286346435546875,3.2399826049804688,0.9187445634154526,1.1364161888189181
(11)E6wbnqXWEAEo38f.jpg,1,58,30,8,19,0,1,0,0,0,0,1.0,0.014578182446749625,0.20555909259647367,1.3533419991845685,3,0.8960297288476693,1.5628778190513937,9.03521728515625,-9.631324768066406,15.097198486328125,0.926398322501813,1.1458832986962548
(12)E6wbnqXWEAEo38f.jpg,0,58,30,8,19,0,1,0,0,0,0,0.02344790833999467,0.0003418278857751044,0.26827211765945047,1.766226535896602,1,0.37928438837118966,0.6615574669159021,2.0354156494140625,6.467559814453125,0.6922073364257812,0.9887351658988419,1.222989167745321
(13)E6wbnqXWEAEo38f.jpg,1,58,30,8,19,0,1,0,0,0,0,0.8451905142552625,0.012321341519075355,0.18935811550536466,1.2466794212938108,1,0.9471616419879989,1.6520634010916848,8.387344360351562,-10.895782470703125,1.092529296875,0.9244626802514246,1.1434890584724804
(14)E6wbnqXWEAEo38f.jpg,0,58,30,8,19,0,1,0,0,0,0,0.04103383959499068,0.0005981988001064328,0.22274099271800668,1.4664626924438653,2,0.7497843548427502,1.3077929219630955,18.97882080078125,3.3958969116210938,-0.309234619140625,0.9755953650796678,1.2067362472238057
(15)E6wbnqXWEAEo38f.jpg,0,58,30,8,19,0,1,0,0,0,0,0.013855582200905941,0.00020198920523074353,0.31854464863217863,2.09720643423785,2,0.5520702409221454,0.9629349410149589,4.198448181152344,7.1192779541015625,1.4030227661132812,0.9479871998212175,1.1725870754162948
(16)E6wbnqXWEAEo38f.jpg,0,58,30,8,19,0,1,0,0,0,0,0.019984012789768184,0.00029133058446741855,0.11425871440034288,0.7522465438897903,1,0.35677047949104973,0.6222881350220082,1.2290725708007812,4.2845458984375,-0.0394744873046875,0.9450683299442226,1.1689766584262429
(17)E6wbnqXWEAEo38f.jpg,0,58,30,8,19,0,1,0,0,0,0,0.016786570743405275,0.00024471769095263157,0.23707362132655915,1.5608246007869122,1,0.5681249427702543,0.9909379598904168,0.5038375854492188,5.3079681396484375,0.21485137939453125,0.9520332115569369,1.1775916799818227
(18)E6wbnqXWEAEo38f.jpg,1,58,30,8,19,0,1,0,0,0,0,0.7451372235544897,0.010862746392841814,0.18202880022015058,1.1984253155013833,2,0.9420759561133676,1.6431928185739082,3.749176025390625,-1.7341232299804688,-4.9835357666015625,0.9313728263540723,1.1520363764222703
(19)E6wbnqXWEAEo38f.jpg,0,58,30,8,19,0,1,0,0,0,0,0.014721556088462564,0.000214613530557665,0.447412170469302,2.9456331685170096,2,0.4919008547169352,0.8579859688340962,-1.7020111083984375,7.4983673095703125,-0.7157363891601562,0.9642104153626815,1.1926539422149194
(20)E6wbnqXWEAEo38f.jpg,0,58,30,8,19,0,1,0,0,0,0,0.02378097521982414,0.0003466833955162281,0.310846261456823,2.04652246517186,1,0.9002668436852304,1.5702683024061301,2.73321533203125,5.335121154785156,0.4628143310546875,0.9478440848572041,1.1724100532401172
(21)E6wbnqXWEAEo38f.jpg,0,58,30,8,19,0,1,0,0,0,0,0.013855582200905941,0.00020198920523074353,0.17839420017409863,1.1744961531839746,3,0.5059016350276748,0.8824064855787883,3.1807937622070312,5.1896209716796875,-0.16298675537109375,0.9624682215732946,1.1904989828223338
(22)E6wbnqXWEAEo38f.jpg,0,58,30,8,19,0,1,0,0,0,0,0.01585398347988276,0.0002311222636774854,0.20840127651186585,1.3720541213948856,3,0.773898123485435,1.3498527699034713,-1.54486083984375,7.75933837890625,-0.4898681640625,0.974404529678735,1.205263275647454
(23)E6wbnqXWEAEo38f.jpg,0,58,30,8,19,0,1,0,0,0,0,0.021316280309086066,0.0003107526234319131,0.2345664245597424,1.5443179377057819,3,0.46666639697109724,0.8139713864859424,2.917938232421875,4.320762634277344,-0.0953521728515625,0.9743095182806598,1.2051457538735089
(24)E6wbnqXWEAEo38f.jpg,0,58,30,8,19,0,1,0,0,0,0,0.03916866506794564,0.0005710079455561403,0.38364742898835735,2.525824433115007,3,0.6770890463716782,1.1809959179120701,-6.188133239746094,4.8842010498046875,5.728889465332031,0.9694655986418005,1.1991541987512955
(25)E6wbnqXWEAEo38f.jpg,0,58,30,8,19,0,1,0,0,0,0,0.013988808952837729,0.000203931409127193,0.12542410485572417,0.8257562663238406,3,0.48119397777209216,0.8393107620304917,0.0330963134765625,3.4882278442382812,-0.5021209716796875,0.9437182467115169,1.1673067095601555
(26)E6wbnqXWEAEo38f.jpg,0,58,30,8,19,0,1,0,0,0,0,0.16113775646149747,0.002349095612755618,0.18626477441070466,1.226313752384068,5,0.758086606631767,1.3222739204740723,-9.677101135253906,11.357772827148438,2.5799331665039062,0.9305994378817516,1.1510797545110356
(27)E6wbnqXWEAEo38f.jpg,0,58,30,8,19,0,1,0,0,0,0,0.013988808952837729,0.000203931409127193,0.5082978358581088,3.3464868942178017,1,0.6257072328117252,1.0913744532104934,5.6019287109375,1.0118637084960938,-0.7145919799804688,0.9702900895675391,1.200174030457358
(28)E6wbnqXWEAEo38f.jpg,0,58,30,8,19,0,1,0,0,0,0,0.0495603517186251,0.0007224998494791981,0.5338768626146383,3.514891856365757,1,0.7971137737788966,1.3903460970000698,12.728500366210938,7.207489013671875,2.766571044921875,0.9523694326409246,1.178007559539733
(29)E6wbnqXWEAEo38f.jpg,0,58,30,8,19,0,1,0,0,0,0,0.04396482813749001,0.0006409272858283209,0.09787265949887834,0.644365466876919,1,0.5430159296639313,0.9471421812697565,7.305107116699219,4.65960693359375,2.0369338989257812,0.9373673468452508,1.1594511360863247
(30)E6wbnqXWEAEo38f.jpg,0,58,30,8,19,0,1,0,0,0,0,0.011191047162270184,0.00016314512730175438,0.16898330209952925,1.1125375044397816,1,0.4502752061202623,0.7853814549425402,3.2764739990234375,4.691184997558594,-0.014892578125,0.9400715794553061,1.1627960633259202
(31)E6wbnqXWEAEo38f.jpg,0,58,30,8,19,0,1,0,0,0,0,0.013855582200905941,0.00020198920523074353,0.979152797799082,6.446460665604756,1,0.7962944637515699,1.3889170356336775,13.162467956542969,12.031204223632812,1.0017013549804688,0.9464727425598144,1.1707138085501108
(32)E6wbnqXWEAEo38f.jpg,0,58,30,8,19,0,1,0,0,0,0,0.010991207034372502,0.00016023182145708022,0.3368589447448045,2.217782497313663,1,0.5972891093927624,1.0418068403058631,1.2772293090820312,7.445915222167969,-0.41951751708984375,0.9770520280036843,1.2085380269506438
(33)E6wbnqXWEAEo38f.jpg,0,58,30,8,19,0,1,0,0,0,0,0.014388489208633094,0.00020975802081654135,0.2598372687601579,1.710693914459139,2,0.5921839109592878,1.0329022234871843,-0.628509521484375,8.6239013671875,-0.3070526123046875,0.9741009207919837,1.2048877348630918
(34)E6wbnqXWEAEo38f.jpg,0,58,30,8,19,0,1,0,0,0,0,0.011191047162270184,0.00016314512730175438,0.10684245705068149,0.7034200365274486,2,0.36765537543863397,0.6412738470932355,1.46044921875,6.167747497558594,-0.29491424560546875,0.9494657212679135,1.1744158924503734
(35)E6wbnqXWEAEo38f.jpg,0,58,30,8,19,0,1,0,0,0,0,0.014721556088462564,0.000214613530557665,0.49704655467987285,3.272411691944785,1,0.6091038735038266,1.062414452053582,-3.9606475830078125,7.916450500488281,-0.5849151611328125,0.9787899875493864,1.2106877489102557
(36)E6wbnqXWEAEo38f.jpg,0,58,30,8,19,0,1,0,0,0,0,0.010391686650679457,0.00015149190392305765,0.16370825320028667,1.077808098248485,2,0.4882298244666696,0.8515828645993906,2.91302490234375,9.074600219726562,0.4376068115234375,0.9401394400045875,1.1628800015932652
(37)E6wbnqXWEAEo38f.jpg,0,58,30,8,19,0,1,0,0,0,0,0.011191047162270184,0.00016314512730175438,0.14950849194765947,0.9843209503980195,3,0.3838112662184719,0.6694533622743867,0.3764190673828125,4.8626556396484375,-0.625701904296875,0.9479356762272483,1.1725233447030756
(38)E6wbnqXWEAEo38f.jpg,0,58,30,8,19,0,1,0,0,0,0,0.018118838262723154,0.0002641397299171262,0.21402633059488058,1.4090878611437399,1,0.38786678932518,0.6765271087183532,8.160209655761719,4.5436553955078125,0.6811294555664062,1.0,1.2369228989984622
(39)E6wbnqXWEAEo38f.jpg,0,58,30,8,19,0,1,0,0,0,0,0.010391686650679457,0.00015149190392305765,0.244527720372792,1.609900247005841,3,0.5133660345710536,0.8954260809150802,-0.17392730712890625,8.840263366699219,-0.4901275634765625,0.9590261708477026,1.1862414314603347
(40)E6wbnqXWEAEo38f.jpg,0,58,30,8,19,0,1,0,0,0,0,0.014721556088462564,0.000214613530557665,0.5762009507592237,3.7935414910754197,1,0.7065200906820671,1.2323302931714486,5.732002258300781,3.3255767822265625,0.06626129150390625,0.9702031351378948,1.2000664745321616
(41)E6wbnqXWEAEo38f.jpg,0,58,30,8,19,0,1,0,0,0,0,0.016786570743405275,0.00024471769095263157,0.34606551918684586,2.2783959379727583,3,0.44821173313096996,0.7817822929266502,-0.9833221435546875,7.426689147949219,1.206329345703125,0.9603064725170439,1.187825065912769
(42)E6wbnqXWEAEo38f.jpg,0,58,30,8,19,0,1,0,0,0,0,0.010391686650679457,0.00015149190392305765,0.33479605167794924,2.204201002124431,1,0.5447880810177124,0.9502332126871942,2.738067626953125,8.750152587890625,0.1397552490234375,0.9470540977195879,1.1714329000596855
(43)E6wbnqXWEAEo38f.jpg,0,58,30,8,19,0,1,0,0,0,0,0.010391686650679457,0.00015149190392305765,1.0,6.5837126545468365,1,0.7447907125700758,1.2990828842344624,6.24853515625,7.631034851074219,0.8771438598632812,0.9543662455625302,1.1804774631674833
(44)E6wbnqXWEAEo38f.jpg,0,58,30,8,19,0,1,0,0,0,0,0.01498800959232614,0.00021849793835056392,0.27536353609563935,1.8129143971936255,1,0.4440387907443445,0.7745037407913058,5.080558776855469,2.873016357421875,0.41764068603515625,0.97509577145552,1.2061182884299038
(45)E6wbnqXWEAEo38f.jpg,0,58,30,8,19,0,1,0,0,0,0,0.014388489208633094,0.00020975802081654135,0.1800206988363863,1.1852045530094815,3,0.407745574914949,0.7112001916169344,-0.0089874267578125,1.8545989990234375,-1.6396331787109375,0.9743004818710124,1.2051345765314914
(46)E6wbnqXWEAEo38f.jpg,0,58,30,8,19,0,1,0,0,0,0,0.013988808952837729,0.000203931409127193,0.22579388156790878,1.4865620353978908,1,0.6764123044980963,1.1798155275417586,5.140846252441406,8.014114379882812,1.3966522216796875,0.9537101928665846,1.1796659765649182
(47)E6wbnqXWEAEo38f.jpg,0,58,30,8,19,0,1,0,0,0,0,0.02664535038635758,0.0003884407792898914,0.3736490134634476,2.459997738298241,1,0.7833742234294458,1.3663812241910929,1.5916213989257812,2.1641006469726562,-0.62750244140625,0.9199644336479763,1.1379250742433333
(48)E6wbnqXWEAEo38f.jpg,0,58,30,8,19,0,1,0,0,0,0,0.009525712763122834,0.00013886757859613618,0.2494204939014778,1.6421128620024814,3,0.4512316666975498,0.7870497377828453,1.4297637939453125,9.405548095703125,-0.589508056640625,0.9398704218470935,1.1625472468740143
(49)E6wbnqXWEAEo38f.jpg,0,58,30,8,19,0,1,0,0,0,0,0.0121236344257927,0.0001767405545769006,0.18271472560413268,1.2029412511319812,3,0.495031106642802,0.863445833775488,1.1932296752929688,5.9319915771484375,-0.4926605224609375,0.9108413705780743,1.1266405486231643
(50)E6wbnqXWEAEo38f.jpg,0,58,30,8,19,0,1,0,0,0,0,0.011191047162270184,0.00016314512730175438,0.2353967130170561,1.549784318329122,1,0.22358009843468307,0.3899740883310563,1.7398452758789062,-1.4224853515625,-0.9286956787109375,0.9465203527857968,1.170772698728855
(51)E6wbnqXWEAEo38f.jpg,0,58,30,8,19,0,1,0,0,0,0,0.01298960831334932,0.00018936487990382206,0.21114437660898758,1.3901139042169945,1,0.3930061326017667,0.685491281839928,4.72796630859375,6.5577239990234375,0.4889984130859375,0.9759238504553585,1.2071425583069837
(52)E6wbnqXWEAEo38f.jpg,0,58,30,8,19,0,1,0,0,0,0,0.03670397015720757,0.0005350771734718255,0.32657827757978736,2.1500975388021555,2,1.0,1.744225407633872,8.751113891601562,2.3422698974609375,1.3224639892578125,0.9632492743485448,1.191465084885367
(53)E6wbnqXWEAEo38f.jpg,0,58,30,8,19,0,1,0,0,0,0,0.011191047162270184,0.00016314512730175438,0.2018467742872223,1.3289011621542446,1,0.6792231728929172,1.1847183156135204,0.3343048095703125,7.4645538330078125,-0.4396820068359375,0.9571283402174141,1.1838939612953103
(54)E6wbnqXWEAEo38f.jpg,0,58,30,8,19,0,1,0,0,0,0,0.019184652278177457,0.00027967736108872184,0.335502118368224,2.208849542328147,3,0.5457338631214632,0.9518828698626419,4.1641998291015625,3.5273666381835938,1.628814697265625,0.978996289374442,1.2109429283617723
(0)E6weEQsWYAMxBiY.jpg,1,5,3,1,0,0,0,1,0,0,0,1.0,0.019821057667623515,0.08180515895312282,0.1788590129730652,1,1.0,0.9672272635644568,-5.0119476318359375,-2.3041763305664062,4.6955108642578125,0.8253028335369655,1.162177312915758
(1)E6weEQsWYAMxBiY.jpg,0,5,3,1,0,0,0,1,0,0,0,0.017514165869453233,0.00034714929169875607,1.0,2.186402609101433,1,0.9775810769176803,0.9455430699394827,2.48822021484375,10.490730285644531,0.9079742431640625,1.0,1.4081828702017947
(2)E6weEQsWYAMxBiY.jpg,1,5,3,1,0,0,0,1,0,0,0,0.6518507616454485,0.012920371537258746,0.4344032894279756,0.9497804854075709,6,0.6530489334852045,0.6316467329085814,24.281707763671875,-0.7079925537109375,-0.8094482421875,0.9180786433750247,1.2928226190988121
(3)E6weEQsWYAMxBiY.jpg,0,5,3,1,0,0,0,1,0,0,0,0.20649054382220913,0.004092860976918948,0.2063805750623108,0.4512310277840905,1,0.4519513750217291,0.43713969172646067,-6.790985107421875,9.527511596679688,2.1953887939453125,0.7992653070850065,1.1255117141836832
(4)E6weEQsWYAMxBiY.jpg,0,5,3,1,0,0,0,1,0,0,0,0.11509308999926411,0.0022812667740203974,0.36602641448580636,0.8002811076318096,2,0.9601340361462541,0.9286678164368387,17.746421813964844,3.8098297119140625,6.241607666015625,0.9843099392709154,1.386088395450672
(0)E6wRyEuWYAAjfb9.jpg,1,2,0,1,1,0,0,0,0,0,0,1.0,0.01381894152043371,1.0,1.7350621955931915,2,1.0,1.3800500470807016,2.5167160034179688,-2.8351821899414062,-6.97100830078125,0.9956463465835602,1.6691503479202559
(1)E6wRyEuWYAAjfb9.jpg,0,2,0,1,1,0,0,0,0,0,0,0.5050675675675675,0.0069794991800839175,0.5675119749012156,0.9846685731975314,3,0.7669680797369807,1.0584543345504154,-3.6599884033203125,12.160285949707031,-0.4427642822265625,1.0,1.6764490259495683
(0)E6wRz4LXsAo7sz9.jpg,0,28,4,7,0,4,6,7,0,0,0,0.0981012658227848,0.00034162733289930556,0.2537845371457167,0.7261630350570238,1,0.6069265122325688,0.7034754230496258,-16.790374755859375,-8.791900634765625,-0.368499755859375,1.0,1.3695333997447594
(1)E6wRz4LXsAo7sz9.jpg,0,28,4,7,0,4,6,7,0,0,0,0.43865628042843235,0.0015275743272569445,0.3916442882741668,1.120626214010127,5,0.5238304648688229,0.6071605877363135,-2.667388916015625,0.37813568115234375,8.7198486328125,0.9837260194361309,1.3472456398157435
(2)E6wRz4LXsAo7sz9.jpg,0,28,4,7,0,4,6,7,0,0,0,0.5886075949367089,0.0020497639973958335,0.29316725411210903,0.8388502523427911,2,0.5575603398672732,0.6462561579671512,-4.979827880859375,2.40911865234375,-1.5354995727539062,0.9872085733877792,1.3520151137689391
(3)E6wRz4LXsAo7sz9.jpg,0,28,4,7,0,4,6,7,0,0,0,0.561952288218111,0.001956939697265625,0.1286194112258865,0.368023454358096,1,0.8185797554397908,0.948798129842127,-15.178085327148438,-5.866905212402344,4.5176849365234375,0.9766913254561719,1.3376113914532064
(4)E6wRz4LXsAo7sz9.jpg,0,28,4,7,0,4,6,7,0,0,0,0.5816699123661149,0.002025604248046875,0.23837496987163673,0.6820710731648132,5,0.7621333068329134,0.8833722693581215,-6.54541015625,-6.275093078613281,-2.3369903564453125,0.9759758879038064,1.3366315758298102
(5)E6wRz4LXsAo7sz9.jpg,0,28,4,7,0,4,6,7,0,0,0,0.7431840311587147,0.0025880601671006945,0.1952701334002822,0.5587336183706183,4,0.5271668939809936,0.6110277707211623,-21.952056884765625,2.2211837768554688,-5.25634765625,0.9799740862854319,1.3421072420522517
(6)E6wRz4LXsAo7sz9.jpg,0,28,4,7,0,4,6,7,0,0,0,0.5584225900681596,0.0019446478949652778,0.18782551200559167,0.53743204922216,4,0.8317972504514233,0.9641182430808143,-8.434555053710938,0.056854248046875,-0.1700592041015625,0.9736718172896918,1.3334760741684097
(7)E6wRz4LXsAo7sz9.jpg,0,28,4,7,0,4,6,7,0,0,0,0.5248296007789679,0.001827663845486111,0.21641843731000032,0.6192460385759972,6,0.7517707882553875,0.8713612976947329,4.44012451171875,1.1268157958984375,12.394157409667969,0.992779945603824,1.3596452941012223
(8)E6wRz4LXsAo7sz9.jpg,0,28,4,7,0,4,6,7,0,0,0,0.35272638753651414,0.00122833251953125,0.30157668504330126,0.8629124665217057,1,0.869042193264128,1.0072880525611203,5.8934783935546875,-5.762397766113281,-2.5803680419921875,0.9856664849824553,1.349903172192489
(9)E6wRz4LXsAo7sz9.jpg,0,28,4,7,0,4,6,7,0,0,0,0.7552336903602727,0.0026300218370225695,0.285723293296269,0.8175505733329063,5,0.5659462956495007,0.6559761383480996,-16.558761596679688,-4.0775604248046875,-4.452507019042969,0.9764815846094458,1.3373241443583241
(10)E6wRz4LXsAo7sz9.jpg,0,28,4,7,0,4,6,7,0,0,0,1.0,0.003482394748263889,0.5895844355662704,1.6869996413822537,5,0.6093864622556125,0.7063266980364047,-4.1137847900390625,-10.313812255859375,-1.3732452392578125,0.9619030300285716,1.317358326939815
(11)E6wRz4LXsAo7sz9.jpg,0,28,4,7,0,4,6,7,0,0,0,0.8106134371957157,0.0028228759765625,0.16053073089206943,0.4593324876116273,6,0.7456401181851636,0.8642553703142271,14.482521057128906,-9.370429992675781,0.7443008422851562,0.9860432828742944,1.350419209490316
(12)E6wRz4LXsAo7sz9.jpg,0,28,4,7,0,4,6,7,0,0,0,0.9778481012658228,0.0034052530924479165,0.11452646296367341,0.3276987828943091,4,0.7572168043318451,0.8776736574056777,-18.61681365966797,-9.242355346679688,4.1471405029296875,0.9980611737740164,1.3668781124719738
(13)E6wRz4LXsAo7sz9.jpg,0,28,4,7,0,4,6,7,0,0,0,0.30525803310613436,0.0010630289713541667,0.17573288446665242,0.5028309690529286,2,0.3801373592093102,0.44060900981742773,14.362770080566406,-14.576828002929688,9.054359436035156,0.9952070490319853,1.3629692933107243
(14)E6wRz4LXsAo7sz9.jpg,0,28,4,7,0,4,6,7,0,0,0,0.7431840311587147,0.0025880601671006945,0.1921632612434111,0.5498438107395399,4,0.7005588481359908,0.812002643039555,-10.981056213378906,1.0631790161132812,-10.640281677246094,0.9772547459075731,1.3383830145794995
(15)E6wRz4LXsAo7sz9.jpg,0,28,4,7,0,4,6,7,0,0,0,0.8062317429406037,0.0028076171875,0.3664362147198495,1.048497425526716,2,0.8424065906711675,0.9764153003833664,3.6895980834960938,-0.42464447021484375,7.3390655517578125,0.970468482162372,1.3290889997209698
(16)E6wRz4LXsAo7sz9.jpg,0,28,4,7,0,4,6,7,0,0,0,0.562317429406037,0.0019582112630208335,0.2710028080831257,0.7754303072989259,6,0.5831452462733646,0.6759110708683914,2.9327239990234375,1.44085693359375,2.4992752075195312,0.9934124058910003,1.3605114695885225
(17)E6wRz4LXsAo7sz9.jpg,0,28,4,7,0,4,6,7,0,0,0,0.48308179162609544,0.001682281494140625,0.27451474617938565,0.785479145008247,5,0.8372745128502852,0.9704668197297723,14.429443359375,-8.96368408203125,-15.797187805175781,0.979069754714785,1.3408687297618072
(18)E6wRz4LXsAo7sz9.jpg,0,28,4,7,0,4,6,7,0,0,0,0.4819863680623174,0.001678466796875,0.1898702907396471,0.5432828498589586,2,0.470594949315905,0.5454564504642488,-8.091133117675781,3.2563705444335938,9.1605224609375,0.9841819340634473,1.3478700301252857
(19)E6wRz4LXsAo7sz9.jpg,0,28,4,7,0,4,6,7,0,0,0,0.7156767283349562,0.0024922688802083335,0.2970018513631445,0.8498223265650846,6,0.8555000297378532,0.9915916230533534,10.0106201171875,-4.517890930175781,-13.273361206054688,0.9777938709211544,1.339121364292237
(20)E6wRz4LXsAo7sz9.jpg,0,28,4,7,0,4,6,7,0,0,0,0.27604673807205454,0.0009613037109375,0.35481618323317576,1.0152486018327167,2,0.8879750023099205,1.0292326629621618,16.275955200195312,11.373664855957031,-12.191986083984375,0.9830259426982297,1.3462868613408037
(21)E6wRz4LXsAo7sz9.jpg,0,28,4,7,0,4,6,7,0,0,0,0.569620253164557,0.001983642578125,0.14845151824539102,0.42476979196727127,6,0.49451621048746636,0.5731830680750749,10.836341857910156,-27.759170532226562,10.290420532226562,0.9761592608376463,1.3368827111873132
(22)E6wRz4LXsAo7sz9.jpg,0,28,4,7,0,4,6,7,0,0,0,0.34712755598831546,0.001208835177951389,0.4510825447446592,1.2906990844952508,2,0.8853344579560078,1.0261720649836403,0.48804473876953125,15.051422119140625,20.254241943359375,0.9752858275036987,1.3356865150640216
(23)E6wRz4LXsAo7sz9.jpg,0,28,4,7,0,4,6,7,0,0,0,0.23868062317429406,0.0008311801486545139,0.609333748046516,1.7435090759295222,2,0.97603656560779,1.131302920640478,7.3656463623046875,2.88525390625,8.73321533203125,0.9630286164064281,1.3188998550785873
(24)E6wRz4LXsAo7sz9.jpg,0,28,4,7,0,4,6,7,0,0,0,0.1518987341772152,0.0005289713541666666,1.0,2.861336798624888,1,1.0,1.1590784203212734,-4.80072021484375,20.161834716796875,6.777854919433594,0.9465169033727848,1.296286512592012
(25)E6wRz4LXsAo7sz9.jpg,0,28,4,7,0,4,6,7,0,0,0,0.41382667964946446,0.0014411078559027778,0.3622613211878119,1.0365516490331559,5,0.8660363851909852,1.003804085287913,1.4422607421875,-6.4114227294921875,16.715774536132812,0.9852281884866534,1.349302910502497
(26)E6wRz4LXsAo7sz9.jpg,0,28,4,7,0,4,6,7,0,0,0,0.2206669912366115,0.0007684495713975695,0.7780422046614703,2.2262407910811013,6,0.857275486336169,0.9936495164826782,-1.7234344482421875,2.8382949829101562,2.199554443359375,0.9594760944840061,1.3140345576525048
(27)E6wRz4LXsAo7sz9.jpg,0,28,4,7,0,4,6,7,0,0,0,0.34469328140214217,0.0012003580729166667,0.3710154064896613,1.061600035445639,6,0.8405998768881191,0.974321177425738,8.692039489746094,-13.1318359375,-5.053413391113281,0.9879502118974799,1.353030812478511
(0)E6wZuiTWQAEhj7I.jpg,1,7,2,0,1,0,3,1,0,0,0,1.0,0.02220728741939837,0.025348381557753586,0.28128886300249023,6,0.669260345222038,1.4315649588550359,2.8209075927734375,-5.552642822265625,-8.828079223632812,0.9332599547749614,1.4291703780336833
(1)E6wZuiTWQAEhj7I.jpg,1,7,2,0,1,0,3,1,0,0,0,0.9497795782199452,0.021092028078605277,0.023505615986985643,0.2608398481018566,5,0.7673479875241217,1.6413769290678886,-7.298980712890625,-4.129302978515625,20.27135467529297,0.9595263028709181,1.4693939903785573
(2)E6wZuiTWQAEhj7I.jpg,1,7,2,0,1,0,3,1,0,0,0,0.8183009650899559,0.018172244727323723,0.030012776493958816,0.333049262190517,5,0.6840849278154415,1.4632751193656335,3.805999755859375,-0.7094879150390625,13.506027221679688,0.9654447590934512,1.478457362565113
(3)E6wZuiTWQAEhj7I.jpg,1,7,2,0,1,0,3,1,0,0,0,0.6478613129989277,0.014387242385675996,0.036150938464015084,0.40116393048002447,5,0.6149445819762388,1.3153821550608629,1.93121337890625,-0.35497283935546875,5.16070556640625,0.9914783799605711,1.5183245823958609
(4)E6wZuiTWQAEhj7I.jpg,1,7,2,0,1,0,3,1,0,0,0,0.5433099011080662,0.01206543913171173,0.028515496756641716,0.31643407459177403,3,0.5504898590892799,1.1775118578343484,2.3554840087890625,-1.04937744140625,-2.3486785888671875,0.9872214542069195,1.5118056353892098
(5)E6wZuiTWQAEhj7I.jpg,1,7,2,0,1,0,3,1,0,0,0,0.6582270940069105,0.01461743826384681,0.03941076884730783,0.4373379946903254,1,0.4550552502656759,0.97337479394095,0.0527801513671875,1.140411376953125,7.70904541015625,1.0,1.5313743729401759
(6)E6wZuiTWQAEhj7I.jpg,0,7,2,0,1,0,3,1,0,0,0,0.041820564756344575,0.0009287213015857056,1.0,11.09691608364043,1,1.0,2.1390255213463916,6.5146331787109375,-12.112548828125,-20.855606079101562,0.9388608566933605,1.4377474556968712
(0)E6Xazq-WUAUqSse.jpg,0,9,0,0,0,2,3,4,0,0,0,0.11704918032786885,0.000453948974609375,0.2423160657634915,0.2680343284332348,6,0.41640012938841453,0.5076233808766759,44.27247619628906,-11.146247863769531,-20.855804443359375,0.9945535132982154,1.3995748858165706
(1)E6Xazq-WUAUqSse.jpg,1,9,0,0,0,2,3,4,0,0,0,0.7936065573770492,0.003077824910481771,0.2182816647640871,0.24144903161903983,4,0.7832537137575971,0.954845760604862,-3.9269256591796875,-1.313873291015625,3.0928573608398438,0.9877017607128611,1.3899328296435558
(2)E6Xazq-WUAUqSse.jpg,1,9,0,0,0,2,3,4,0,0,0,0.7805737704918033,0.0030272801717122397,0.33907834889875854,0.3750664952691798,5,0.7294895768101053,0.8893031945944064,3.497894287109375,-8.080978393554688,0.47149658203125,0.9839982777700943,1.3847211425423187
(3)E6Xazq-WUAUqSse.jpg,0,9,0,0,0,2,3,4,0,0,0,0.10491803278688525,0.0004069010416666667,1.0,1.106135194085089,6,0.721315760712831,0.8793386920183465,38.7926025390625,1.5804595947265625,5.2332611083984375,0.972063943260715,1.3679266768500007
(4)E6Xazq-WUAUqSse.jpg,1,9,0,0,0,2,3,4,0,0,0,1.0,0.0038782755533854165,0.31639586320027274,0.34997659954875293,6,0.7818177295565996,0.9530951868092523,-1.1673583984375,-1.7180633544921875,-3.5107498168945312,0.9790313422891278,1.3777314752537497
(5)E6Xazq-WUAUqSse.jpg,1,9,0,0,0,2,3,4,0,0,0,0.9422131147540984,0.0036541620890299478,0.3317693500820929,0.3669817544445397,5,0.6053526239520279,0.7379708215855448,0.05225372314453125,-2.4676895141601562,-4.655479431152344,0.9874357302640242,1.3895584611152905
(6)E6Xazq-WUAUqSse.jpg,0,9,0,0,0,2,3,4,0,0,0,0.08065573770491803,0.00031280517578125,0.8713705599510935,0.9638536434515355,5,0.5490488159372716,0.6693322036709436,74.5989990234375,2.4387588500976562,-10.283317565917969,0.9549064610452437,1.3437819919320582
(7)E6Xazq-WUAUqSse.jpg,0,9,0,0,0,2,3,4,0,0,0,0.1377049180327869,0.0005340576171875,0.43920332347745056,0.48581825345754587,6,1.0,1.2190759441459469,10.40167236328125,0.244171142578125,-15.64666748046875,1.0,1.407239396475703
(8)E6Xazq-WUAUqSse.jpg,0,9,0,0,0,2,3,4,0,0,0,0.09836065573770492,0.0003814697265625,0.796084402268991,0.8805769748119224,4,0.6808065466471228,0.8299548836345829,57.33967590332031,-6.8136749267578125,-9.437210083007812,0.9813373439523679,1.3809765716425997
(0)E6y-pTuVcAcCaic.jpg,1,7,2,2,3,0,0,0,0,0,0,0.9608340377571147,0.012364151454207922,1.0,3.4933076995283474,1,0.9291222183309379,1.3767875997558947,-2.470672607421875,1.0066986083984375,-30.802658081054688,0.9457629670717546,0.996022548529291
(1)E6y-pTuVcAcCaic.jpg,0,7,2,2,3,0,0,0,0,0,0,0.4884004884004884,0.006284808168316832,0.37805567260521755,1.3206647919621746,2,1.0,1.4818153872470476,-14.600494384765625,-18.810546875,-11.117462158203125,0.9627374115182741,1.0138990461361257
(2)E6y-pTuVcAcCaic.jpg,1,7,2,2,3,0,0,0,0,0,0,1.0,0.012868144724628713,0.5355041911251301,1.870680913987117,2,0.6668048775597688,0.988081727859449,47.81513977050781,9.670425415039062,-12.81744384765625,0.9584853906372941,1.0094210650544746
(3)E6y-pTuVcAcCaic.jpg,0,7,2,2,3,0,0,0,0,0,0,0.2272940734479196,0.002924853032178218,0.14598174303701913,0.5099591469417877,1,0.8186653262308022,1.2131108774144268,-55.38157653808594,-23.04003143310547,-15.166915893554688,0.9807920021888425,1.0329130909216078
(4)E6y-pTuVcAcCaic.jpg,0,7,2,2,3,0,0,0,0,0,0,0.01803324880247957,0.00023205445544554454,0.061384580636917464,0.21443522817126248,3,0.48119154843587614,0.7130370406855143,0.3885498046875,12.468635559082031,-0.6855316162109375,0.955166530952248,1.005925835068947
(5)E6y-pTuVcAcCaic.jpg,0,7,2,2,3,0,0,0,0,0,0,0.020757020757020756,0.00026710434715346537,0.42954596790512306,1.5005362369843227,3,0.6020402057116485,0.8921124405648987,6.837158203125,13.847785949707031,0.6947708129882812,1.0,1.053141837021964
(6)E6y-pTuVcAcCaic.jpg,0,7,2,2,3,0,0,0,0,0,0,0.10481825866441251,0.0013488165222772276,0.04284584277379057,0.1496737124544636,3,0.7012117154947357,1.0390663097379984,46.01130676269531,9.094459533691406,-0.7004013061523438,0.9847284315310835,1.0370587093504027
(0)E6y6WSAX0AA3WuH.jpg,0,255,137,34,19,64,1,0,0,0,0,0.002351900972590628,2.381423038137147e-05,0.0566826754379638,1.087965098652086,1,0.5112164987939305,1.0948582424874054,-9.305953979492188,11.303604125976562,-0.913330078125,0.9492385764545614,1.3330196325559784
(1)E6y6WSAX0AA3WuH.jpg,0,255,137,34,19,64,1,0,0,0,0,0.0033156498673740055,3.3572693206820684e-05,0.47390464252634146,9.096107535046409,1,0.8116965253158396,1.73838800828426,3.320159912109375,1.1347274780273438,-1.6082611083984375,0.9047159810679913,1.2704963689478805
(2)E6y6WSAX0AA3WuH.jpg,0,255,137,34,19,64,1,0,0,0,0,0.010141467727674625,0.00010268767762192887,0.03489881541426978,0.6698465247389688,1,0.5793328204989863,1.2407410855541858,-6.5074005126953125,6.470123291015625,-0.09381103515625,0.9645953579784348,1.3545852239383425
(3)E6y6WSAX0AA3WuH.jpg,0,255,137,34,19,64,1,0,0,0,0,0.0033952254641909816,3.4378437843784377e-05,0.10174249826873301,1.952841610082408,1,0.4098487836091698,0.8777618092658948,6.6030426025390625,6.4770355224609375,-1.2692642211914062,0.9498923713352385,1.333937759392819
(4)E6y6WSAX0AA3WuH.jpg,0,255,137,34,19,64,1,0,0,0,0,0.002519893899204244,2.5515246837183718e-05,0.08755513544422758,1.6805299120950896,1,0.5749147477412607,1.2312790212700386,-10.767776489257812,12.459754943847656,-1.197479248046875,0.9673579404470678,1.358464729848224
(5)E6y6WSAX0AA3WuH.jpg,0,255,137,34,19,64,1,0,0,0,0,0.002970822281167109,3.008113311331133e-05,0.08932935883990144,1.7145842879125783,2,0.49534991727932615,1.0608772235016206,6.765129089355469,13.639297485351562,-0.48580169677734375,0.9567240104647161,1.3435314582879323
(6)E6y6WSAX0AA3WuH.jpg,0,255,137,34,19,64,1,0,0,0,0,0.0030238726790450927,3.061829620462046e-05,0.04935138049119765,0.9472485045891346,2,0.4764469411549454,1.0203932421235795,-3.2640838623046875,11.045791625976562,0.1550445556640625,0.9435591077971067,1.3250439313880478
(7)E6y6WSAX0AA3WuH.jpg,0,255,137,34,19,64,1,0,0,0,0,0.0023872679045092837,2.4172339108910892e-05,0.019743882788607007,0.37896332909323394,1,0.2843123482156137,0.6089038961363618,-4.1811370849609375,12.767120361328125,-1.3571319580078125,0.9428027250899262,1.3239817400449996
(8)E6y6WSAX0AA3WuH.jpg,0,255,137,34,19,64,1,0,0,0,0,0.0018390804597701149,1.8621653832049873e-05,0.04686719009070291,0.8995670493073915,1,0.449910350080107,0.963560558643393,-4.9057464599609375,14.108184814453125,-1.246246337890625,0.9494938627844162,1.3333781321977551
(9)E6y6WSAX0AA3WuH.jpg,0,255,137,34,19,64,1,0,0,0,0,0.0021839080459770113,2.2113213925559223e-05,0.09136696870323716,1.7536940934898526,1,0.42889033155278516,0.9185425660782645,3.189544677734375,11.422325134277344,0.191070556640625,0.963700842540737,1.353329052234355
(10)E6y6WSAX0AA3WuH.jpg,0,255,137,34,19,64,1,0,0,0,0,0.003819628647214854,3.8675742574257426e-05,0.12835835299931175,2.4637053050989874,1,0.6637511615268799,1.4215375127226264,-18.16834259033203,9.431098937988281,-1.28582763671875,0.9724747947059256,1.3656503493048848
(11)E6y6WSAX0AA3WuH.jpg,0,255,137,34,19,64,1,0,0,0,0,0.002351900972590628,2.381423038137147e-05,0.05920951620182068,1.136465183372618,1,0.49372510896867144,1.0573974164617868,-8.536552429199219,11.427719116210938,-2.1013641357421875,0.9639930557773966,1.35373940848306
(12)E6y6WSAX0AA3WuH.jpg,0,255,137,34,19,64,1,0,0,0,0,0.0022634836427939875,2.291895856252292e-05,0.037230601331952315,0.7146027342221208,1,0.3739426474070332,0.8008626300149698,-6.4537200927734375,13.542160034179688,-1.6915054321289062,0.9701237753560209,1.3623488031734081
(13)E6y6WSAX0AA3WuH.jpg,0,255,137,34,19,64,1,0,0,0,0,0.002519893899204244,2.5515246837183718e-05,0.12220829425723827,2.345661313450091,4,0.48064886111465055,1.0293923779359195,0.7916336059570312,9.888954162597656,-0.352935791015625,0.9794920234662287,1.3755046724810018
(14)E6y6WSAX0AA3WuH.jpg,0,255,137,34,19,64,1,0,0,0,0,0.007073386383731211,7.162174550788412e-05,0.08482364838279632,1.6281018541868248,4,0.5317006154245305,1.1387285087757513,-5.8252105712890625,6.025115966796875,-4.074195861816406,0.9688820002109486,1.3606049732357501
(15)E6y6WSAX0AA3WuH.jpg,0,255,137,34,19,64,1,0,0,0,0,0.006578249336870026,6.660822332233224e-05,0.1179814048407907,2.2645305600863073,4,0.5228584155720256,1.1197914138011655,-6.648963928222656,15.061141967773438,-2.5637741088867188,0.9732534902900308,1.3667438747126637
(16)E6y6WSAX0AA3WuH.jpg,0,255,137,34,19,64,1,0,0,0,0,0.007126436781609196,7.215890859919325e-05,0.1893575934050916,3.634522386208887,4,0.652231438898996,1.3968660412422207,24.642791748046875,1.9654769897460938,-3.6436920166015625,0.9510248191508992,1.3355280605126483
(17)E6y6WSAX0AA3WuH.jpg,0,255,137,34,19,64,1,0,0,0,0,0.0036604774535809017,3.7064253300330034e-05,0.2935986824120102,5.635321851102443,4,0.6032161489844868,1.291891349898305,7.2093658447265625,9.866485595703125,-0.35561370849609375,0.9442098550006995,1.3259577783594383
(18)E6y6WSAX0AA3WuH.jpg,0,255,137,34,19,64,1,0,0,0,0,0.005013262599469496,5.076191212871287e-05,0.06221972135897129,1.1942429457216568,1,0.4867269916910847,1.0424097421567995,-8.91448974609375,8.508682250976562,-1.1414566040039062,0.9773330260328217,1.372472783515723
(19)E6y6WSAX0AA3WuH.jpg,0,255,137,34,19,64,1,0,0,0,0,0.0052873563218390806,5.353725476714338e-05,0.09376732651745606,1.7997664693254838,1,0.549327272885841,1.1764790337579218,-20.52141571044922,8.343505859375,-0.657501220703125,0.96461893746216,1.3546183367042066
(20)E6y6WSAX0AA3WuH.jpg,0,255,137,34,19,64,1,0,0,0,0,0.0035278514588859416,3.572134557205721e-05,0.05610215043811605,1.0768225240673592,4,0.49424087645832243,1.058502021435577,2.7765350341796875,7.510688781738281,0.25433349609375,0.9617231637799413,1.3505517898259136
(21)E6y6WSAX0AA3WuH.jpg,0,255,137,34,19,64,1,0,0,0,0,0.00636604774535809,6.44595709570957e-05,0.10037505145543496,1.926594888387707,4,0.6350990174348816,1.3601740078317048,-10.708892822265625,7.369651794433594,-1.6171646118164062,0.961561083052383,1.3503241791943472
(22)E6y6WSAX0AA3WuH.jpg,0,255,137,34,19,64,1,0,0,0,0,0.027851458885941646,0.0002820106229372937,0.033126985750761784,0.6358380941248755,4,0.6736063960736898,1.4426441960958696,37.58599853515625,-9.578826904296875,-25.418731689453125,0.9324934885127564,1.309504436767503
(23)E6y6WSAX0AA3WuH.jpg,0,255,137,34,19,64,1,0,0,0,0,0.04901856763925729,0.000496338696369637,0.08938430396196802,1.7156389024784526,4,0.6193305158105203,1.3264030438353587,19.30689239501953,16.03155517578125,-10.87335205078125,0.8377301547341952,1.1764278978376466
(24)E6y6WSAX0AA3WuH.jpg,0,255,137,34,19,64,1,0,0,0,0,0.12954907161803714,0.0013117522689768976,0.036583439278222295,0.7021811305806192,3,0.42423097546658756,0.9085637519599946,-23.160614013671875,-13.714378356933594,18.931243896484375,0.9027967016412718,1.2678011169641972
(25)E6y6WSAX0AA3WuH.jpg,0,255,137,34,19,64,1,0,0,0,0,0.005251989389920424,5.317914603960396e-05,0.1339850231988775,2.571703397134235,4,0.5568138016109212,1.1925127253574899,11.261444091796875,9.743453979492188,-0.29706573486328125,0.9670599765781547,1.3580462979630206
(26)E6y6WSAX0AA3WuH.jpg,0,255,137,34,19,64,1,0,0,0,0,0.002351900972590628,2.381423038137147e-05,0.10674883014929358,2.0489329522118087,4,0.4216808640455235,0.9031022488293245,3.4148406982421875,9.167724609375,0.8427581787109375,0.9676127989368026,1.3588226286723626
(27)E6y6WSAX0AA3WuH.jpg,0,255,137,34,19,64,1,0,0,0,0,0.006304155614500442,6.383288068390172e-05,0.15755949234311462,3.024190853839611,4,0.6427350555262226,1.3765278995076904,13.285423278808594,13.682807922363281,-4.64276123046875,0.9381121322189101,1.317394721206442
(28)E6y6WSAX0AA3WuH.jpg,0,255,137,34,19,64,1,0,0,0,0,0.0018390804597701149,1.8621653832049873e-05,0.0660517092770868,1.2677939748703952,1,0.46949491435113794,1.005504278512078,-1.8697357177734375,14.236289978027344,-0.9071273803710938,0.9698618606779169,1.3619809953149549
(29)E6y6WSAX0AA3WuH.jpg,0,255,137,34,19,64,1,0,0,0,0,0.0035013262599469497,3.545276402640264e-05,0.19982350214471237,3.8354046372036765,4,0.4973165734650256,1.0650891566847862,-1.824737548828125,9.894950866699219,1.8082122802734375,0.9624113141008593,1.3515181621486227
(30)E6y6WSAX0AA3WuH.jpg,0,255,137,34,19,64,1,0,0,0,0,0.003156498673740053,3.196120393289329e-05,0.04326777151586656,0.8304799472148328,4,0.4213206405223141,0.9023307680683277,-1.7077560424804688,8.2735595703125,-0.48040771484375,0.9776463219000315,1.372912746189121
(31)E6y6WSAX0AA3WuH.jpg,0,255,137,34,19,64,1,0,0,0,0,0.0033421750663129974,3.384127475247525e-05,0.20398973677809581,3.9153711849873565,1,0.6812407532855548,1.4589944878787504,2.6678619384765625,9.55426025390625,-0.8373184204101562,0.952576051380644,1.3377064623056165
(32)E6y6WSAX0AA3WuH.jpg,0,255,137,34,19,64,1,0,0,0,0,0.004067197170645446,4.118250366703337e-05,0.07429924742810798,1.4260969058591257,1,0.5063901180897581,1.0845217163623448,-5.1679229736328125,7.062835693359375,-1.9797592163085938,0.9559589579944213,1.3424570919609258
(33)E6y6WSAX0AA3WuH.jpg,0,255,137,34,19,64,1,0,0,0,0,0.003006189213085765,3.0439241840850752e-05,0.05587518897302151,1.0724662344100009,2,0.6698806315779621,1.4346648292770403,0.7510528564453125,9.601776123046875,0.30873870849609375,0.9805592559860182,1.3770033914929232
(34)E6y6WSAX0AA3WuH.jpg,0,255,137,34,19,64,1,0,0,0,0,0.002546419098143236,2.5783828382838284e-05,0.1321584329985319,2.5366438948760734,1,0.5330434897510123,1.1416045055959674,-0.263671875,8.911170959472656,2.3036956787109375,0.9626836398502221,1.3519005903172157
(35)E6y6WSAX0AA3WuH.jpg,0,255,137,34,19,64,1,0,0,0,0,0.003695844385499558,3.7422362027869456e-05,0.1034758029917418,1.9861105944659392,1,0.48735792928165006,1.0437610037517506,3.9446640014648438,8.777069091796875,0.0593719482421875,0.9762288278623363,1.3709221534886682
(36)E6y6WSAX0AA3WuH.jpg,0,255,137,34,19,64,1,0,0,0,0,0.005446507515473033,5.5148744041070774e-05,0.061324653303948214,1.1770630437981973,1,0.6247940885544103,1.3381042265362104,-10.631301879882812,9.801971435546875,-0.86370849609375,0.957290212026275,1.3443265774668862
(37)E6y6WSAX0AA3WuH.jpg,0,255,137,34,19,64,1,0,0,0,0,0.003156498673740053,3.196120393289329e-05,0.07892999457288177,1.5149792889730034,1,0.3645756092374424,0.7808015033262465,-4.9349365234375,8.914649963378906,-1.602447509765625,0.9539360400887247,1.3396163000354497
(38)E6y6WSAX0AA3WuH.jpg,0,255,137,34,19,64,1,0,0,0,0,0.003156498673740053,3.196120393289329e-05,0.047612652263256755,0.9138754216599206,1,0.4919397564898996,1.0535737764154653,-6.4726104736328125,12.296096801757812,-1.1817169189453125,0.9640555226068555,1.353827130908294
(39)E6y6WSAX0AA3WuH.jpg,1,255,137,34,19,64,1,0,0,0,0,1.0,0.010125524271177118,0.056745562716159215,1.0891721546581263,5,0.4457062839169261,0.9545568263664025,-17.130386352539062,15.956146240234375,-21.279815673828125,0.8113509255684103,1.1393834379495713
(40)E6y6WSAX0AA3WuH.jpg,0,255,137,34,19,64,1,0,0,0,0,0.021573828470380193,0.00021844632379904656,0.13855742314392308,2.6594658663340662,4,0.8596031136662297,1.8409882241392233,12.042617797851562,0.14774322509765625,-12.01104736328125,0.9387419636185174,1.3182791960283702
(41)E6y6WSAX0AA3WuH.jpg,0,255,137,34,19,64,1,0,0,0,0,0.002519893899204244,2.5515246837183718e-05,0.6154211071075009,11.81236912925154,1,0.702582062902618,1.5047005806884353,4.9673309326171875,10.715492248535156,-0.7723846435546875,0.9289319669071106,1.3045029773453307
(42)E6y6WSAX0AA3WuH.jpg,0,255,137,34,19,64,1,0,0,0,0,0.0024049513704686117,2.43513934726806e-05,0.18854981582079253,3.619017934233032,1,0.5389290758591428,1.1542095026521237,8.138107299804688,10.645111083984375,-0.6990814208984375,0.9416794050042672,1.3224042570339098
(43)E6y6WSAX0AA3WuH.jpg,0,255,137,34,19,64,1,0,0,0,0,0.0021839080459770113,2.2113213925559223e-05,0.10914072121084932,2.0948428175215117,1,0.42503618215101985,0.9102882408554753,-9.78570556640625,12.449234008789062,-2.4974441528320312,0.9870550560716584,1.3861254702390895
(44)E6y6WSAX0AA3WuH.jpg,0,255,137,34,19,64,1,0,0,0,0,0.003183023872679045,3.222978547854785e-05,0.15470803353311938,2.969460062790163,1,0.7068143739425445,1.5137648042371001,20.94330596923828,18.596534729003906,-1.0025711059570312,0.954607052626757,1.3405586056992473
(45)E6y6WSAX0AA3WuH.jpg,0,255,137,34,19,64,1,0,0,0,0,0.0016091954022988506,1.6293947103043637e-05,0.17700339386638825,3.3973963540299126,3,0.5491830918350823,1.1761702451875096,-5.05670166015625,12.108627319335938,-1.14471435546875,0.9613883997874475,1.3500816793759847
(46)E6y6WSAX0AA3WuH.jpg,0,255,137,34,19,64,1,0,0,0,0,0.0014588859416445623,1.47719850110011e-05,0.05076993550014721,0.9744761950312402,2,0.3618127104005425,0.7748842792697552,-3.5311203002929688,13.942817687988281,-1.38336181640625,0.9576564068114867,1.3448408263081524
(47)E6y6WSAX0AA3WuH.jpg,0,255,137,34,19,64,1,0,0,0,0,0.0014588859416445623,1.47719850110011e-05,0.15340148525123434,2.9443822251720273,3,0.6199166211735826,1.3276582894880884,5.818206787109375,12.013671875,0.2154388427734375,0.9757549469760997,1.3702566806133392
(48)E6y6WSAX0AA3WuH.jpg,0,255,137,34,19,64,1,0,0,0,0,0.0020689655172413794,2.0949360561056105e-05,0.1061362822262018,2.0371757308663727,1,0.630480373679887,1.3502823861876485,-4.600578308105469,13.307830810546875,-1.4813003540039062,0.9463044607184626,1.3288992417739056
(49)E6y6WSAX0AA3WuH.jpg,0,255,137,34,19,64,1,0,0,0,0,0.0014588859416445623,1.47719850110011e-05,0.17269241440469107,3.3146515795623483,4,0.6768891350837459,1.449674747479822,1.6603546142578125,9.102996826171875,-0.2398681640625,0.9696194542197195,1.3616405829298592
(50)E6y6WSAX0AA3WuH.jpg,0,255,137,34,19,64,1,0,0,0,0,0.07564986737400531,0.0007659945682068207,0.06035594512692073,1.1584696961969845,2,0.423427182669616,0.9068422911482006,11.12213134765625,8.222152709960938,-2.0963973999023438,0.8695945750512271,1.2211752341935582
(51)E6y6WSAX0AA3WuH.jpg,0,255,137,34,19,64,1,0,0,0,0,0.0013616268788682582,1.3787186010267694e-05,0.10801522747487066,2.073240133914305,1,0.526689364331817,1.1279960508504392,-3.393798828125,10.350700378417969,-0.26099395751953125,0.9819698917409279,1.3789843530786854
(52)E6y6WSAX0AA3WuH.jpg,0,255,137,34,19,64,1,0,0,0,0,0.003006189213085765,3.0439241840850752e-05,0.07837894773334303,1.5044025170668003,2,0.45536971829438067,0.9752527366194029,-4.039833068847656,10.806953430175781,-0.6633682250976562,0.9675588300647164,1.358746839963578
(53)E6y6WSAX0AA3WuH.jpg,0,255,137,34,19,64,1,0,0,0,0,0.002652519893899204,2.6858154565456547e-05,0.05108412321037711,0.9805067018927176,4,0.3638540488808581,0.7792561574586497,-0.1870880126953125,10.007095336914062,-0.5787353515625,0.9303316793800089,1.3064685993212897
(54)E6y6WSAX0AA3WuH.jpg,0,255,137,34,19,64,1,0,0,0,0,0.004597701149425287,4.655413458012468e-05,0.10167603826737921,1.9515659793650748,4,0.5831880107896883,1.2489976400200347,24.70635223388672,9.539047241210938,-1.3754653930664062,0.9754590734474712,1.369841184201585
(55)E6y6WSAX0AA3WuH.jpg,0,255,137,34,19,64,1,0,0,0,0,0.006224580017683466,6.302713604693803e-05,0.15272546856211805,2.931406786765458,4,0.5099348330043142,1.0921133342984364,-7.758270263671875,3.6012725830078125,-0.6831436157226562,0.9674336166987355,1.3585710023193323
(56)E6y6WSAX0AA3WuH.jpg,0,255,137,34,19,64,1,0,0,0,0,0.00453580901856764,4.592744430693069e-05,0.038252570608745526,0.7342183733297456,1,0.5095200719092255,1.0912250519274793,2.6869125366210938,6.763847351074219,0.7699737548828125,0.9657787784947034,1.3562471062310404
(57)E6y6WSAX0AA3WuH.jpg,0,255,137,34,19,64,1,0,0,0,0,0.02103448275862069,0.0002129851657040704,0.091012626328325,1.7468928595343411,4,0.7559689724365928,1.6190378489145203,-10.908157348632812,4.1830902099609375,-5.659996032714844,0.9581970742070935,1.3456000877529608
(58)E6y6WSAX0AA3WuH.jpg,0,255,137,34,19,64,1,0,0,0,0,0.0023872679045092837,2.4172339108910892e-05,0.03326099401156426,0.6384102435436819,1,0.3379521753468466,0.7237828309883899,-4.8537139892578125,9.007026672363281,-1.9617919921875,0.9819622165499691,1.3789735747764909
(59)E6y6WSAX0AA3WuH.jpg,0,255,137,34,19,64,1,0,0,0,0,0.0019805481874447394,2.0054088742207554e-05,0.14092028565170747,2.7048185586958877,1,0.47522385652965166,1.017773795594718,-2.852996826171875,11.104537963867188,-0.6808319091796875,0.9507430816986268,1.3351324154509945
(60)E6y6WSAX0AA3WuH.jpg,0,255,137,34,19,64,1,0,0,0,0,0.0022281167108753317,2.2560849834983497e-05,0.07716091785246419,1.4810236982430158,1,0.493462926114971,1.0568359066922663,-2.244720458984375,10.900894165039062,0.2834320068359375,0.9832761980622455,1.3808188044122502
(61)E6y6WSAX0AA3WuH.jpg,0,255,137,34,19,64,1,0,0,0,0,0.005517241379310344,5.586496149614962e-05,0.1753004160453319,3.3647094630394605,1,0.3645635755880932,0.780775731192115,-23.196327209472656,8.787643432617188,-9.030540466308594,0.954505537541548,1.3404160476480462
(62)E6y6WSAX0AA3WuH.jpg,0,255,137,34,19,64,1,0,0,0,0,0.023342175066312996,0.0002363517601760176,0.13515260899046444,2.5941139940426137,4,0.7338476112316198,1.5716611411841448,-13.424560546875,-0.3379974365234375,-22.88182830810547,0.9545950121278114,1.3405416971771134
(63)E6y6WSAX0AA3WuH.jpg,0,255,137,34,19,64,1,0,0,0,0,0.0022281167108753317,2.2560849834983497e-05,0.12338236976309658,2.3681964736853223,1,0.3640783021201419,0.7797364344215679,-2.9909133911132812,12.241317749023438,0.095733642578125,0.9647037677525021,1.3547374642294319
(64)E6y6WSAX0AA3WuH.jpg,0,255,137,34,19,64,1,0,0,0,0,0.02674624226348364,0.00027081972520168684,0.04349307194457643,0.8348043550035222,4,0.4525045235859027,0.9691164283228022,-33.567604064941406,15.071571350097656,-28.979217529296875,0.9660020310173562,1.3565606206657628
(65)E6y6WSAX0AA3WuH.jpg,0,255,137,34,19,64,1,0,0,0,0,0.026436781609195402,0.0002676862738357169,0.10755961125138819,2.0644950535930504,4,0.798863055150961,1.7109029200234502,2.3977432250976562,-2.6934127807617188,-17.303688049316406,0.9457518113668552,1.3281231540190617
(66)E6y6WSAX0AA3WuH.jpg,0,255,137,34,19,64,1,0,0,0,0,0.002546419098143236,2.5783828382838284e-05,0.17679665237099274,3.393428165695549,1,0.6214782885498639,1.3310028693343552,-7.352020263671875,11.406768798828125,-2.1556320190429688,0.9598825824145889,1.3479670538531139
(67)E6y6WSAX0AA3WuH.jpg,0,255,137,34,19,64,1,0,0,0,0,0.0035366931918656055,3.581087275394206e-05,0.14756307790547604,2.8323200584725936,1,0.5485840699258071,1.1748873365248438,1.5110549926757812,10.242416381835938,-1.219024658203125,0.9626396108385946,1.3518387601953081
(68)E6y6WSAX0AA3WuH.jpg,0,255,137,34,19,64,1,0,0,0,0,0.001954022988505747,1.9785507196552987e-05,0.03648864027618067,0.7003615621708462,1,0.44304854888742784,0.9488648287288877,1.80084228515625,13.692169189453125,-0.40001678466796875,0.9801720370918735,1.3764596184091118
(69)E6y6WSAX0AA3WuH.jpg,0,255,137,34,19,64,1,0,0,0,0,0.004774535809018567,4.8344678217821784e-05,0.14425549651715133,2.768834468146377,4,0.4252071208540768,0.9106543355500784,-8.536087036132812,6.0782623291015625,1.4509735107421875,0.9702634523215262,1.3625449521098851
(70)E6y6WSAX0AA3WuH.jpg,0,255,137,34,19,64,1,0,0,0,0,0.005490716180371353,5.559637995049505e-05,0.10832963709874292,2.079274900177724,1,0.7887100413068693,1.6891584909615598,-12.374801635742188,13.764289855957031,-0.491943359375,0.9726888111925439,1.3659508935362608
(71)E6y6WSAX0AA3WuH.jpg,0,255,137,34,19,64,1,0,0,0,0,0.005083996463306808,5.147812958379171e-05,0.17355769340355034,3.33125971148417,1,0.5689598681910999,1.2185256203647574,7.0257568359375,7.62457275390625,-2.9427032470703125,0.9613509966566187,1.3500291540057032
(72)E6y6WSAX0AA3WuH.jpg,0,255,137,34,19,64,1,0,0,0,0,0.0013616268788682582,1.3787186010267694e-05,0.12557421418811784,2.4102666515249016,1,0.43064385534122324,0.9222980394984269,-5.3132781982421875,12.6124267578125,-1.377593994140625,0.9577185995073146,1.3449281637664021
(73)E6y6WSAX0AA3WuH.jpg,0,255,137,34,19,64,1,0,0,0,0,0.016206896551724137,0.00016410332439493948,0.12034991930116776,2.3099917358094477,1,0.9450852474958757,2.0240629469417937,-11.122886657714844,18.807723999023438,-5.488563537597656,0.953094425965117,1.338434417864167
(74)E6y6WSAX0AA3WuH.jpg,0,255,137,34,19,64,1,0,0,0,0,0.004774535809018567,4.8344678217821784e-05,0.18817599213371985,3.6118427767189933,4,0.5760063211138304,1.2336168137846724,12.353622436523438,4.685089111328125,-1.82684326171875,0.9636414079369764,1.3532455879761263
(75)E6y6WSAX0AA3WuH.jpg,0,255,137,34,19,64,1,0,0,0,0,0.0016976127320954908,1.7189218921892188e-05,0.11433671184086798,2.1945744624148538,1,0.58237110426105,1.2472480938916692,-2.79937744140625,10.287849426269531,-0.59515380859375,0.9695774140123908,1.361581545693999
(76)E6y6WSAX0AA3WuH.jpg,0,255,137,34,19,64,1,0,0,0,0,0.0051989389920424406,5.264198294829483e-05,0.0951110099983935,1.825557078530147,3,0.5581102228686677,1.1952892349246267,10.201881408691406,8.274703979492188,1.6037979125976562,0.9643451933108874,1.3542339166679849
(77)E6y6WSAX0AA3WuH.jpg,0,255,137,34,19,64,1,0,0,0,0,0.0056410256410256415,5.711834204253759e-05,0.10752879204401689,2.0639035109086405,4,0.617817604331137,1.3231628831455835,1.79107666015625,3.0605010986328125,1.4201202392578125,0.9629722853593258,1.352305936391457
(78)E6y6WSAX0AA3WuH.jpg,0,255,137,34,19,64,1,0,0,0,0,0.0026878868258178603,2.7216263292995965e-05,0.07049212014037726,1.3530230506966214,2,0.4866043248583387,1.0421470299923277,-6.865837097167969,12.486946105957031,-1.4174423217773438,0.9577800191953945,1.3450144156866957
(79)E6y6WSAX0AA3WuH.jpg,0,255,137,34,19,64,1,0,0,0,0,0.0026878868258178603,2.7216263292995965e-05,0.11816406761172717,2.2680365823067907,1,0.6214141217029736,1.330865444972313,-4.024116516113281,11.749626159667969,-0.43448638916015625,0.9533089884287023,1.3387357288132404
(80)E6y6WSAX0AA3WuH.jpg,0,255,137,34,19,64,1,0,0,0,0,0.0017241379310344827,1.7457800467546755e-05,0.06779127881493147,1.3011832058696389,1,0.43861730687344636,0.9393745602126915,-3.396759033203125,9.856307983398438,-0.7148590087890625,0.9835495911983971,1.3812027315164956
(81)E6y6WSAX0AA3WuH.jpg,0,255,137,34,19,64,1,0,0,0,0,0.002351900972590628,2.381423038137147e-05,0.19071852615791057,3.6606440772765576,4,0.5180039052933024,1.109394643343954,0.14385986328125,13.000106811523438,-0.1469573974609375,0.9693262531132059,1.36122883941146
(82)E6y6WSAX0AA3WuH.jpg,0,255,137,34,19,64,1,0,0,0,0,0.0018390804597701149,1.8621653832049873e-05,0.11723350454254242,2.2501753904426978,1,0.452532451075835,0.969176239855913,-2.45648193359375,12.30682373046875,-0.9269866943359375,0.960772109911212,1.3492162209709588
(83)E6y6WSAX0AA3WuH.jpg,0,255,137,34,19,64,1,0,0,0,0,0.0021043324491600355,2.1307469288595527e-05,0.0973586658227384,1.8686984982280521,1,0.4765686194640623,1.0206538371943232,0.520965576171875,12.694061279296875,0.0512542724609375,0.965745334148277,1.3562001401979586
(84)E6y6WSAX0AA3WuH.jpg,0,255,137,34,19,64,1,0,0,0,0,0.076657824933687,0.0007762006669416941,0.09526544712688449,1.8285213388519472,4,0.5745582317911381,1.230515480915823,20.447952270507812,4.584251403808594,-11.526290893554688,0.8779502023810322,1.2329090759792063
(85)E6y6WSAX0AA3WuH.jpg,0,255,137,34,19,64,1,0,0,0,0,0.021220159151193633,0.00021486523652365237,0.0671919176283445,1.289679090238982,1,0.8173043178681465,1.750398062561729,-20.141403198242188,2.5827178955078125,-0.5708541870117188,0.9591831087726552,1.3469847801441843
(86)E6y6WSAX0AA3WuH.jpg,0,255,137,34,19,64,1,0,0,0,0,0.0022281167108753317,2.2560849834983497e-05,0.03449300821783386,0.6620574769727368,4,0.37122383965482103,0.7950398346156218,0.4353790283203125,11.854637145996094,0.261322021484375,0.9568493040767341,1.3437074086220175
(87)E6y6WSAX0AA3WuH.jpg,0,255,137,34,19,64,1,0,0,0,0,0.003819628647214854,3.8675742574257426e-05,0.10255514535063406,1.9684395270084967,1,0.6824336410928136,1.461549262717241,2.2256240844726562,9.327774047851562,-0.6734619140625,0.9644792637515983,1.3544221923386603
(88)E6y6WSAX0AA3WuH.jpg,0,255,137,34,19,64,1,0,0,0,0,0.00403183023872679,4.082439493949395e-05,0.34094940959466236,6.5441698928097125,4,0.7847488171013336,1.6806748465917023,30.443161010742188,9.037078857421875,2.054901123046875,0.9372042206558965,1.31611973726864
(89)E6y6WSAX0AA3WuH.jpg,0,255,137,34,19,64,1,0,0,0,0,0.0016976127320954908,1.7189218921892188e-05,0.03250376566111233,0.623876031623794,1,0.4766082933160398,1.020738805586289,-9.953048706054688,13.629501342773438,-2.7600555419921875,0.965969071618548,1.3565143356466134
(90)E6y6WSAX0AA3WuH.jpg,0,255,137,34,19,64,1,0,0,0,0,0.0035013262599469497,3.545276402640264e-05,0.14693857978276195,2.8203334654538805,1,0.6539631448956047,1.4005747881007922,4.753173828125,10.172584533691406,-0.3926849365234375,0.9570355750532378,1.3439689897195561
(91)E6y6WSAX0AA3WuH.jpg,0,255,137,34,19,64,1,0,0,0,0,0.001856763925729443,1.8800708195819584e-05,0.0953867648419536,1.830849906422613,4,0.4589309878072714,0.9828798090810826,-5.8490142822265625,11.471389770507812,-1.6566925048828125,0.9804276486388561,1.376818574754637
(92)E6y6WSAX0AA3WuH.jpg,0,255,137,34,19,64,1,0,0,0,0,0.0028293545534924846,2.864869820315365e-05,0.2510661273555675,4.818953620415232,1,0.6191936596694969,1.3261099428216239,4.5788421630859375,13.323966979980469,-0.24501800537109375,0.9531528494780087,1.338516462243335
(93)E6y6WSAX0AA3WuH.jpg,0,255,137,34,19,64,1,0,0,0,0,0.0015915119363395225,1.6114892739273926e-05,0.027349098315337,0.5249375442635262,1,0.3736609330704515,0.8002592902085257,-5.4556427001953125,14.551376342773438,-1.4930572509765625,0.9351091024939502,1.313177554226701
(94)E6y6WSAX0AA3WuH.jpg,0,255,137,34,19,64,1,0,0,0,0,0.006224580017683466,6.302713604693803e-05,0.13691330938216453,2.627908809840419,4,1.0,2.141672354218635,9.25030517578125,8.298637390136719,-0.2938385009765625,0.9563738167493583,1.3430396798147974
(95)E6y6WSAX0AA3WuH.jpg,0,255,137,34,19,64,1,0,0,0,0,0.0044562334217506635,4.5121699669966994e-05,0.2230894577297658,4.281970496485159,4,0.5954657925467228,1.2752926257802055,11.074996948242188,6.310111999511719,2.1675796508789062,0.9558503204529902,1.3423045318151918
(96)E6y6WSAX0AA3WuH.jpg,0,255,137,34,19,64,1,0,0,0,0,0.0014588859416445623,1.47719850110011e-05,0.025388591552361797,0.4873076526377717,1,0.32533315912843214,0.6967570328159751,-4.344490051269531,13.577728271484375,-1.46563720703125,0.9321149417687286,1.3089728420197275
(97)E6y6WSAX0AA3WuH.jpg,0,255,137,34,19,64,1,0,0,0,0,0.0027232537577365165,2.7574372020535387e-05,0.10611708525573237,2.03680726495136,4,0.6203125339801618,1.3285062050006204,4.1233673095703125,14.391159057617188,0.14508819580078125,0.9550192391023788,1.3411374408602983
(98)E6y6WSAX0AA3WuH.jpg,0,255,137,34,19,64,1,0,0,0,0,0.002519893899204244,2.5515246837183718e-05,0.07004130022863497,1.3443700305989759,4,0.6028291837302484,1.2910625971112593,-6.5740814208984375,8.576492309570312,-1.457550048828125,0.9702222984331417,1.3624871595353591
(99)E6y6WSAX0AA3WuH.jpg,0,255,137,34,19,64,1,0,0,0,0,0.003863837312113174,3.9123378483681704e-05,0.23513366444944675,4.513146538383624,1,0.6776472888520334,1.4512984644456097,44.94456481933594,-2.7421875,-4.798637390136719,0.9503911552606007,1.334638203708298
(100)E6y6WSAX0AA3WuH.jpg,0,255,137,34,19,64,1,0,0,0,0,0.0029177718832891246,2.95439700220022e-05,0.30753360924948514,5.902788302435277,4,0.40162567089408,0.8601505960983632,3.4509429931640625,7.4676513671875,-1.2312164306640625,0.9766544883801724,1.3715199103025544
(101)E6y6WSAX0AA3WuH.jpg,0,255,137,34,19,64,1,0,0,0,0,0.0022546419098143236,2.2829431380638063e-05,0.18819289013653415,3.6121671163369955,2,0.6650694955336591,1.4243609522185718,-4.5031280517578125,14.263046264648438,-0.6362457275390625,0.9470060608604187,1.3298845017355527
(102)E6y6WSAX0AA3WuH.jpg,0,255,137,34,19,64,1,0,0,0,0,0.005092838196286472,5.156765676567657e-05,0.04226613296534391,0.8112545352875891,1,0.46927135202437265,1.0050254812574,-1.7015762329101562,8.789474487304688,0.04022216796875,0.9684829648735246,1.3600446062720974
(103)E6y6WSAX0AA3WuH.jpg,0,255,137,34,19,64,1,0,0,0,0,0.001856763925729443,1.8800708195819584e-05,0.05617666297440539,1.0782527148314416,1,0.5100714658629726,1.0924059571145028,6.240531921386719,14.001731872558594,-0.2920989990234375,0.9942962496707033,1.3962943081583388
(104)E6y6WSAX0AA3WuH.jpg,0,255,137,34,19,64,1,0,0,0,0,0.001803713527851459,1.826354510451045e-05,0.07311521045077489,1.4033705455224164,4,0.4996893653872249,1.0701708995468737,0.21508026123046875,9.849624633789062,0.035552978515625,0.9807949678167248,1.3773344025851306
(105)E6y6WSAX0AA3WuH.jpg,0,255,137,34,19,64,1,0,0,0,0,0.005083996463306808,5.147812958379171e-05,0.09631052693220415,1.8485805605578511,4,0.5208342793688824,1.1154563772537207,7.1886444091796875,2.3009490966796875,1.3485565185546875,0.9666622240556215,1.357487732461589
(106)E6y6WSAX0AA3WuH.jpg,0,255,137,34,19,64,1,0,0,0,0,0.0035366931918656055,3.581087275394206e-05,0.21737200881119903,4.172230001198647,3,0.7594184993732032,1.6264256053897912,10.409820556640625,5.85906982421875,0.448272705078125,0.9495832933632058,1.333503719926946
(107)E6y6WSAX0AA3WuH.jpg,0,255,137,34,19,64,1,0,0,0,0,0.0015915119363395225,1.6114892739273926e-05,0.16168306819631142,3.103338610632295,3,0.6265394470363294,1.3418422125451375,0.9702529907226562,12.0977783203125,-0.7266693115234375,0.9641964559237228,1.35402504414415
(108)E6y6WSAX0AA3WuH.jpg,0,255,137,34,19,64,1,0,0,0,0,0.0020689655172413794,2.0949360561056105e-05,0.14177366524502996,2.7211982938841626,2,0.4659591324711426,0.9979317922091449,-7.591804504394531,15.670463562011719,-1.544281005859375,0.9500016846617432,1.334091268546308
(109)E6y6WSAX0AA3WuH.jpg,0,255,137,34,19,64,1,0,0,0,0,0.00403183023872679,4.082439493949395e-05,0.03226637291494617,0.6193195243575725,4,0.289201764997092,0.6193754248855066,-8.412605285644531,11.211624145507812,-1.3495025634765625,0.9456639948914384,1.327999832981868
(110)E6y6WSAX0AA3WuH.jpg,0,255,137,34,19,64,1,0,0,0,0,0.0027851458885941646,2.8201062293729372e-05,0.30657547466457186,5.884397903955621,1,0.7270746170269214,1.5571556067406596,15.803077697753906,6.528877258300781,0.1692657470703125,0.958955994621695,1.3466658428089657
(111)E6y6WSAX0AA3WuH.jpg,0,255,137,34,19,64,1,0,0,0,0,0.0021043324491600355,2.1307469288595527e-05,0.1336502092565594,2.565276991165045,1,0.41781734171604035,0.8948278498663641,-0.6718826293945312,10.405174255371094,-0.8136520385742188,0.9692011569668096,1.3610531663791585
(112)E6y6WSAX0AA3WuH.jpg,0,255,137,34,19,64,1,0,0,0,0,0.001856763925729443,1.8800708195819584e-05,0.4385853457501556,8.418190307171718,1,0.35130537658779565,0.7523810129264485,3.8106307983398438,13.869140625,0.0628509521484375,0.9554299107976116,1.341714148809026
(113)E6y6WSAX0AA3WuH.jpg,0,255,137,34,19,64,1,0,0,0,0,0.0020689655172413794,2.0949360561056105e-05,0.06432033013112917,1.2345619499389406,1,0.34824661161101356,0.7458301405376222,-5.413948059082031,12.7451171875,-1.7143478393554688,0.9669481138555083,1.3578892086820564
(114)E6y6WSAX0AA3WuH.jpg,0,255,137,34,19,64,1,0,0,0,0,0.002970822281167109,3.008113311331133e-05,0.035940583391749194,0.689842179348311,2,0.4662113772579353,0.9984720178955147,-7.01251220703125,14.231117248535156,-1.7516098022460938,0.9643293268358527,1.3542116353119114
(115)E6y6WSAX0AA3WuH.jpg,0,255,137,34,19,64,1,0,0,0,0,0.002652519893899204,2.6858154565456547e-05,0.09477857487294371,1.8191763314807026,4,0.5548050131345432,1.1882105586121579,-0.9532318115234375,10.378372192382812,-0.9295654296875,0.9648247162107999,1.3549073126462972
(116)E6y6WSAX0AA3WuH.jpg,0,255,137,34,19,64,1,0,0,0,0,0.0034571175950486297,3.5005128116978365e-05,0.19259166239444725,3.696596982368393,1,0.5779193533752804,1.2377139020917483,-2.1448745727539062,11.149459838867188,-0.22510528564453125,0.9562705241433676,1.3428946255838603
(117)E6y6WSAX0AA3WuH.jpg,0,255,137,34,19,64,1,0,0,0,0,0.001803713527851459,1.826354510451045e-05,0.06883090020949806,1.321137659048871,4,0.41647418195839214,0.89195124174611,-4.317436218261719,11.177780151367188,-1.7835159301757812,0.9746479525712695,1.3687021238229062
(118)E6y6WSAX0AA3WuH.jpg,0,255,137,34,19,64,1,0,0,0,0,0.01537577365163572,0.0001556877692977631,0.08348864731624871,1.602477894911001,4,0.5962764270651018,1.2770287393175928,-8.972671508789062,4.2723388671875,-1.5807647705078125,0.9469521095492816,1.3298087376876813
(119)E6y6WSAX0AA3WuH.jpg,0,255,137,34,19,64,1,0,0,0,0,0.0018390804597701149,1.8621653832049873e-05,0.28621839003790167,5.493664802298067,1,0.43511051649099364,0.9318641641985527,-3.3466339111328125,14.0240478515625,-0.5740509033203125,0.958030467722226,1.3453661215818122
(120)E6y6WSAX0AA3WuH.jpg,0,255,137,34,19,64,1,0,0,0,0,0.003156498673740053,3.196120393289329e-05,0.19876637113074536,3.815114105061143,4,0.5252086412472347,1.1248248271559356,7.379631042480469,7.5786590576171875,-0.7372512817382812,0.9662276016482347,1.3568773904293898
(121)E6y6WSAX0AA3WuH.jpg,0,255,137,34,19,64,1,0,0,0,0,0.0033421750663129974,3.384127475247525e-05,0.050257838649287616,0.964647027714065,1,0.4138707522371966,0.8863755482860743,0.7918624877929688,7.658866882324219,-0.22757720947265625,0.9679267133587379,1.3592634599847024
(122)E6y6WSAX0AA3WuH.jpg,0,255,137,34,19,64,1,0,0,0,0,0.0016091954022988506,1.6293947103043637e-05,0.3974871479606563,7.62935307486055,4,0.2646067300363359,0.5667009184590143,-0.084716796875,7.4542236328125,-0.267425537109375,0.9637186655997148,1.353354081229298
(123)E6y6WSAX0AA3WuH.jpg,0,255,137,34,19,64,1,0,0,0,0,0.0014854111405835544,1.5040566556655665e-05,0.3213326606920882,6.16764676664958,1,0.6417722563089798,1.3744658990414582,11.392440795898438,11.440093994140625,-0.38372802734375,0.9374015955916508,1.316396911701771
(124)E6y6WSAX0AA3WuH.jpg,0,255,137,34,19,64,1,0,0,0,0,0.001326259946949602,1.3429077282728273e-05,0.04261564736288607,0.8179631012306074,1,0.362706340013163,0.7767981411060155,-1.498626708984375,12.3167724609375,-1.049346923828125,0.9755550323566221,1.369975939691922
(125)E6y6WSAX0AA3WuH.jpg,0,255,137,34,19,64,1,0,0,0,0,0.0019805481874447394,2.0054088742207554e-05,0.09133435358033148,1.753068080071547,1,0.4231699263314246,0.9062913323607484,-3.567596435546875,8.569534301757812,-0.879913330078125,0.9858352937105938,1.3844125529444458
(126)E6y6WSAX0AA3WuH.jpg,0,255,137,34,19,64,1,0,0,0,0,0.001954022988505747,1.9785507196552987e-05,0.3291488905944624,6.31767118365387,3,0.8870091155086016,1.899682900624696,8.983139038085938,7.895843505859375,-0.7602767944335938,0.9416013199909955,1.3222946019289854
(127)E6y6WSAX0AA3WuH.jpg,0,255,137,34,19,64,1,0,0,0,0,0.002475685234305924,2.5067610927759444e-05,0.12559212878131532,2.410610503539733,1,0.6074794444829335,1.3010219320051928,-2.748687744140625,10.388565063476562,0.10901641845703125,0.9682353294617683,1.3596968508460376
(128)E6y6WSAX0AA3WuH.jpg,0,255,137,34,19,64,1,0,0,0,0,0.0028558797524314765,2.8917279748808212e-05,0.061174704571319766,1.1741849335744585,2,0.45899737805834423,0.983021995246395,2.262969970703125,9.137619018554688,-0.0337371826171875,0.9696758574885874,1.361719790272045
(129)E6y6WSAX0AA3WuH.jpg,0,255,137,34,19,64,1,0,0,0,0,0.002475685234305924,2.5067610927759444e-05,0.0976203596408911,1.87372143933807,1,0.3959906326046373,0.8480821903789002,-0.12210845947265625,10.098388671875,0.7734146118164062,0.9826233968851085,1.3799020730373734
(130)E6y6WSAX0AA3WuH.jpg,0,255,137,34,19,64,1,0,0,0,0,0.0033421750663129974,3.384127475247525e-05,0.06384617966192777,1.22546112401612,4,0.4984916823253648,1.067605854844172,-1.586456298828125,7.440605163574219,-0.4374847412109375,0.9695803183412897,1.361585624255003
(131)E6y6WSAX0AA3WuH.jpg,0,255,137,34,19,64,1,0,0,0,0,0.0015561450044208665,1.5756784011734507e-05,0.13881778280500792,2.6644631996844863,1,0.2783948832523917,0.5962306250175717,-3.790435791015625,13.007583618164062,-0.9974899291992188,0.9211836308757052,1.2936219572248862
(132)E6y6WSAX0AA3WuH.jpg,0,255,137,34,19,64,1,0,0,0,0,0.0014854111405835544,1.5040566556655665e-05,0.09544440078423364,1.8319561684884753,3,0.42188578638853397,0.9035411253461119,2.7132568359375,12.240257263183594,-0.0450439453125,0.9852366401378436,1.3835718612728574
(133)E6y6WSAX0AA3WuH.jpg,0,255,137,34,19,64,1,0,0,0,0,0.0019805481874447394,2.0054088742207554e-05,0.0402308726950799,0.7721898277096294,1,0.6725518084772898,1.4403856149955578,-4.579437255859375,10.981544494628906,-0.566070556640625,0.9859808011867958,1.3846168896910467
(134)E6y6WSAX0AA3WuH.jpg,0,255,137,34,19,64,1,0,0,0,0,0.009593280282935455,9.713699234506784e-05,0.07094173125126237,1.3616528691169703,3,0.5604993779887657,1.2004060223952804,39.83039855957031,-3.0179824829101562,-1.152435302734375,0.9292706999871329,1.3049786616011818
(135)E6y6WSAX0AA3WuH.jpg,0,255,137,34,19,64,1,0,0,0,0,0.002351900972590628,2.381423038137147e-05,0.06547059820868752,1.2566401513083654,2,0.5317906599275114,1.1389213545984351,-2.3128509521484375,12.709213256835938,-0.992645263671875,0.9722332162935623,1.365311099747956
(136)E6y6WSAX0AA3WuH.jpg,0,255,137,34,19,64,1,0,0,0,0,0.004367816091954023,4.4226427851118446e-05,0.07271859646482567,1.3957579518857188,4,0.4271146802624351,0.914739702798989,5.9016571044921875,9.0439453125,0.7323532104492188,0.981303041077958,1.3780478919531356
(137)E6y6WSAX0AA3WuH.jpg,0,255,137,34,19,64,1,0,0,0,0,0.0028558797524314765,2.8917279748808212e-05,0.46726868599505944,8.96873723986497,4,0.7521021167914707,1.6107563110816079,27.674392700195312,4.2010955810546875,1.699249267578125,0.9186526298050538,1.2900676620235683
(138)E6y6WSAX0AA3WuH.jpg,0,255,137,34,19,64,1,0,0,0,0,0.0020689655172413794,2.0949360561056105e-05,0.4893728943822122,9.393004567981386,1,0.7633057556919304,1.6347508347813708,19.867706298828125,10.41705322265625,-1.3739166259765625,0.9144020428326608,1.2840985452760696
(139)E6y6WSAX0AA3WuH.jpg,0,255,137,34,19,64,1,0,0,0,0,0.0028558797524314765,2.8917279748808212e-05,0.04514052901433953,0.8664255828227974,4,0.4572611559556976,0.9793035763683734,-11.0367431640625,11.427497863769531,-2.0123062133789062,0.9837221702029423,1.3814450849215636
(140)E6y6WSAX0AA3WuH.jpg,0,255,137,34,19,64,1,0,0,0,0,0.0017241379310344827,1.7457800467546755e-05,0.025577687107233855,0.49093714546642636,1,0.28362344448593324,0.607428490063787,-3.3422317504882812,10.104949951171875,-1.457977294921875,1.0,1.4043041081777907
(141)E6y6WSAX0AA3WuH.jpg,0,255,137,34,19,64,1,0,0,0,0,0.0014588859416445623,1.47719850110011e-05,0.1465778489196116,2.813409611100115,1,0.5399786407531405,1.156457326769557,-0.197265625,11.694366455078125,-0.8857955932617188,0.9753465375408576,1.36968314956561
(142)E6y6WSAX0AA3WuH.jpg,0,255,137,34,19,64,1,0,0,0,0,0.0021043324491600355,2.1307469288595527e-05,0.10680246225189523,2.049962364732426,2,0.4517199265927881,0.9674360786334455,-5.508766174316406,12.47796630859375,-0.24062347412109375,0.9735334334412945,1.3671370000300396
(143)E6y6WSAX0AA3WuH.jpg,0,255,137,34,19,64,1,0,0,0,0,0.0015915119363395225,1.6114892739273926e-05,0.11394825002265747,2.1871183411731083,2,0.3665709409580964,0.7850748501098666,-5.3733673095703125,12.365234375,-1.8682479858398438,0.9526109489072716,1.3377554690456248
(144)E6y6WSAX0AA3WuH.jpg,0,255,137,34,19,64,1,0,0,0,0,0.003306808134394341,3.348316602493583e-05,0.05174795577607838,0.9932482787017038,4,0.45710583272377286,0.9789709248965923,-9.656600952148438,8.465911865234375,-1.2016448974609375,0.954658164928086,1.340630382913982
(145)E6y6WSAX0AA3WuH.jpg,0,255,137,34,19,64,1,0,0,0,0,0.002351900972590628,2.381423038137147e-05,0.028690978409193157,0.5506935393257086,1,0.38863503238637337,0.8323289047427598,-7.394264221191406,12.987556457519531,-2.4798583984375,0.9412375549462367,1.3217837651822193
(146)E6y6WSAX0AA3WuH.jpg,0,255,137,34,19,64,1,0,0,0,0,0.0013616268788682582,1.3787186010267694e-05,0.029984666618218317,0.5755245411985388,2,0.33943701554975986,0.7269628722014017,-6.181632995605469,12.211715698242188,-1.281829833984375,0.9713485630088008,1.3640687775058524
(147)E6y6WSAX0AA3WuH.jpg,0,255,137,34,19,64,1,0,0,0,0,0.004297082228116711,4.35102103960396e-05,0.14245369903600974,2.7342508363898492,1,0.46312481785122994,0.9918616189445202,1.0985260009765625,6.463554382324219,-2.0532989501953125,0.9418719775203558,1.3226746874093753
(148)E6y6WSAX0AA3WuH.jpg,0,255,137,34,19,64,1,0,0,0,0,0.0015915119363395225,1.6114892739273926e-05,0.23438890910784063,4.4988517329172,1,0.4065414792593816,0.8706786469729663,-7.936805725097656,7.317878723144531,-3.0802078247070312,0.971353021901095,1.364075039146619
(149)E6y6WSAX0AA3WuH.jpg,0,255,137,34,19,64,1,0,0,0,0,0.001909814323607427,1.9337871287128713e-05,0.08593815612125484,1.649493672978928,2,0.4800278000933771,1.0280622687163754,-4.673316955566406,10.914413452148438,-1.198699951171875,0.9711886785227464,1.3638442510652524
(150)E6y6WSAX0AA3WuH.jpg,0,255,137,34,19,64,1,0,0,0,0,0.0019805481874447394,2.0054088742207554e-05,0.06800084887271762,1.305205685522057,4,0.34106754777938886,0.7304549380002606,-1.420623779296875,8.6422119140625,-1.5141448974609375,0.9718326506108045,1.3647485837140643
(151)E6y6WSAX0AA3WuH.jpg,0,255,137,34,19,64,1,0,0,0,0,0.003819628647214854,3.8675742574257426e-05,0.2281382733495993,4.378877269876971,1,0.5086693119753356,1.0894030028969903,23.444808959960938,5.3682098388671875,-0.253875732421875,0.9596265390090709,1.3476074910468732
(152)E6y6WSAX0AA3WuH.jpg,0,255,137,34,19,64,1,0,0,0,0,0.004244031830238726,4.2973047304730476e-05,0.06383599781247284,1.2252656939881426,2,0.49152534267542275,1.052686237805794,3.1624832153320312,9.909912109375,-1.0812149047851562,0.9787141457042492,1.3744122955441938
(153)E6y6WSAX0AA3WuH.jpg,0,255,137,34,19,64,1,0,0,0,0,0.0018390804597701149,1.8621653832049873e-05,0.23227625145194108,4.4583014628874365,1,0.5265344529898807,1.127664281512059,10.13018798828125,9.030143737792969,0.358734130859375,0.9557456235401781,1.3421575055104162
(154)E6y6WSAX0AA3WuH.jpg,0,255,137,34,19,64,1,0,0,0,0,0.0033952254641909816,3.4378437843784377e-05,0.052896746640971735,1.015298126507886,1,0.2678011816677709,0.5735423872049473,-5.1465606689453125,8.114044189453125,-0.52496337890625,0.9800642809315633,1.3763082959905066
(155)E6y6WSAX0AA3WuH.jpg,0,255,137,34,19,64,1,0,0,0,0,0.0016534040671971706,1.6741583012467914e-05,0.03510844335352512,0.673870115366087,2,0.3867227446039842,0.8282334108659068,-4.0546112060546875,13.000778198242188,-1.442474365234375,0.9697303679014116,1.3617963394687127
(156)E6y6WSAX0AA3WuH.jpg,0,255,137,34,19,64,1,0,0,0,0,0.0035278514588859416,3.572134557205721e-05,0.05202207735939079,0.998509757859609,2,0.4218055160425425,0.9033692125652384,-9.413284301757812,11.901412963867188,-1.871612548828125,0.96602303927631,1.3565901226501174
(157)E6y6WSAX0AA3WuH.jpg,0,255,137,34,19,64,1,0,0,0,0,0.001379310344827586,1.3966240374037404e-05,0.07021042917010067,1.3476162850156017,4,0.40940502429320824,0.8768114222069728,9.923881530761719,9.734268188476562,0.6031951904296875,0.9499387872502442,1.334002941452946
(158)E6y6WSAX0AA3WuH.jpg,0,255,137,34,19,64,1,0,0,0,0,0.0013616268788682582,1.3787186010267694e-05,0.03442622457115664,0.6607756342194769,4,0.4468910157711707,0.9570941338258003,-7.916053771972656,13.209915161132812,-1.9295654296875,0.9874548859227097,1.3866869529414927
(159)E6y6WSAX0AA3WuH.jpg,0,255,137,34,19,64,1,0,0,0,0,0.0013616268788682582,1.3787186010267694e-05,0.2699818374368638,5.182021034323651,1,0.9407872308847279,2.014858003587726,13.137794494628906,7.772438049316406,1.5369110107421875,0.9367796321742947,1.3155234859196416
(160)E6y6WSAX0AA3WuH.jpg,0,255,137,34,19,64,1,0,0,0,0,0.0014588859416445623,1.47719850110011e-05,0.27961394763893854,5.366899388163831,1,0.7256654713887192,1.5541376784842538,4.1162872314453125,8.152511596679688,-0.9603652954101562,0.9373943622451141,1.3163867538835137
(161)E6y6WSAX0AA3WuH.jpg,0,255,137,34,19,64,1,0,0,0,0,0.0016091954022988506,1.6293947103043637e-05,0.03043181933139491,0.5841071732275466,1,0.2673599870932831,0.5725974929819355,-1.8676910400390625,13.002548217773438,-0.794342041015625,0.9679332912435884,1.359272697335421
(162)E6y6WSAX0AA3WuH.jpg,0,255,137,34,19,64,1,0,0,0,0,0.007948717948717949,8.048493651448479e-05,0.08692930570805638,1.6685177601387462,1,0.5646311334007398,1.2092548887354986,-3.2951202392578125,13.260818481445312,-4.932289123535156,0.9661539180446103,1.3567739162421146
(163)E6y6WSAX0AA3WuH.jpg,0,255,137,34,19,64,1,0,0,0,0,0.0019805481874447394,2.0054088742207554e-05,0.11006752603638366,2.1126318738011025,1,0.6497404431620104,1.391531144537842,0.751251220703125,13.69622802734375,-0.20404052734375,0.9467641639458529,1.3295448049046725
(164)E6y6WSAX0AA3WuH.jpg,0,255,137,34,19,64,1,0,0,0,0,0.001803713527851459,1.826354510451045e-05,0.4082190174851159,7.8353401669602984,1,0.8751143585576288,1.8742082285026478,5.6369781494140625,5.2178802490234375,0.1932373046875,0.9226854872138991,1.2957310202505048
(165)E6y6WSAX0AA3WuH.jpg,0,255,137,34,19,64,1,0,0,0,0,0.0011494252873563218,1.163853364503117e-05,0.18841506874657604,3.616431604057889,1,0.5201172374372468,1.1139207083719214,-1.427642822265625,10.655242919921875,-1.3011245727539062,0.9544514205448767,1.3403400509272985
(166)E6y6WSAX0AA3WuH.jpg,0,255,137,34,19,64,1,0,0,0,0,0.0015561450044208665,1.5756784011734507e-05,0.05525877396507144,1.0606347883860918,3,0.5736823054723635,1.228639533734571,-10.766563415527344,12.673080444335938,-2.619598388671875,0.9833088547010046,1.3808646642642188
(167)E6y6WSAX0AA3WuH.jpg,0,255,137,34,19,64,1,0,0,0,0,0.0016976127320954908,1.7189218921892188e-05,0.14193283669750548,2.724253424638967,2,0.7367578144076032,1.577893842871308,2.4634552001953125,13.906791687011719,-0.36490631103515625,0.9690819528813457,1.36088576759223
(168)E6y6WSAX0AA3WuH.jpg,0,255,137,34,19,64,1,0,0,0,0,0.0033952254641909816,3.4378437843784377e-05,0.0640247862564499,1.228889292142056,1,0.17875732997976618,0.3828396317316033,-0.7058944702148438,-1.8534393310546875,-2.2374801635742188,0.806531337014971,1.13261526994425
(169)E6y6WSAX0AA3WuH.jpg,0,255,137,34,19,64,1,0,0,0,0,0.0013616268788682582,1.3787186010267694e-05,0.08386346895413523,1.6096722070546903,1,0.35180055563027074,0.7534415241921059,-6.12030029296875,10.04669189453125,-1.7239837646484375,0.9452590110500468,1.3274311125096563
(170)E6y6WSAX0AA3WuH.jpg,0,255,137,34,19,64,1,0,0,0,0,0.0014854111405835544,1.5040566556655665e-05,0.04155178506354787,0.7975433690547951,1,0.41898284451454876,0.897323974988694,-10.853691101074219,13.895828247070312,-2.414764404296875,0.9739734574151249,1.3677549275041863
(171)E6y6WSAX0AA3WuH.jpg,0,255,137,34,19,64,1,0,0,0,0,0.0025994694960212203,2.6320991474147414e-05,0.03446187286369136,0.6614598661793243,2,0.5604830518527019,1.2003710571610213,-5.14825439453125,12.173446655273438,-1.2020645141601562,0.9552580624816849,1.3414728215129867
(172)E6y6WSAX0AA3WuH.jpg,0,255,137,34,19,64,1,0,0,0,0,0.003306808134394341,3.348316602493583e-05,0.06463557359902733,1.2406127209726159,4,0.5617842882957631,1.2031578792774273,-1.3295059204101562,9.932258605957031,0.2012481689453125,0.97192190243128,1.3648739204122202
(173)E6y6WSAX0AA3WuH.jpg,0,255,137,34,19,64,1,0,0,0,0,0.001909814323607427,1.9337871287128713e-05,0.3638786065349947,6.9842720195786585,1,0.5226640266652954,1.1193750964536548,0.03403472900390625,11.57672119140625,-0.546173095703125,0.9497100022236075,1.3336816577001507
(174)E6y6WSAX0AA3WuH.jpg,0,255,137,34,19,64,1,0,0,0,0,0.0015915119363395225,1.6114892739273926e-05,0.08019271502225232,1.5392158968545948,1,0.3948224477658793,0.845580321205115,-4.119544982910156,9.227462768554688,-1.522796630859375,0.9700123383572932,1.362192311738292
(175)E6y6WSAX0AA3WuH.jpg,0,255,137,34,19,64,1,0,0,0,0,0.003819628647214854,3.8675742574257426e-05,0.16739481097900855,3.212969582565748,4,0.7301278768774845,1.563694688952856,9.851104736328125,1.5476226806640625,-1.8624343872070312,0.9687102474625512,1.3603637801455848
(176)E6y6WSAX0AA3WuH.jpg,0,255,137,34,19,64,1,0,0,0,0,0.0026878868258178603,2.7216263292995965e-05,0.07016985938951699,1.3468375902028749,1,0.33027931078369444,0.7073500690758231,5.946197509765625,11.467483520507812,1.371063232421875,0.9556382187583148,1.3420066765340077
(177)E6y6WSAX0AA3WuH.jpg,0,255,137,34,19,64,1,0,0,0,0,0.001237842617152962,1.2533805463879722e-05,0.4446789275867979,8.53515028326358,1,0.6715681274919785,1.438278892623946,11.261466979980469,15.233116149902344,0.28717041015625,0.9292307268270424,1.30492252712825
(178)E6y6WSAX0AA3WuH.jpg,0,255,137,34,19,64,1,0,0,0,0,0.003156498673740053,3.196120393289329e-05,0.2796690976679731,5.367957935706191,1,0.5068249477807159,1.0854529790902625,-2.36956787109375,13.582778930664062,-2.5554428100585938,0.9280356356258119,1.3032442556447148
(179)E6y6WSAX0AA3WuH.jpg,0,255,137,34,19,64,1,0,0,0,0,0.0023872679045092837,2.4172339108910892e-05,0.042402225293054166,0.8138666862067025,2,0.3359571186366813,0.7195100731871306,0.5940170288085938,9.00421142578125,-0.8466796875,0.9830630886680446,1.3805195340144827
(180)E6y6WSAX0AA3WuH.jpg,0,255,137,34,19,64,1,0,0,0,0,0.003306808134394341,3.348316602493583e-05,0.10210727577254182,1.9598431355017887,2,0.4019974491661129,0.8609468233454752,-8.304061889648438,7.58111572265625,-1.9107513427734375,0.9623600038224545,1.3514461069138672
(181)E6y6WSAX0AA3WuH.jpg,0,255,137,34,19,64,1,0,0,0,0,0.001379310344827586,1.3966240374037404e-05,0.07079598966578764,1.3588555107143616,1,0.3852934693268843,0.8251723715183737,-3.5852127075195312,10.980926513671875,-0.9915618896484375,0.9553142800173388,1.341551768029257
(182)E6y6WSAX0AA3WuH.jpg,0,255,137,34,19,64,1,0,0,0,0,0.0027232537577365165,2.7574372020535387e-05,0.09949617635531588,1.9097257934196967,1,0.2348654247939957,0.5030047872431166,4.789970397949219,6.2514495849609375,-0.5729598999023438,0.9079985843377965,1.2751061422051857
(183)E6y6WSAX0AA3WuH.jpg,0,255,137,34,19,64,1,0,0,0,0,0.0017329796640141468,1.754732764943161e-05,0.07927560672455065,1.5216129553583757,1,0.4448772394118115,0.9527812846693817,-3.64825439453125,10.677772521972656,-0.9462890625,0.9621960108669058,1.3512158109326777
(184)E6y6WSAX0AA3WuH.jpg,0,255,137,34,19,64,1,0,0,0,0,0.0018390804597701149,1.8621653832049873e-05,0.030578780046449854,0.5869279315565659,3,0.3642888506837161,0.7801873604593951,-0.1359710693359375,15.948646545410156,-0.11803436279296875,0.9835353932401211,1.3811827932653609
(185)E6y6WSAX0AA3WuH.jpg,0,255,137,34,19,64,1,0,0,0,0,0.0022546419098143236,2.2829431380638063e-05,0.101630922239461,1.9507000240553514,1,0.49136084858696616,1.0523339453641143,4.982208251953125,9.971855163574219,1.32879638671875,0.9807674853051159,1.377295808781175
(186)E6y6WSAX0AA3WuH.jpg,0,255,137,34,19,64,1,0,0,0,0,0.0016534040671971706,1.6741583012467914e-05,0.04673519919766006,0.8970336211679999,1,0.31435930477115726,0.6732546323197778,-7.039863586425781,6.5532379150390625,-3.1088409423828125,0.9622234250133662,1.3512543087311744
(187)E6y6WSAX0AA3WuH.jpg,0,255,137,34,19,64,1,0,0,0,0,0.0014854111405835544,1.5040566556655665e-05,0.0345276811945056,0.6627229887573122,1,0.3156212368436264,0.6759572773522868,-0.5752944946289062,11.93310546875,-0.2623443603515625,0.9907525372395923,1.3913178582331291
(188)E6y6WSAX0AA3WuH.jpg,0,255,137,34,19,64,1,0,0,0,0,0.0018390804597701149,1.8621653832049873e-05,0.12413726299590024,2.382685865446618,1,0.3583548891040986,0.7674787589933327,-3.662261962890625,12.244873046875,-0.989776611328125,0.9451538546448259,1.3272834409378034
(189)E6y6WSAX0AA3WuH.jpg,0,255,137,34,19,64,1,0,0,0,0,0.001237842617152962,1.2533805463879722e-05,0.3429721355752526,6.5829940177123465,1,0.6130350510279409,1.3129202209535513,-0.9891815185546875,11.730514526367188,-0.3236846923828125,0.9454431596933253,1.3276897132059278
(190)E6y6WSAX0AA3WuH.jpg,0,255,137,34,19,64,1,0,0,0,0,0.0022281167108753317,2.2560849834983497e-05,0.10470122236121757,2.0096312468504762,4,0.6702558698135095,1.4354684666323578,1.6970672607421875,5.00830078125,-1.1331253051757812,0.9796000339729718,1.3756563520793474
(191)E6y6WSAX0AA3WuH.jpg,0,255,137,34,19,64,1,0,0,0,0,0.0016976127320954908,1.7189218921892188e-05,0.19636102360212293,3.768945956838599,1,0.4993568700353985,1.069458803443961,-6.615074157714844,10.778800964355469,-0.86370849609375,0.9748019476444215,1.3689183797367728
(192)E6y6WSAX0AA3WuH.jpg,0,255,137,34,19,64,1,0,0,0,0,0.0015915119363395225,1.6114892739273926e-05,0.45148454083758793,8.665776963013151,1,0.8443000004775452,1.808213969689539,26.438201904296875,12.644142150878906,1.9047775268554688,0.9283003637887149,1.30361601449143
(193)E6y6WSAX0AA3WuH.jpg,0,255,137,34,19,64,1,0,0,0,0,0.004367816091954023,4.4226427851118446e-05,0.3588017783288246,6.886827573678947,4,0.725563838535384,1.5539200142119856,20.698104858398438,-5.831787109375,-5.7760162353515625,0.9320524101463513,1.3088850286055322
(194)E6y6WSAX0AA3WuH.jpg,0,255,137,34,19,64,1,0,0,0,0,0.0014146772767462423,1.4324349101576825e-05,0.07995060419694411,1.5345688309582526,3,0.45493749275780154,0.9743270511369241,-8.030006408691406,13.498077392578125,-1.9062042236328125,0.9621078412377213,1.3510919939601975
(195)E6y6WSAX0AA3WuH.jpg,0,255,137,34,19,64,1,0,0,0,0,0.0015915119363395225,1.6114892739273926e-05,0.054872550847020654,1.053221636669361,1,0.4205581160600317,0.900697690508042,-4.358314514160156,12.544570922851562,-1.17333984375,0.9793805457796455,1.375348123907763
(196)E6y6WSAX0AA3WuH.jpg,0,255,137,34,19,64,1,0,0,0,0,0.001856763925729443,1.8800708195819584e-05,0.04579939693493621,0.8790718684240335,2,0.583490481594986,1.2496454333816989,-9.118446350097656,11.663932800292969,-1.021759033203125,0.9915891646235775,1.3924927375054734
(197)E6y6WSAX0AA3WuH.jpg,0,255,137,34,19,64,1,0,0,0,0,0.001803713527851459,1.826354510451045e-05,0.08240107978927175,1.5816031655049536,1,0.36716559986202635,0.7863484146446034,7.543670654296875,13.741081237792969,-0.13213348388671875,0.9755680991516629,1.3699942894458783
(198)E6y6WSAX0AA3WuH.jpg,0,255,137,34,19,64,1,0,0,0,0,0.0034571175950486297,3.5005128116978365e-05,0.1632177748907561,3.132795712071533,2,0.5906706216102928,1.2650229407519007,6.821868896484375,17.432464599609375,-0.0091094970703125,0.9495492534347684,1.3334559175155993
(199)E6y6WSAX0AA3WuH.jpg,0,255,137,34,19,64,1,0,0,0,0,0.0015915119363395225,1.6114892739273926e-05,0.08367333919897012,1.6060228638252712,1,0.40569327123400467,0.8688620632943902,-0.8340301513671875,9.33172607421875,-0.425628662109375,0.9748612728862158,1.369001690417543
(200)E6y6WSAX0AA3WuH.jpg,0,255,137,34,19,64,1,0,0,0,0,0.0020689655172413794,2.0949360561056105e-05,0.04722695242619795,0.9064723137784827,4,0.3248225396115058,0.6956634531130496,14.736343383789062,9.107345581054688,-0.408294677734375,0.9772003120709931,1.3722864127539147
(201)E6y6WSAX0AA3WuH.jpg,0,255,137,34,19,64,1,0,0,0,0,0.0013616268788682582,1.3787186010267694e-05,0.05671267225178604,1.0885408563462526,3,0.6824843538341586,1.4616578727933867,0.11817169189453125,14.610145568847656,-1.09832763671875,0.9590508647522602,1.3467990693230618
(202)E6y6WSAX0AA3WuH.jpg,0,255,137,34,19,64,1,0,0,0,0,0.0011494252873563218,1.163853364503117e-05,0.0960847065364317,1.8442461725413026,3,0.398235870852586,0.8528907550631663,-0.5209579467773438,11.808815002441406,0.4561309814453125,0.9988226447813856,1.4026507434075057
(203)E6y6WSAX0AA3WuH.jpg,0,255,137,34,19,64,1,0,0,0,0,0.0021043324491600355,2.1307469288595527e-05,0.18932472122565794,3.6338914388574413,3,0.6549824968148407,1.4027579059254394,-0.0130767822265625,7.4754180908203125,2.2284393310546875,0.9433188468808353,1.3247065319962934
(204)E6y6WSAX0AA3WuH.jpg,0,255,137,34,19,64,1,0,0,0,0,0.001954022988505747,1.9785507196552987e-05,0.21938194588484308,4.2108086563117935,1,0.4625480924370416,0.9906264620689778,2.9762191772460938,9.715576171875,0.32666015625,0.959996386341872,1.3481268691757242
(205)E6y6WSAX0AA3WuH.jpg,0,255,137,34,19,64,1,0,0,0,0,0.0022546419098143236,2.2829431380638063e-05,0.12936948843318657,2.4831129998411,4,0.594106848352013,1.2723822125674693,-4.655242919921875,8.908424377441406,-1.46307373046875,0.9688320284318495,1.3605347976610682
(206)E6y6WSAX0AA3WuH.jpg,0,255,137,34,19,64,1,0,0,0,0,0.0017241379310344827,1.7457800467546755e-05,0.0453103617137192,0.8696853451418358,1,0.30942265413201464,0.6626819441234902,-6.73797607421875,10.223114013671875,-1.933319091796875,0.9719076622837992,1.364853922914612
(207)E6y6WSAX0AA3WuH.jpg,0,255,137,34,19,64,1,0,0,0,0,0.001237842617152962,1.2533805463879722e-05,1.0,19.19396165134806,1,0.8076848351523106,1.7297962823673394,15.006935119628906,5.7333831787109375,-0.0875091552734375,0.9159952260537537,1.2863358590185303
(208)E6y6WSAX0AA3WuH.jpg,0,255,137,34,19,64,1,0,0,0,0,0.003156498673740053,3.196120393289329e-05,0.23823371911848312,4.572648868818191,4,0.6833647295556967,1.46354334913753,18.48493194580078,11.637298583984375,-0.3193206787109375,0.9466005057034812,1.329314978962573
(209)E6y6WSAX0AA3WuH.jpg,0,255,137,34,19,64,1,0,0,0,0,0.011883289124668435,0.00012032453245324532,0.03244754532586112,0.6227969406649563,3,0.31113989159659516,0.6663597041270108,4.8006744384765625,8.837562561035156,0.11272430419921875,0.8973260443064942,1.2601186503945359
(210)E6y6WSAX0AA3WuH.jpg,0,255,137,34,19,64,1,0,0,0,0,0.4211936339522546,0.004264806363448845,0.009518164255647544,0.18269127971413082,2,0.5702944042168893,1.2213837592768992,-10.193435668945312,-11.020492553710938,-22.788375854492188,0.8803410142555089,1.2362665029164142
(211)E6y6WSAX0AA3WuH.jpg,0,255,137,34,19,64,1,0,0,0,0,0.001909814323607427,1.9337871287128713e-05,0.03081242849533027,0.5914125709242735,2,0.43771084001338584,0.9374332051984844,-6.4000091552734375,10.7093505859375,-2.1562957763671875,0.9658072920122868,1.3562871478809213
(212)E6y6WSAX0AA3WuH.jpg,0,255,137,34,19,64,1,0,0,0,0,0.0013616268788682582,1.3787186010267694e-05,0.05000807720621063,0.9598531161536599,1,0.39654814060033594,0.8492761898405438,-1.8090362548828125,15.550575256347656,-1.1651458740234375,0.9863820421321762,1.3851803539990135
(213)E6y6WSAX0AA3WuH.jpg,0,255,137,34,19,64,1,0,0,0,0,0.026242263483642794,0.0002657166758342501,0.08047092343242869,1.5445558184106023,4,0.839612538565448,1.7981749621009477,35.265411376953125,-11.760238647460938,-17.70159912109375,0.9295047285257672,1.305307308839417
(214)E6y6WSAX0AA3WuH.jpg,0,255,137,34,19,64,1,0,0,0,0,0.0027055702917771884,2.7395317656765676e-05,0.2803136666313974,5.380329767671807,2,0.9524762753439566,2.0398921069532885,4.4145355224609375,11.5826416015625,0.93951416015625,0.949665975105365,1.3336198302371314
(215)E6y6WSAX0AA3WuH.jpg,0,255,137,34,19,64,1,0,0,0,0,0.0035278514588859416,3.572134557205721e-05,0.1368743470320463,2.6271609679864025,1,0.7023073158662967,1.5041121625563423,2.7275161743164062,8.358322143554688,0.5837173461914062,0.9652340680946759,1.3554821671785147
(216)E6y6WSAX0AA3WuH.jpg,0,255,137,34,19,64,1,0,0,0,0,0.004244031830238726,4.2973047304730476e-05,0.15409313973964722,2.957657814898607,1,0.6132865404946586,1.3134588289917977,-2.4132156372070312,7.6848602294921875,-0.7535476684570312,0.9572976081702849,1.344336963902304
(217)E6y6WSAX0AA3WuH.jpg,0,255,137,34,19,64,1,0,0,0,0,0.001989389920424403,2.014361592409241e-05,0.14455358838087906,2.7745560319473452,1,0.806442302814894,1.7271351852110715,2.275726318359375,7.63751220703125,1.8182144165039062,0.9462420993891567,1.32881166750297
(218)E6y6WSAX0AA3WuH.jpg,0,255,137,34,19,64,1,0,0,0,0,0.002652519893899204,2.6858154565456547e-05,0.05382241369089798,1.0330653443660867,1,0.37059940019714105,0.7937024898922251,1.3744125366210938,8.635574340820312,0.7613983154296875,0.9850855161920755,1.3833596372949712
(219)E6y6WSAX0AA3WuH.jpg,0,255,137,34,19,64,1,0,0,0,0,0.0017329796640141468,1.754732764943161e-05,0.07820207326274684,1.5010075952610744,1,0.529704354309036,1.1344531715328952,-10.453048706054688,10.864715576171875,-2.0776519775390625,0.9477415841730582,1.3309174001451531
(220)E6y6WSAX0AA3WuH.jpg,0,255,137,34,19,64,1,0,0,0,0,0.0018390804597701149,1.8621653832049873e-05,0.04272600825802091,0.820081364019634,4,0.3854652833892187,0.8255403409457415,4.474334716796875,11.004196166992188,0.89862060546875,0.9653940720936037,1.355706861451534
(221)E6y6WSAX0AA3WuH.jpg,0,255,137,34,19,64,1,0,0,0,0,0.01292661361626879,0.00013088873991565824,0.09885234432920677,1.8973681062006489,4,0.7248330943782892,1.552354999652729,35.85212707519531,-1.9680404663085938,-1.2801055908203125,0.9569337109230914,1.3438259415031157
(222)E6y6WSAX0AA3WuH.jpg,0,255,137,34,19,64,1,0,0,0,0,0.001326259946949602,1.3429077282728273e-05,0.6504029689682217,12.48380964429897,1,0.5984988051169832,1.2817883449519294,5.41424560546875,7.5465240478515625,-0.18917083740234375,0.9286139346227238,1.3040563633018332
(223)E6y6WSAX0AA3WuH.jpg,0,255,137,34,19,64,1,0,0,0,0,0.0013616268788682582,1.3787186010267694e-05,0.4502764669459834,8.642589239065698,3,0.7213617050786515,1.5449204211589644,18.118675231933594,19.72283935546875,0.813323974609375,0.9305908945153257,1.306832616200717
(224)E6y6WSAX0AA3WuH.jpg,0,255,137,34,19,64,1,0,0,0,0,0.0019805481874447394,2.0054088742207554e-05,0.11495795974259693,2.2064986708166194,1,0.30654695141839566,0.656523131122781,0.7646942138671875,13.424468994140625,-0.12155914306640625,0.975106173424599,1.3693456052496895
(225)E6y6WSAX0AA3WuH.jpg,0,255,137,34,19,64,1,0,0,0,0,0.0015915119363395225,1.6114892739273926e-05,0.039012735406013827,0.7488089472972181,1,0.3561026568918448,0.7626552155290681,-8.77960205078125,12.330841064453125,-2.572479248046875,0.9586670285015336,1.3462600464992986
(226)E6y6WSAX0AA3WuH.jpg,0,255,137,34,19,64,1,0,0,0,0,0.0014854111405835544,1.5040566556655665e-05,0.19843434966391973,3.8087412977594677,3,0.7099281105305091,1.5204334078058628,9.858718872070312,13.071464538574219,0.8078384399414062,0.9668391202466756,1.3577361485094075
(227)E6y6WSAX0AA3WuH.jpg,0,255,137,34,19,64,1,0,0,0,0,0.001237842617152962,1.2533805463879722e-05,0.230753686018043,4.429077400337529,1,0.23696081368297905,0.5074924236979891,-0.93145751953125,9.120689392089844,-0.8715057373046875,0.9597263649559896,1.3477476770342338
(228)E6y6WSAX0AA3WuH.jpg,0,255,137,34,19,64,1,0,0,0,0,0.003156498673740053,3.196120393289329e-05,0.11970216642762598,2.2975587919951366,4,0.6820228122987386,1.460669402046654,-5.506927490234375,8.883522033691406,-0.5860061645507812,0.9705918570854735,1.3630061322690414
(229)E6y6WSAX0AA3WuH.jpg,0,255,137,34,19,64,1,0,0,0,0,0.003112290008841733,3.1513568023469015e-05,0.0737271560285009,1.4151162054740014,1,0.427915472430471,0.9164547372467463,-1.3776702880859375,11.550018310546875,-0.633819580078125,0.9457518328217255,1.3281231841482242
(230)E6y6WSAX0AA3WuH.jpg,0,255,137,34,19,64,1,0,0,0,0,0.001379310344827586,1.3966240374037404e-05,0.11245843854974337,2.1585229568942568,1,0.36922324324102235,0.7907552125842401,-2.3505706787109375,9.5767822265625,-1.2703704833984375,0.9979222471769517,1.4013863113526057
(231)E6y6WSAX0AA3WuH.jpg,0,255,137,34,19,64,1,0,0,0,0,0.001856763925729443,1.8800708195819584e-05,0.14071625394221457,2.7009023818882216,2,0.3483562529032763,0.746064956262142,-3.411285400390625,10.395477294921875,-1.848907470703125,0.9711901150876154,1.3638462684391996
(232)E6y6WSAX0AA3WuH.jpg,0,255,137,34,19,64,1,0,0,0,0,0.001856763925729443,1.8800708195819584e-05,0.05930654439467878,1.138327538785436,2,0.642353883265749,1.375711553415239,1.8827056884765625,12.823287963867188,0.42775726318359375,0.9369508702715266,1.315763956283061
(233)E6y6WSAX0AA3WuH.jpg,0,255,137,34,19,64,1,0,0,0,0,0.0018390804597701149,1.8621653832049873e-05,0.029847518071312248,0.5728921172486855,1,0.37534243300044273,0.8038605121222085,-1.986114501953125,12.000274658203125,-0.7979507446289062,0.9614860916875761,1.350218868512671
(234)E6y6WSAX0AA3WuH.jpg,0,255,137,34,19,64,1,0,0,0,0,0.0022988505747126436,2.327706729006234e-05,0.04902331661279492,0.9409516590878801,1,0.47056835926376595,1.0078032458052302,-3.1567840576171875,13.227516174316406,-1.5370635986328125,0.9507232290085399,1.335104536236747
(235)E6y6WSAX0AA3WuH.jpg,0,255,137,34,19,64,1,0,0,0,0,0.001264367816091954,1.2802387009534287e-05,0.029019592068100324,0.557000937292882,1,0.43296846914496817,0.9272766006161425,-0.38220977783203125,11.925018310546875,-0.9801864624023438,0.9721133833326985,1.3651428178287197
(236)E6y6WSAX0AA3WuH.jpg,0,255,137,34,19,64,1,0,0,0,0,0.0016976127320954908,1.7189218921892188e-05,0.19221397750412608,3.689347713067275,1,0.7332743192460498,1.5704333375877546,-0.23375701904296875,8.666748046875,-0.827423095703125,0.9693703528575499,1.3612907688636118
(237)E6y6WSAX0AA3WuH.jpg,0,255,137,34,19,64,1,0,0,0,0,0.0015915119363395225,1.6114892739273926e-05,0.037643323239330444,0.7225245026850079,1,0.38560009715908833,0.8258290678696392,-6.58349609375,10.657241821289062,-1.2653961181640625,0.9916083023539524,1.39251961269886
(238)E6y6WSAX0AA3WuH.jpg,0,255,137,34,19,64,1,0,0,0,0,0.0019805481874447394,2.0054088742207554e-05,0.19277477971078755,3.7001117291159265,1,0.4505724116749099,0.9649784776577724,-4.704498291015625,8.415367126464844,-1.6467819213867188,0.9480481092630354,1.3313478545882675
(0)E6ycUCGXsAAMmNn.jpg,0,5,2,2,0,1,0,0,0,0,0,0.02127548625958179,0.00013384983623078862,0.7647422991167275,1.7642431580859612,1,1.0,1.5048118040584235,49.843017578125,6.2164764404296875,7.5373077392578125,1.0,1.1051700308852392
(1)E6ycUCGXsAAMmNn.jpg,1,5,2,2,0,1,0,0,0,0,0,1.0,0.00629127036617116,0.07292336938664314,0.16823256102553186,2,0.5724990487379982,0.8615033263531583,6.763580322265625,5.9416046142578125,-0.2387847900390625,0.9646252396680975,1.0660749059166728
(2)E6ycUCGXsAAMmNn.jpg,1,5,2,2,0,1,0,0,0,0,0,0.7501173280492256,0.004719190917107584,0.04099686820941049,0.09457884613541477,2,0.5112899302627291,0.7693951223555628,-1.0949935913085938,3.7745208740234375,0.14556884765625,0.9947215346466507,1.0993364291676515
(3)E6ycUCGXsAAMmNn.jpg,0,5,2,2,0,1,0,0,0,0,0,0.022526985451321896,0.0001417233560090703,0.5877495932018619,1.3559249954812793,1,0.6352527585093942,0.9559358495656116,-8.710716247558594,4.101173400878906,-0.581207275390625,0.9976700919173054,1.102595086297528
(4)E6ycUCGXsAAMmNn.jpg,0,5,2,2,0,1,0,0,0,0,0,0.008134744746310684,5.117787855883094e-05,1.0,2.306977344032952,4,0.8284211187239805,1.2466178781871304,14.021835327148438,2.4805526733398438,0.7054443359375,0.954608559909328,1.055004771638306
(0)E6yJi04WYAIZgIo.jpg,1,2,0,2,0,0,0,0,0,0,0,1.0,0.04248650868733724,0.6789272015120648,0.5152132491605105,2,0.898684636067828,0.8606075545574017,9.43505859375,-1.9716567993164062,-11.44659423828125,0.9078357618283349,1.0730122952467918
(1)E6yJi04WYAIZgIo.jpg,0,2,0,2,0,0,0,0,0,0,0,0.009741790184884512,0.0004138946533203125,1.0,0.7588637603752793,2,1.0,0.95763020754752,10.175971984863281,6.432426452636719,0.5271148681640625,1.0,1.1819453918468685
(0)E6yrWCYVEAQJpxy.jpg,1,3,0,0,0,1,1,1,0,0,0,1.0,0.023812611897786457,0.748956368336936,1.2820475200993944,5,1.0,1.0611037814827482,-1.4886245727539062,-7.284599304199219,-3.223358154296875,0.9739740578221443,1.4725615091557738
(1)E6yrWCYVEAQJpxy.jpg,1,3,0,0,0,1,1,1,0,0,0,0.9343861803812676,0.02225017547607422,0.7307124705020228,1.2508180053171998,6,0.9810420150302881,1.040987391942094,4.3850555419921875,-0.1449432373046875,-2.801666259765625,0.9793427253877338,1.4806784534922766
(2)E6yrWCYVEAQJpxy.jpg,1,3,0,0,0,1,1,1,0,0,0,0.9011053559032413,0.021457672119140625,1.0,1.7117786486630613,4,0.9972450798861863,1.0581805253322978,-10.940711975097656,-1.2962722778320312,11.067649841308594,1.0,1.5119104018524852
(0)E6yYQd-X0AEp6o_.jpg,1,12,0,3,0,3,4,0,1,0,1,0.09677130044843049,0.0017150243123372395,0.3649641482435888,0.5171094623901392,5,0.6652560212230205,0.9793716783419844,-12.230819702148438,-5.9819793701171875,15.49859619140625,0.9561428876819161,1.1128722236205912
(1)E6yYQd-X0AEp6o_.jpg,0,12,0,3,0,3,4,0,1,0,1,0.006816143497757847,0.00012079874674479167,0.551860557258777,0.7819187650397434,2,0.5638804616785332,0.8301293585033515,-3.0349044799804688,8.249252319335938,0.11382293701171875,1.0,1.163918320114948
(2)E6yYQd-X0AEp6o_.jpg,1,12,0,3,0,3,4,0,1,0,1,0.3968609865470852,0.007033348083496094,0.4845854811483001,0.6865982284687776,5,1.0,1.4721725878429286,16.853500366210938,-8.300483703613281,7.896720886230469,0.900423677348892,1.0480196139316462
(3)E6yYQd-X0AEp6o_.jpg,1,12,0,3,0,3,4,0,1,0,1,0.13008071748878924,0.0023053487141927085,0.8047835822554881,1.1402796892882379,5,0.8395502369694796,1.2359628449835027,21.778472900390625,-9.6712646484375,6.682456970214844,0.9450115919790848,1.099916304625449
(4)E6yYQd-X0AEp6o_.jpg,1,12,0,3,0,3,4,0,1,0,1,0.13201793721973093,0.0023396809895833335,0.436500448121765,0.6184676307182067,4,0.7274860421342451,1.0709850092683812,-17.185226440429688,-8.525955200195312,-3.4614410400390625,0.955164989669472,1.1117340302087035
(5)E6yYQd-X0AEp6o_.jpg,1,12,0,3,0,3,4,0,1,0,1,0.17567713004484306,0.003113428751627604,0.7261886069157855,1.0289202430520175,5,0.73232593873904,1.0781101723779543,18.175071716308594,-4.370025634765625,2.5792083740234375,0.9590722817032099,1.1162817989888103
(6)E6yYQd-X0AEp6o_.jpg,1,12,0,3,0,3,4,0,1,0,1,0.43235874439461885,0.007662455240885417,0.4499972047798862,0.6375908805307702,4,0.7500253304008266,1.1041667316039323,-6.996917724609375,-9.3624267578125,1.7018966674804688,0.9326585422066551,1.0855383636860263
(7)E6yYQd-X0AEp6o_.jpg,1,12,0,3,0,3,4,0,1,0,1,0.839677130044843,0.014881134033203125,0.11585428217181036,0.1641513169383282,7,0.6466051287141763,0.9519143456516589,-31.356964111328125,-26.016098022460938,-8.22039794921875,0.8119677305400625,0.9450641169177364
(8)E6yYQd-X0AEp6o_.jpg,0,12,0,3,0,3,4,0,1,0,1,0.009793721973094171,0.0001735687255859375,0.6706754762145171,0.9502649413993004,2,0.6825504469008333,1.0048320577473473,1.5585708618164062,6.667533874511719,-0.7858657836914062,0.9771598681077737,1.137334272171744
(9)E6yYQd-X0AEp6o_.jpg,1,12,0,3,0,3,4,0,1,0,1,1.0,0.017722447713216145,0.40803293960271164,0.5781326605664283,9,0.8872104737507767,1.3061269391030315,24.151687622070312,-3.1557693481445312,28.182907104492188,0.8839150545705702,1.0288049254400906
(10)E6yYQd-X0AEp6o_.jpg,1,12,0,3,0,3,4,0,1,0,1,0.17348878923766817,0.00307464599609375,0.28074059445080285,0.3977750104118425,4,0.5866005466199419,0.8635772447475563,2.6289596557617188,-29.179603576660156,-2.2923126220703125,0.9290147488290191,1.0812972858190824
(11)E6yYQd-X0AEp6o_.jpg,0,12,0,3,0,3,4,0,1,0,1,0.01598206278026906,0.00028324127197265625,1.0,1.4168774244778797,2,0.6983271430854346,1.0280580773970434,30.932296752929688,8.84161376953125,0.61383056640625,0.9737279273004837,1.1333397733925892
(0)E6y_mvKXoAEyIm0.jpg,0,4,1,1,0,0,0,1,0,1,0,0.1641709276844412,0.0019206036549151645,1.0,4.024435293517924,6,0.6145606852697462,0.648108765823385,28.69489288330078,0.61541748046875,13.629158020019531,0.9871566415644831,1.4485138607741093
(1)E6y_mvKXoAEyIm0.jpg,1,4,1,1,0,0,0,1,0,1,0,0.8382030679327976,0.009805974166919472,0.33943904253193546,1.3660504627634527,1,0.5333504841187492,0.5624654038222191,-13.609260559082031,-8.891952514648438,17.861968994140625,0.9916982463058047,1.455178028486678
(2)E6y_mvKXoAEyIm0.jpg,1,4,1,1,0,0,0,1,0,1,0,1.0,0.011698804910250767,0.1251181139827158,0.50352975377044,2,0.637568848230524,0.6723729149266227,26.321380615234375,-4.380012512207031,-38.57587432861328,0.9886472964949955,1.450701187726655
(3)E6y_mvKXoAEyIm0.jpg,0,4,1,1,0,0,0,1,0,1,0,0.36048210372534695,0.0042172098051196155,0.3355504507246987,1.3504010766523245,8,1.0,1.0545887189951204,8.871841430664062,-1.0240936279296875,3.6486053466796875,1.0,1.467359687190525
(0)Ea-pBSBWoAEWddV.jpg,0,8,0,1,1,2,3,1,0,0,0,0.12292464878671776,0.0014384035645968218,0.09078602978696007,0.3390621834126248,4,0.985133384285729,0.9200786021873958,11.308364868164062,3.6120147705078125,-13.98663330078125,0.9798272479486031,1.2244241740893531
(1)Ea-pBSBWoAEWddV.jpg,1,8,0,1,1,2,3,1,0,0,0,1.0,0.011701506400824013,0.06477726431239515,0.24192621623390012,2,0.6158906092861144,0.5752193357076962,-33.21076202392578,-7.732872009277344,12.978630065917969,0.885377956135355,1.1063972500944543
(2)Ea-pBSBWoAEWddV.jpg,1,8,0,1,1,2,3,1,0,0,0,0.5755968169761273,0.006735349838140082,0.06552191561949605,0.24470729498202,5,0.9047229691621024,0.8449782111861338,-53.87398910522461,-15.726409912109375,0.759124755859375,0.8530838189121095,1.066041440047034
(3)Ea-pBSBWoAEWddV.jpg,0,8,0,1,1,2,3,1,0,0,0,0.15915119363395225,0.0018623087110064744,0.047482923957862196,0.17733635791484784,6,0.8906454834078771,0.8318303536252496,13.558563232421875,-16.4735107421875,-8.13671875,0.9542635061133434,1.192478886234985
(4)Ea-pBSBWoAEWddV.jpg,0,8,0,1,1,2,3,1,0,0,0,0.17703114254838392,0.002071531047675103,0.12581251176321187,0.4698769737939165,4,0.9736875487710676,0.9093886098379516,-18.20111083984375,6.1042633056640625,-10.204154968261719,0.9725313253556799,1.2153069506055574
(5)Ea-pBSBWoAEWddV.jpg,0,8,0,1,1,2,3,1,0,0,0,0.0036840554081933393,4.310899793996469e-05,0.6952806427695086,2.596692171418465,5,0.9116764197038342,0.8514724800403505,-6.858833312988281,11.284492492675781,-0.8986663818359375,1.0,1.2496327047985711
(6)Ea-pBSBWoAEWddV.jpg,1,8,0,1,1,2,3,1,0,0,0,0.6931918656056587,0.008111389052383755,0.11448687507003685,0.42757866958634966,3,0.7710811850544992,0.720161665653362,-15.07440185546875,-17.148178100585938,6.4541778564453125,0.9084312690045787,1.1352054238097902
(7)Ea-pBSBWoAEWddV.jpg,0,8,0,1,1,2,3,1,0,0,0,0.0038314176245210726,4.4833357857563273e-05,1.0,3.7347396312876935,5,1.0,0.9339634783106033,4.6230621337890625,14.609642028808594,-1.0186920166015625,0.9843632768723922,1.2300925441824324
(0)Ea0W8pQXQAMwM7r.jpg,0,3,1,1,0,1,0,0,0,0,0,1.0,0.01492310035023603,0.564793451461418,0.36877599755402174,2,0.985815821363868,0.729027172521416,43.24287414550781,3.8232192993164062,-9.257560729980469,0.880657370417479,1.0213727578476188
(1)Ea0W8pQXQAMwM7r.jpg,0,3,1,1,0,1,0,0,0,0,0,0.7227891156462585,0.01078625450484747,1.0,0.652939577468195,1,0.91792185323413,0.6788184554931135,37.21588134765625,-5.5420379638671875,-8.242607116699219,0.901531400515505,1.0455821341667066
(2)Ea0W8pQXQAMwM7r.jpg,0,3,1,1,0,1,0,0,0,0,0,0.08448979591836735,0.0012608497030607584,0.271931007031279,0.17755451683150406,4,1.0,0.739516608196461,18.596511840820312,5.066093444824219,0.08773040771484375,1.0,1.159784488448025
(0)Ea7GYeTWkAAnK5L.jpg,1,5,1,3,0,1,0,0,0,0,0,0.6354723707664884,0.008903952205882353,0.5075887530880839,0.7006321687870908,2,0.9561848556443394,1.2827651053092084,0.415069580078125,0.6301345825195312,-3.2167282104492188,0.9444761398701708,1.2083428945037396
(1)Ea7GYeTWkAAnK5L.jpg,1,5,1,3,0,1,0,0,0,0,0,0.5949197860962567,0.008335747682225064,0.7360868027167111,1.01603136370807,4,1.0,1.3415450974119414,-8.099166870117188,5.733879089355469,6.584083557128906,0.9300070320170285,1.189831422454741
(2)Ea7GYeTWkAAnK5L.jpg,1,5,1,3,0,1,0,0,0,0,0,1.0,0.014011548913043478,1.0,1.3803146041447205,2,0.9234958936254696,1.2389113885733085,8.3697509765625,-7.372955322265625,0.8220367431640625,0.9934810142787085,1.2710386993927274
(3)Ea7GYeTWkAAnK5L.jpg,0,5,1,3,0,1,0,0,0,0,0,0.08946078431372549,0.0012534841552109975,0.05713327950531323,0.07886190008386611,1,0.9610999377323921,1.2893589095878129,17.178024291992188,10.880294799804688,1.7900848388671875,1.0,1.2793789525163022
(4)Ea7GYeTWkAAnK5L.jpg,0,5,1,3,0,1,0,0,0,0,0,0.07415329768270945,0.0010390025575447571,0.05864538359442588,0.08094907944105524,2,0.8205918971163721,1.1008610365524334,46.00091552734375,14.008697509765625,2.6280059814453125,0.9797707909430535,1.2534981282227928
(0)EafuV_UWoAku6bF.jpg,0,10,3,2,2,0,2,1,0,0,0,0.0320763573775622,0.000499655522046589,1.0,2.6542296547449196,1,0.7334092292342596,0.924351669873903,7.7244873046875,0.001434326171875,4.1214752197265625,0.9849513291568373,1.042254917591251
(1)EafuV_UWoAku6bF.jpg,1,10,3,2,2,0,2,1,0,0,0,0.5920826161790017,0.009222909733777039,0.2103398728478718,0.5582903280880971,5,0.8990662968170314,1.1331374076896445,-2.278167724609375,-9.865188598632812,1.3188858032226562,0.9567041802079905,1.0123643747508542
(2)EafuV_UWoAku6bF.jpg,1,10,3,2,2,0,2,1,0,0,0,0.8380535127523079,0.013054414517470882,0.24923941312380887,0.6615386414444336,5,0.9699034522684544,1.2224169535701963,9.439979553222656,-2.3578338623046875,0.64691162109375,0.9262469030098136,0.9801351203739763
(3)EafuV_UWoAku6bF.jpg,0,10,3,2,2,0,2,1,0,0,0,0.026443436081990297,0.00041191113768718803,0.7438875215824123,1.9744483195787401,3,0.8053749216205137,1.0150535662767064,79.764404296875,-2.808013916015625,4.5070648193359375,1.0,1.0581791066604966
(4)EafuV_UWoAku6bF.jpg,1,10,3,2,2,0,2,1,0,0,0,0.6102331403536223,0.009505641638935108,0.3271944897233269,0.8684493174927861,1,0.9257608335147461,1.1667818432782253,-1.9786376953125,-4.299247741699219,8.813690185546875,0.9765215985495531,1.0333347527878463
(5)EafuV_UWoAku6bF.jpg,1,10,3,2,2,0,2,1,0,0,0,0.7125645438898451,0.011099664621464226,0.21590258461866704,0.5730550426309404,2,0.9198457062125378,1.1593267178429731,-6.87762451171875,-10.02935791015625,-1.1234588623046875,0.9579025398529626,1.0136324538894288
(6)EafuV_UWoAku6bF.jpg,1,10,3,2,2,0,2,1,0,0,0,1.0,0.015577065567803661,0.3124296939283696,0.8292601586475574,1,0.9521994927503497,1.200103783934976,-5.5794677734375,-2.699005126953125,5.154121398925781,0.9516704108041789,1.007037745139994
(7)EafuV_UWoAku6bF.jpg,1,10,3,2,2,0,2,1,0,0,0,0.9759036144578314,0.015201714590266223,0.2465732546353154,0.6544620445200243,3,0.914297753388057,1.1523343604342113,6.790809631347656,-0.5917282104492188,-3.2625274658203125,0.9700332405133741,1.026468907877429
(8)EafuV_UWoAku6bF.jpg,1,10,3,2,2,0,2,1,0,0,0,0.9721483335941167,0.015143218334026622,0.15649923987967326,0.41538492343366756,6,1.0,1.2603491107399933,17.254165649414062,-8.944900512695312,-1.2469329833984375,0.9116822932399982,0.9647231546188942
(9)EafuV_UWoAku6bF.jpg,1,10,3,2,2,0,2,1,0,0,0,0.8190684817190841,0.012758683444259568,0.25835942385899424,0.6857452443893547,2,0.9962126475743186,1.2555757244782269,0.28672027587890625,-6.7667236328125,-2.4535903930664062,0.9848242170676756,1.042120410234296
(0)EaP2SFHWsAMrqc0.jpg,0,4,1,2,0,0,0,1,0,0,0,0.060068499165715286,0.001217144223760933,1.0,2.3146146773484317,6,1.0,1.306777277535996,50.01025390625,-12.5472412109375,-12.261245727539062,0.9825695363012709,1.270910888204372
(1)EaP2SFHWsAMrqc0.jpg,1,4,1,2,0,0,0,1,0,0,0,1.0,0.02026260420462828,0.06247535497602616,0.1446063736000635,2,0.8512449338781821,1.11238753720964,-45.14060974121094,-4.34027099609375,8.93267822265625,0.8578276243487618,1.1095626596477872
(2)EaP2SFHWsAMrqc0.jpg,0,4,1,2,0,0,0,1,0,0,0,0.1493281812593308,0.0030257778334548107,0.24457431442812527,0.566095297877769,1,0.8096771295561326,1.058067675044523,-0.1641845703125,-25.657676696777344,7.1612396240234375,1.0,1.2934564336164105
(3)EaP2SFHWsAMrqc0.jpg,1,4,1,2,0,0,0,1,0,0,0,0.8984280319662773,0.018204491618075802,0.25675162035717003,0.5942810689116981,2,0.9505730010808299,1.2421871984516284,69.97140502929688,-23.582489013671875,-19.075637817382812,0.850971421111151,1.100694459459918
(0)Ea_8l__WsAUaFDb.jpg,1,7,2,4,1,0,0,0,0,0,0,0.6153846153846154,0.009792827298050139,0.6567152014851521,0.07960888941170194,2,1.0,1.147236843748507,-4.07879638671875,-3.5824203491210938,-4.5966949462890625,1.0,1.2280324080836276
(1)Ea_8l__WsAUaFDb.jpg,1,7,2,4,1,0,0,0,0,0,0,0.6521367521367522,0.010377676706128134,0.5399948265294029,0.06545971271999307,2,0.8943535118308129,1.0260353001081748,-0.2713470458984375,-4.485160827636719,-8.744049072265625,0.9739219024104104,1.196007659102444
(2)Ea_8l__WsAUaFDb.jpg,1,7,2,4,1,0,0,0,0,0,0,0.5726495726495726,0.009112769846796657,0.38616641000169877,0.04681219341171937,2,0.9203949630151509,1.0559110123715254,-4.831443786621094,-0.8263397216796875,-0.42345428466796875,0.9755264326772071,1.1979780742698214
(3)Ea_8l__WsAUaFDb.jpg,1,7,2,4,1,0,0,0,0,0,0,0.8572649572649572,0.013641952472144846,0.5354954882646054,0.06491429010523087,1,0.8692443692445111,0.9972291666182347,-1.029144287109375,-3.25341796875,0.41338348388671875,0.9788037827031288,1.202002766314287
(4)Ea_8l__WsAUaFDb.jpg,1,7,2,4,1,0,0,0,0,0,0,1.0,0.015913344359331477,1.0,0.12122285159787315,3,0.9910352765211702,1.136952182679576,8.33453369140625,-0.9996490478515625,-4.6986236572265625,0.9892032249171675,1.2147736183791193
(5)Ea_8l__WsAUaFDb.jpg,1,7,2,4,1,0,0,0,0,0,0,0.9153846153846154,0.014566830605849582,0.6906799059956306,0.08372618774614131,2,0.9742072712338194,1.1176464750071327,2.5114059448242188,-3.6909255981445312,-1.52947998046875,0.9765407644781541,1.1992237065939342
(6)Ea_8l__WsAUaFDb.jpg,0,7,2,4,1,0,0,0,0,0,0,0.14957264957264957,0.0023802010793871867,0.5402632332161932,0.06549224974395372,1,0.8748516935923327,1.0036620957049036,-0.3330078125,8.867019653320312,-0.808807373046875,0.97485834289629,1.1971576383673457
(0)Ea_8mABXkAYGnT3.jpg,0,4,2,1,1,0,0,0,0,0,0,0.41567165844622495,0.005928447380215124,0.0981769135140144,0.15417951208305614,1,1.0,1.0208397602930528,14.403968811035156,-2.7987213134765625,1.7025833129882812,0.9207118818099923,1.185546972637796
(1)Ea_8mABXkAYGnT3.jpg,1,4,2,1,1,0,0,0,0,0,0,0.8548887450621555,0.0121927074845176,0.3118977852208457,0.48981218316943126,3,0.8920778656235313,0.9106685545058638,-15.152427673339844,-17.012771606445312,-1.618316650390625,0.9355092547111676,1.2046006863918686
(2)Ea_8mABXkAYGnT3.jpg,1,4,2,1,1,0,0,0,0,0,0,1.0,0.014262332443774445,0.37043197465172445,0.5817357570892999,1,0.933495254667655,0.9529490720096312,-43.16254806518555,-7.4886627197265625,3.19580078125,0.9114223719415532,1.17358541276288
(3)Ea_8mABXkAYGnT3.jpg,1,4,2,1,1,0,0,0,0,0,0,0.8234204476979043,0.0117438961660691,1.0,1.5704253328461744,2,0.9188032988420816,0.9379509393464166,-40.00311279296875,-11.959503173828125,1.6443557739257812,1.0,1.2876416564834317
(0)Eb3VzsiXgAQK9gg.jpg,1,2,0,1,0,0,1,0,0,0,0,1.0,0.008553841096623835,1.0,0.18957337876111227,2,1.0,0.8503779373348457,41.00128173828125,1.53826904296875,5.2628631591796875,1.0,1.1569349631877057
(1)Eb3VzsiXgAQK9gg.jpg,0,2,0,1,0,0,1,0,0,0,0,0.21792991035044826,0.0018641378233392122,0.5271862056204846,0.09994047023572573,5,0.889647314192326,0.7565364479983555,-32.069252014160156,3.0565643310546875,2.795318603515625,0.9621093888039092,1.1130979903183966
(0)EbjdIBoWsAIDiEN.jpg,0,4,2,1,1,0,0,0,0,0,0,0.0704653476290483,0.0011271428975558237,1.0,0.9723177580191602,1,0.6431392607372313,0.820672712717841,-10.240287780761719,-0.7899627685546875,-2.7729263305664062,1.0,1.110405424177578
(1)EbjdIBoWsAIDiEN.jpg,1,4,2,1,1,0,0,0,0,0,0,0.8549795512324527,0.013676000490343995,0.5475712741598427,0.5324132736467931,1,0.7899017500936998,1.007947814112415,-1.5582427978515625,2.3286209106445312,0.467041015625,0.9392869370233569,1.0429893097298786
(2)EbjdIBoWsAIDiEN.jpg,1,4,2,1,1,0,0,0,0,0,0,1.0,0.015995704775196136,0.9565990576042382,0.9301182510129943,3,1.0,1.276042006480996,-1.9462890625,2.79144287109375,-2.6381149291992188,0.9562198996872934,1.06179176331931
(3)EbjdIBoWsAIDiEN.jpg,1,4,2,1,1,0,0,0,0,0,0,0.7939095832872776,0.012699143312462281,0.6022102121524765,0.5855396833363388,2,0.87278415640815,1.1137092461678793,8.254226684570312,-2.734375,4.271781921386719,0.9527973374219506,1.057991331615288
(0)EbjdIBpXgAE08hq.jpg,1,5,1,2,1,0,1,0,0,0,0,0.9481672394043528,0.01786407976519337,0.6459720591379998,0.3088137891402397,3,0.7403713426274156,0.9030033759933378,16.856704711914062,-1.56964111328125,4.3227996826171875,1.0,1.1795166078017765
(1)EbjdIBpXgAE08hq.jpg,1,5,1,2,1,0,1,0,0,0,0,0.6358533791523482,0.011979886049723757,0.7001665502989414,0.334722040014543,2,0.7012199934062007,0.8552519322435185,2.553070068359375,-1.6916656494140625,4.1561279296875,0.979358181099554,1.1551692395934636
(2)EbjdIBpXgAE08hq.jpg,1,5,1,2,1,0,1,0,0,0,0,1.0,0.01884064226519337,1.0,0.47806059839852516,1,0.6967790166041176,0.8498354380951122,-2.5412139892578125,-2.5596542358398438,1.374969482421875,0.9811932267557888,1.1573337064210671
(3)EbjdIBpXgAE08hq.jpg,1,5,1,2,1,0,1,0,0,0,0,0.7231529209621993,0.013624665486878454,0.5747175916453288,0.2747498357721251,2,0.727171394570505,0.8869038905432028,9.091156005859375,-0.460601806640625,-10.679595947265625,0.9722009164399634,1.146727127061044
(4)EbjdIBpXgAE08hq.jpg,0,5,1,2,1,0,1,0,0,0,0,0.09020618556701031,0.0016995424723756907,0.039520947244955154,0.018893407689199802,5,1.0,1.2196627881203193,20.794647216796875,7.772979736328125,3.2717056274414062,0.9454034768662907,1.1151191020373323
(0)EbSHTsNXQAEo0YN.jpg,0,7,2,3,2,0,0,0,0,0,0,0.4375578168362627,0.0007390625,0.4089894842421941,1.068506678332727,3,0.8245830766270746,0.9563899329407973,20.425369262695312,13.122329711914062,3.5796890258789062,0.9949123182798377,1.1458461462064602
(1)EbSHTsNXQAEo0YN.jpg,0,7,2,3,2,0,0,0,0,0,0,0.37496145544249154,0.0006333333333333333,0.5701754632188121,1.4896135811403437,1,0.666750854248868,0.7733287558988894,28.930816650390625,10.798019409179688,-2.47119140625,0.9660782447196656,1.1126377805431615
(2)EbSHTsNXQAEo0YN.jpg,1,7,2,3,2,0,0,0,0,0,0,1.0,0.0016890625,0.2994800921647316,0.7824075944119431,2,0.7781435803517819,0.9025272379771722,2.1304550170898438,5.3912506103515625,3.470977783203125,0.9803024850571214,1.1290199186209855
(3)EbSHTsNXQAEo0YN.jpg,0,7,2,3,2,0,0,0,0,0,0,0.3108233117483811,0.000525,0.23912823999770283,0.6247351857687115,3,0.615811430499843,0.7142468350539313,-17.175697326660156,4.810249328613281,-6.0431671142578125,1.0,1.151705658029826
(4)EbSHTsNXQAEo0YN.jpg,1,7,2,3,2,0,0,0,0,0,0,0.8325624421831638,0.00140625,0.2781978933818369,0.7268067234720402,2,0.6276179942173568,0.727940638628269,-4.564994812011719,-1.7360000610351562,3.59979248046875,0.9879952140886433,1.1378796781722795
(5)EbSHTsNXQAEo0YN.jpg,0,7,2,3,2,0,0,0,0,0,0,0.14184397163120568,0.00023958333333333332,1.0,2.6125529371801215,1,1.0,1.1598466668184286,10.004287719726562,-34.10986328125,-4.057159423828125,0.9600321115072058,1.1056744147131696
(0)Ec-dfQXXoAAjtP1.jpg,1,2,1,0,0,0,1,0,0,0,0,1.0,0.034465789794921875,1.0,0.5652236375403814,1,1.0,1.0251898566592736,-57.1424674987793,-6.362335205078125,9.843765258789062,1.0,1.0884625024876717
(1)Ec-dfQXXoAAjtP1.jpg,0,2,1,0,0,0,1,0,0,0,0,0.1574063825862387,0.0054251352945963545,0.07410310391823445,0.04188482594969737,5,0.942176449308039,0.9659097390138519,-19.526573181152344,12.089950561523438,-8.134422302246094,0.8636869844627512,0.940090896474357
(0)Ec7ux-TXgAAmkq2.jpg,1,6,1,2,1,2,0,0,0,0,0,1.0,0.023947391783791867,0.23801254108467243,0.749271046998692,3,1.0,1.0410696058911078,-7.3054656982421875,-5.797950744628906,-8.159561157226562,0.957772152314153,1.1837001953625725
(1)Ec7ux-TXgAAmkq2.jpg,1,6,1,2,1,2,0,0,0,0,0,0.561693617228848,0.01345109711423445,0.45644920950556733,1.4369166244323843,4,0.7936504718986195,0.8262453839947875,-2.7330551147460938,-2.1772308349609375,-10.287834167480469,1.0,1.2358891334463378
(2)Ec7ux-TXgAAmkq2.jpg,0,6,1,2,1,2,0,0,0,0,0,0.13609424160386333,0.0032591021232057414,0.06066705384480003,0.19098181442652823,1,0.8389055984237496,0.8733591207308569,-0.6088714599609375,3.0756912231445312,4.7798004150390625,0.9767968582850458,1.2072126227390105
(3)Ec7ux-TXgAAmkq2.jpg,1,6,1,2,1,2,0,0,0,0,0,0.6889588058827834,0.01649876644736842,0.4624724541523286,1.4558779900908545,4,0.9221356068688468,0.9600073528211078,-7.0349884033203125,-21.441131591796875,10.783950805664062,0.949580644186619,1.1735763994812156
(4)Ec7ux-TXgAAmkq2.jpg,1,6,1,2,1,2,0,0,0,0,0,0.5488646618375161,0.013143877093301436,0.6182941746841781,1.9464097207129898,2,0.6720731249110646,0.6996749032811673,-1.523651123046875,1.7899703979492188,0.3455352783203125,0.9782522529038434,1.2090113291332587
(5)Ec7ux-TXgAAmkq2.jpg,0,6,1,2,1,2,0,0,0,0,0,0.11161922879929757,0.0026729894026614833,1.0,3.148031795232758,2,0.8751146044704583,0.9110552163856126,8.376777648925781,4.9058074951171875,0.443359375,0.988967832811594,1.2222545978998234
(0)Ecaekf-XkAIhbzX.jpg,1,9,2,4,3,0,0,0,0,0,0,1.0,0.009478962818003913,0.056024089484609726,0.26936678415605614,3,0.8836781782798633,0.8949620240050347,24.980148315429688,-0.47426605224609375,-2.5599288940429688,0.9665772799483505,1.1060602277755995
(1)Ecaekf-XkAIhbzX.jpg,1,9,2,4,3,0,0,0,0,0,0,0.8039314516129032,0.0076204363380626226,0.07183613119850885,0.3453919166766742,3,0.8918522313208176,0.9032404530006414,10.313346862792969,3.2202911376953125,-5.399971008300781,0.9821685148244188,1.1239013721476754
(2)Ecaekf-XkAIhbzX.jpg,0,9,2,4,3,0,0,0,0,0,0,0.10887096774193548,0.00103198385518591,0.2995073058736284,1.4400469611663436,2,1.0,1.012769180005255,-54.461463928222656,-8.413864135742188,8.24151611328125,1.0,1.1443060484876102
(3)Ecaekf-XkAIhbzX.jpg,1,9,2,4,3,0,0,0,0,0,0,0.5951612903225807,0.005641511741682975,0.05627023110455847,0.2705502460779276,1,0.674056793295216,0.6826639458225674,3.7970809936523438,3.4846115112304688,3.8176727294921875,0.9955028790063282,1.139159965733771
(4)Ecaekf-XkAIhbzX.jpg,1,9,2,4,3,0,0,0,0,0,0,0.7006048387096774,0.006641007216242662,0.06783704452762619,0.32616409653703715,1,0.8934843630872374,0.9048934257513789,-2.7733840942382812,0.10366058349609375,7.33819580078125,0.9994581274963763,1.1436859805042046
(5)Ecaekf-XkAIhbzX.jpg,1,9,2,4,3,0,0,0,0,0,0,0.5766129032258065,0.005465692270058708,0.057336714422785165,0.2756779542554201,2,0.8270313369230429,0.8375918489341998,11.731002807617188,-5.2855224609375,-0.74224853515625,0.9969078065535563,1.1407676328237508
(6)Ecaekf-XkAIhbzX.jpg,1,9,2,4,3,0,0,0,0,0,0,0.590625,0.005598512414383561,0.09324663964022895,0.44833477320764115,2,0.8884466236957774,0.8997913585588099,3.3675994873046875,4.6576690673828125,1.9665679931640625,0.9919323877168743,1.1350742309551765
(7)Ecaekf-XkAIhbzX.jpg,0,9,2,4,3,0,0,0,0,0,0,0.07419354838709677,0.0007032778864970645,0.3834791141627144,1.8437878548905269,3,0.8766246467471196,0.8878184246584766,80.57904052734375,8.723121643066406,16.03594207763672,0.9635939549676726,1.1026463909556057
(0)EcbM_GCXgAMXz6F.jpg,1,5,0,2,0,3,0,0,0,0,0,0.7757037037037037,0.0033289591471354165,0.3933163212630226,0.3697454516266905,2,0.581919881224501,0.5315152995683993,-10.971839904785156,-9.373573303222656,-8.362266540527344,0.9262328357794648,1.1301134384587275
(1)EcbM_GCXgAMXz6F.jpg,1,5,0,2,0,3,0,0,0,0,0,0.6731851851851852,0.0028889973958333335,1.0,0.9400714682761168,2,1.0,0.9133822656994668,76.90863037109375,-40.64223861694336,-38.75006103515625,0.9745483649516641,1.1890640896282003
(2)EcbM_GCXgAMXz6F.jpg,0,5,0,2,0,3,0,0,0,0,0,0.27444444444444444,0.0011777877807617188,0.5449872214185265,0.5123269374306354,4,0.6290891109193494,0.5745988374583785,-7.604736328125,2.0708999633789062,0.373046875,0.9994122292214811,1.2194009402103627
(3)EcbM_GCXgAMXz6F.jpg,1,5,0,2,0,3,0,0,0,0,0,1.0,0.004291534423828125,0.7621579333282001,0.7164829274421318,4,0.765526186140025,0.6992180423488478,-52.41790771484375,3.818359375,-22.174041748046875,0.9549758978112466,1.1651833684048338
(4)EcbM_GCXgAMXz6F.jpg,0,5,0,2,0,3,0,0,0,0,0,0.12333333333333334,0.0005292892456054688,0.836525691211206,0.786393934787612,4,0.4768219868881439,0.4355207467192143,14.138031005859375,3.7784271240234375,8.158378601074219,1.0,1.2201180899699893
(0)EcBu7OzWoAAPs1y.jpg,1,5,2,1,2,0,0,0,0,0,0,1.0,0.010795918266187681,1.0,3.659762085961574,1,0.8782796978580444,1.0459316366790314,1.553985595703125,-8.31744384765625,6.945709228515625,1.0,1.2539193161030597
(1)EcBu7OzWoAAPs1y.jpg,1,5,2,1,2,0,0,0,0,0,0,0.57122609494151,0.006166910232502106,0.13657474794961907,0.49983108444577407,2,0.9948990374113671,1.1848120605177133,5.764068603515625,-1.3691864013671875,5.429534912109375,0.9211745415329445,1.1550785511305393
(2)EcBu7OzWoAAPs1y.jpg,1,5,2,1,2,0,0,0,0,0,0,0.5227272727272727,0.0056433209118708335,0.026768312305262977,0.0979656544799801,3,1.0,1.1908867291705114,6.2548370361328125,-3.37518310546875,-2.219146728515625,0.8872105005437122,1.1124903840812248
(3)EcBu7OzWoAAPs1y.jpg,1,5,2,1,2,0,0,0,0,0,0,0.5971074380165289,0.006446323096959174,0.39521449507089035,1.4463910248828917,1,0.8957741848929552,1.0667655891225525,-11.184249877929688,-3.9884796142578125,6.693443298339844,0.9977936775166809,1.2511527657236734
(4)EcBu7OzWoAAPs1y.jpg,1,5,2,1,2,0,0,0,0,0,0,0.4830917874396135,0.005215419452264581,0.05287313848528663,0.19350310759424777,3,0.9808704483505261,1.1681055999761711,6.191093444824219,-5.100799560546875,0.0732574462890625,0.8891948694229609,1.1149786225491887
(0)ECC_QfWUwAAPUmM.jpg,1,4,1,0,0,0,2,1,0,0,0,0.7768441995714723,0.012101888656616211,0.32571778395956447,1.1569337807729503,1,0.7186981774461556,1.5259773576389086,-36.03071594238281,20.562942504882812,15.726211547851562,0.9182228780769132,1.0765061510887295
(1)ECC_QfWUwAAPUmM.jpg,1,4,1,0,0,0,2,1,0,0,0,1.0,0.015578269958496094,0.5029505979129534,1.7864561452919785,5,0.6808363229935375,1.445587098659514,47.1968994140625,24.090087890625,31.728836059570312,0.9355428446648276,1.0968117337677306
(2)ECC_QfWUwAAPUmM.jpg,0,4,1,0,0,0,2,1,0,0,0,0.004361799816345271,6.794929504394531e-05,1.0,3.5519515290469226,6,1.0,2.123252020843247,6.0256805419921875,6.2900390625,0.51507568359375,0.9794996242495929,1.1483457836534794
(0)ECC_QfWVUAAaiGf.jpg,0,3,1,0,0,2,0,0,0,0,0,0.07546671485564159,0.0017258326212565105,0.7175279374050192,2.1291947208460673,1,0.5967748582650261,0.9689890715998278,58.40519714355469,-18.119277954101562,6.5257720947265625,0.9389575234987685,1.1270592775888446
(1)ECC_QfWVUAAaiGf.jpg,1,3,1,0,0,2,0,0,0,0,0,1.0,0.022868792215983074,0.43348495691872974,1.2863246623894984,4,1.0,1.623709608707246,62.310089111328125,-2.0696868896484375,11.539260864257812,0.8750632861936897,1.0503650809538179
(2)ECC_QfWVUAAaiGf.jpg,0,3,1,0,0,2,0,0,0,0,0,0.006616716940741461,0.00015131632486979166,1.0,2.9674032324740165,4,0.8472850188518934,1.3757448264235195,7.079132080078125,8.602203369140625,1.1807785034179688,1.0,1.200330418983349
(0)EclYRZOX0AEuoah.jpg,0,3,1,0,2,0,0,0,0,0,0,0.10271446387348422,0.0026837364599914585,0.06732673534755816,0.13602404838092025,3,0.8678701252171125,1.1899746325314788,-22.67369842529297,4.2755889892578125,14.220817565917969,0.955775393411976,1.3703597643737628
(1)EclYRZOX0AEuoah.jpg,1,3,1,0,2,0,0,0,0,0,0,0.9581022633799453,0.025033416713348383,0.7942225764103407,1.6046132283284327,1,1.0,1.3711436745605068,-8.243881225585938,-4.3987579345703125,2.086669921875,1.0,1.433767571146378
(2)EclYRZOX0AEuoah.jpg,1,3,1,0,2,0,0,0,0,0,0,1.0,0.026128126057271533,1.0,2.0203571089364223,3,0.9840179130024221,1.3492299370675023,21.440078735351562,-6.429290771484375,3.9796295166015625,0.9827926890699259,1.409096286748205
(0)EcQnayMWsAIt6a0.jpg,1,4,0,2,0,1,0,1,0,0,0,0.6672010184115609,0.010646637856317412,0.28761116458936187,0.18068974525546644,4,0.8545076560119076,1.1092392377551161,-19.856529235839844,4.510185241699219,-3.0853424072265625,0.9710691530819249,1.1625841659776632
(1)EcQnayMWsAIt6a0.jpg,1,4,0,2,0,1,0,1,0,0,0,0.973620311652797,0.01553622159090909,1.0,0.6282431543067775,6,1.0,1.2981033346524617,8.761062622070312,-5.1899871826171875,-4.5109405517578125,1.0,1.1972207770043142
(2)EcQnayMWsAIt6a0.jpg,1,4,0,2,0,1,0,1,0,0,0,1.0,0.015957166674691832,0.8347081160317119,0.5243996597412303,2,0.9385456139096896,1.21832919113961,2.7490768432617188,-4.872703552246094,2.6596221923828125,0.9918620822846261,1.187477892833917
(3)EcQnayMWsAIt6a0.jpg,1,4,0,2,0,1,0,1,0,0,0,0.6747683820929301,0.010767391539869029,0.7252773313535378,0.4556505183967484,2,0.9891603652839634,1.28403236868116,-10.9697265625,-6.557304382324219,-9.600311279296875,0.9725342445423955,1.1643382039143502
(0)EcqZ9eBVAAErUw0.jpg,0,13,2,4,3,1,0,1,1,1,0,0.036645525017618044,0.00054931640625,0.18002762081797685,0.3998437724934983,2,0.9145364148914574,1.2212198059762047,18.21558380126953,10.912155151367188,0.2141265869140625,0.9731940207315023,1.0943222767737568
(1)EcqZ9eBVAAErUw0.jpg,0,13,2,4,3,1,0,1,1,1,0,0.03132096155351969,0.00046950120192307694,0.7338496965430676,1.629890067845016,1,1.0,1.3353430066763896,0.31583404541015625,4.30426025390625,-0.9637985229492188,0.989384792112119,1.1125282268952366
(2)EcqZ9eBVAAErUw0.jpg,0,13,2,4,3,1,0,1,1,1,0,0.03570589617101245,0.0005352313701923077,0.4324239072710555,0.9604193268457183,2,0.7491750475619485,1.0004056605382996,17.349472045898438,7.580039978027344,0.4365386962890625,0.9950391767004548,1.1188863824989987
(3)EcqZ9eBVAAErUw0.jpg,1,13,2,4,3,1,0,1,1,1,0,0.5813953488372093,0.008715116060697116,0.056403918508932685,0.12527386329695622,8,0.6682755169908796,0.8923770381468198,49.58392333984375,-13.289085388183594,5.95794677734375,0.9215982397792682,1.0363046448516773
(4)EcqZ9eBVAAErUw0.jpg,0,13,2,4,3,1,0,1,1,1,0,0.056847545219638244,0.0008521446814903846,0.18594001104463762,0.41297527088213704,3,0.9005583770714111,1.2025543309261477,23.445999145507812,8.283065795898438,0.0102691650390625,1.0,1.1244646529488624
(5)EcqZ9eBVAAErUw0.jpg,1,13,2,4,3,1,0,1,1,1,0,0.728917077754287,0.010926466721754808,0.15582489752807208,0.34608919782944525,7,0.8282868582522437,1.1060470636890916,4.364479064941406,-14.438034057617188,-2.6665878295898438,0.9467974962212572,1.064640318001288
(6)EcqZ9eBVAAErUw0.jpg,0,13,2,4,3,1,0,1,1,1,0,0.06765327695560254,0.0010141225961538462,0.2773394993403406,0.6159747663933277,2,0.680946709758067,0.9092974267947319,4.3767242431640625,4.557609558105469,3.790618896484375,0.9896703435278531,1.112849319368829
(7)EcqZ9eBVAAErUw0.jpg,0,13,2,4,3,1,0,1,1,1,0,0.05582961396914885,0.0008368858924278846,0.20991021773042537,0.4662134230342717,3,0.8800586519098506,1.1751801662928698,11.862442016601562,13.465736389160156,2.5566787719726562,0.9910279096152974,1.114375854448202
(8)EcqZ9eBVAAErUw0.jpg,1,13,2,4,3,1,0,1,1,1,0,0.9437005716075484,0.014146071213942308,0.14952246566784294,0.3320914117151403,2,0.6099080317517449,0.8144364249154539,9.360916137695312,-10.028663635253906,3.4926300048828125,0.9343427711801597,1.050635419930377
(9)EcqZ9eBVAAErUw0.jpg,1,13,2,4,3,1,0,1,1,1,0,1.0,0.014989999624399038,0.20685634820862267,0.459430737662147,6,0.6079473556537126,0.8118182497995888,29.16796875,9.340919494628906,4.2322235107421875,0.9145972563290125,1.028432286425985
(10)EcqZ9eBVAAErUw0.jpg,0,13,2,4,3,1,0,1,1,1,0,0.060840967817712005,0.0009120060847355769,0.6819533298778492,1.5146275379518548,4,0.5038099099342946,0.6727590399250221,29.636322021484375,10.6351318359375,-3.0620651245117188,0.9728808932174341,1.0939701759523213
(11)EcqZ9eBVAAErUw0.jpg,0,13,2,4,3,1,0,1,1,1,0,0.0712551875342573,0.001068115234375,0.2112802946864448,0.4692563824213488,3,0.5588964908459579,0.7463185205071247,6.567138671875,12.070663452148438,7.852134704589844,0.9960670464971989,1.1200421857532712
(12)EcqZ9eBVAAErUw0.jpg,0,13,2,4,3,1,0,1,1,1,0,0.06013624618275781,0.0009014423076923077,1.0,2.221013479358116,1,0.8584594467844292,1.1463378187788698,14.873428344726562,1.4022445678710938,9.933723449707031,0.9815993927664286,1.1037738205219163
(0)EcsKjdpXoAEZcN4.jpg,0,7,0,1,0,2,4,0,0,0,0,0.26808055605061487,0.0047817230224609375,0.17124008330234822,0.4403732165439062,4,0.6382841504832801,0.7807112931823641,-30.805213928222656,0.8206100463867188,10.009124755859375,0.8295105969069623,1.3126527413293714
(1)EcsKjdpXoAEZcN4.jpg,0,7,0,1,0,2,4,0,0,0,0,0.15982890750311887,0.0028508504231770835,0.6555994792947916,1.6859863992929882,5,0.7739088663679522,0.9465993968516196,85.99372863769531,5.818840026855469,-0.794219970703125,0.8719101251806738,1.3797475526881247
(2)EcsKjdpXoAEZcN4.jpg,0,7,0,1,0,2,4,0,0,0,0,0.014756727855997149,0.000263214111328125,0.5106836731830501,1.3133105722624512,5,0.7569707474618625,0.9258816950173544,-0.0848846435546875,9.86260986328125,1.1279983520507812,0.9834608292831364,1.5562701168160695
(3)EcsKjdpXoAEZcN4.jpg,1,7,0,1,0,2,4,0,0,0,0,1.0,0.017836888631184895,0.5237811832276236,1.346993063626702,2,0.731109394326572,0.8942496226332737,-69.29918670654297,-25.86467742919922,29.51373291015625,0.8241133902875476,1.3041119727232648
(4)EcsKjdpXoAEZcN4.jpg,0,7,0,1,0,2,4,0,0,0,0,0.0029406522901443593,5.245208740234375e-05,0.739908940147811,1.9028026244718366,5,1.0,1.2231406538784404,-1.1441574096679688,13.019912719726562,-0.018951416015625,1.0,1.5824424018498684
(5)EcsKjdpXoAEZcN4.jpg,0,7,0,1,0,2,4,0,0,0,0,0.033077882730351095,0.0005900065104166666,0.22191183197377704,0.5706843009583081,4,0.8168245439673598,0.9990913068121954,2.6949234008789062,8.281997680664062,2.1249618530273438,0.9428165668759911,1.4919529125910904
(6)EcsKjdpXoAEZcN4.jpg,0,7,0,1,0,2,4,0,0,0,0,0.015291391908750668,0.0002727508544921875,1.0,2.571671352006796,5,0.7729221161519957,0.9453924625472598,4.011199951171875,-2.8566513061523438,-2.1660690307617188,0.9496420153782837,1.502753791712761
(0)EcsKjdtX0AElK8-.jpg,0,6,1,2,1,1,0,1,0,0,0,0.33074258680408886,0.004978179931640625,0.4175379868928427,0.5557124151843651,3,0.7176992482537142,0.7600109588544524,36.0169677734375,9.118576049804688,4.710594177246094,0.9901079270432703,1.0851416555964823
(1)EcsKjdtX0AElK8-.jpg,1,6,1,2,1,1,0,1,0,0,0,0.8642392498099181,0.01300811767578125,1.0,1.3309266045941432,6,0.9556825904286486,1.0120245265401462,6.575225830078125,-4.256340026855469,12.577255249023438,1.0,1.0959832013839224
(2)EcsKjdtX0AElK8-.jpg,1,6,1,2,1,1,0,1,0,0,0,1.0,0.015051523844401041,0.4132439859596265,0.5499974151021956,2,0.7384000812000986,0.7819322022373152,6.286354064941406,-3.613128662109375,-3.8676223754882812,0.9563526845553917,1.0481464768711266
(3)EcsKjdtX0AElK8-.jpg,0,6,1,2,1,1,0,1,0,0,0,0.22438117766325927,0.0033772786458333335,0.8809185273412468,1.1724379045183584,4,1.0,1.0589546536431378,76.467041015625,0.6099472045898438,1.2697219848632812,0.9651156509241706,1.0577505408056005
(4)EcsKjdtX0AElK8-.jpg,1,6,1,2,1,1,0,1,0,0,0,0.6951930387767171,0.010463714599609375,0.6090310999174382,0.8105756939053524,2,0.6802593126678915,0.7203637648337461,1.129302978515625,-1.59979248046875,5.160369873046875,0.9709899428843347,1.064188666113965
(5)EcsKjdtX0AElK8-.jpg,1,6,1,2,1,1,0,1,0,0,0,0.7709723747571176,0.01160430908203125,0.5959887241052723,0.7932172489498256,1,0.5939326573896675,0.6289477514934239,-2.8433761596679688,-2.847015380859375,6.199195861816406,0.9542359509754235,1.0458265724256761
(0)EcV7koSWkAELQGT.jpg,1,8,0,0,0,3,3,2,0,0,0,1.0,0.00386810302734375,1.0,1.359724213858279,4,1.0,1.173613377633365,-12.5225830078125,-3.9172744750976562,3.867218017578125,0.9878075951555239,1.1071420097967244
(1)EcV7koSWkAELQGT.jpg,1,8,0,0,0,3,3,2,0,0,0,0.6037968441814595,0.0023355484008789062,0.6287594596591731,0.8549394619910254,6,0.8072104728998469,0.9473530095610153,5.583892822265625,3.3585662841796875,-11.96221923828125,0.9949205621374372,1.115114275447034
(2)EcV7koSWkAELQGT.jpg,1,8,0,0,0,3,3,2,0,0,0,0.5500493096646942,0.0021276473999023438,0.9752106787720326,1.3260175735395006,5,0.7936830338945351,0.9314770261792619,-0.977142333984375,-0.8306427001953125,1.3443832397460938,0.9997292376724485,1.1205038743146705
(3)EcV7koSWkAELQGT.jpg,1,8,0,0,0,3,3,2,0,0,0,0.7255917159763313,0.0028066635131835938,0.6829133575186199,0.9285738281853233,4,0.759304808066249,0.8911302804478846,-3.525909423828125,-5.201423645019531,11.80126953125,0.9758431650680423,1.09373218865535
(4)EcV7koSWkAELQGT.jpg,1,8,0,0,0,3,3,2,0,0,0,0.5752794214332676,0.0022252400716145835,0.9020684460953331,1.226564308713336,5,0.7396675354197522,0.868083714569722,-4.29193115234375,-3.35400390625,8.363723754882812,0.9999789461149853,1.1207837493716037
(5)EcV7koSWkAELQGT.jpg,1,8,0,0,0,3,3,2,0,0,0,0.4990138067061144,0.00193023681640625,0.47514664232093895,0.6460683946972395,5,0.8594917019893193,1.0087109594195347,-2.6760406494140625,-0.5047988891601562,-2.4853057861328125,0.9866858031653135,1.1058846970926044
(6)EcV7koSWkAELQGT.jpg,1,8,0,0,0,3,3,2,0,0,0,0.6730769230769231,0.0026035308837890625,0.4352763799968518,0.5918558336022969,6,0.8361913807679744,0.9813653907310097,2.4406814575195312,-5.0961761474609375,1.57257080078125,0.9868258553017644,1.1060416685560626
(7)EcV7koSWkAELQGT.jpg,1,8,0,0,0,3,3,2,0,0,0,0.664447731755424,0.0025701522827148438,0.783320736241737,1.065100172285184,4,0.960326189852969,1.1270516633031231,0.8507843017578125,-5.910209655761719,2.8241043090820312,1.0,1.1208073467206052
(0)EcwIIgdXgAcajJp.jpg,1,6,1,2,1,2,0,0,0,0,0,0.5899942495687176,0.007239545700867052,0.2986392621982861,0.22442234612670015,4,0.8571960546160686,0.9099306250035056,-4.173912048339844,-5.338104248046875,-2.3396759033203125,0.96186114125425,1.1499929637203383
(1)EcwIIgdXgAcajJp.jpg,1,6,1,2,1,2,0,0,0,0,0,1.0,0.012270536036849711,1.0,0.751483058438885,3,0.751706004388391,0.7979508429939928,6.36041259765625,-6.310829162597656,-3.2172393798828125,0.9773399600911101,1.1684993072928413
(2)EcwIIgdXgAcajJp.jpg,1,6,1,2,1,2,0,0,0,0,0,0.7224381828637148,0.008864703757225433,0.3064787940020113,0.23031362146329246,4,1.0,1.0615198473015097,-1.198883056640625,-3.3212661743164062,1.802947998046875,0.9394378232550811,1.1231838362732283
(3)EcwIIgdXgAcajJp.jpg,0,6,1,2,1,2,0,0,0,0,0,0.1251293847038528,0.0015354046242774567,0.45986077508341244,0.345577581715759,1,0.8481557848457253,0.9003341992173264,1.3033294677734375,0.71527099609375,-1.6249465942382812,1.0,1.1955914574330009
(4)EcwIIgdXgAcajJp.jpg,1,6,1,2,1,2,0,0,0,0,0,0.5504772857964347,0.0067546513728323695,0.5459285575993073,0.4102560621538564,2,0.7805176142618916,0.8285349387074218,4.9231719970703125,-3.7179336547851562,4.3867645263671875,0.9879506289740168,1.1811853323668944
(5)EcwIIgdXgAcajJp.jpg,1,6,1,2,1,2,0,0,0,0,0,0.703737780333525,0.008635239794075145,0.3988088287535648,0.29969807836415846,2,0.8634960489544767,0.916618194031613,5.205291748046875,-4.1970672607421875,-4.8410491943359375,0.9730528008207457,1.163373616292539
(0)EcWY2vxWAAEiPAT.jpg,1,11,1,5,4,0,1,0,0,0,0,0.4656390743904333,0.0076249440511067705,0.10231121773426623,0.1949547473283075,2,0.9798255764075454,1.3521190171780018,18.378143310546875,19.377517700195312,-15.699737548828125,0.9722711806633499,1.1648649610462716
(1)EcWY2vxWAAEiPAT.jpg,1,11,1,5,4,0,1,0,0,0,0,0.6034710358751358,0.009881973266601562,1.0,1.9055070562708487,5,0.9194288657773515,1.2687740392713267,14.447845458984375,15.2001953125,20.942527770996094,0.9578534090539182,1.1475912237410721
(2)EcWY2vxWAAEiPAT.jpg,0,11,1,5,4,0,1,0,0,0,0,0.24281720764093803,0.003976186116536458,0.934592040524811,1.7808717279545985,1,0.4863116683756894,0.67109011125959,6.2198638916015625,-40.97270965576172,-16.337936401367188,0.9837358500446266,1.178600626483889
(3)EcWY2vxWAAEiPAT.jpg,1,11,1,5,4,0,1,0,0,0,0,1.0,0.016375223795572918,0.3454006107962631,0.6581633011125405,2,0.7888978263930202,1.088646570736912,53.37602233886719,6.1348876953125,-7.9089508056640625,1.0,1.1980864847310613
(4)EcWY2vxWAAEiPAT.jpg,0,11,1,5,4,0,1,0,0,0,0,0.1871020344774033,0.003063837687174479,0.00678775183064153,0.012934109009502807,2,0.9372449748438111,1.2933595374058007,26.27398681640625,5.4486236572265625,0.8479843139648438,0.7849146702606793,0.9403956581064574
(5)EcWY2vxWAAEiPAT.jpg,0,11,1,5,4,0,1,0,0,0,0,0.17471657089610187,0.00286102294921875,0.016633709925256018,0.03169565163453779,2,0.9710105323680582,1.3399546187686928,45.173828125,-3.6027603149414062,-6.6573333740234375,0.9693149971151036,1.1613231974907334
(6)EcWY2vxWAAEiPAT.jpg,1,11,1,5,4,0,1,0,0,0,0,0.7370709737536885,0.0120697021484375,0.2735401080959808,0.5212326061499821,3,0.8947488813259097,1.234716675262927,24.174652099609375,2.90081787109375,-5.502685546875,0.9586292966202781,1.1485208041479988
(7)EcWY2vxWAAEiPAT.jpg,0,11,1,5,4,0,1,0,0,0,0,0.15872029818294767,0.0025990804036458335,0.010571226150911498,0.020143546023996785,2,0.9663267308357106,1.3334911651938286,37.77268981933594,8.155174255371094,-3.7106475830078125,0.9368540170273714,1.1224321359664973
(8)EcWY2vxWAAEiPAT.jpg,1,11,1,5,4,0,1,0,0,0,0,0.5376417145519491,0.008804003397623697,0.2362992358690455,0.45026986133987584,3,0.7595503640535657,1.0481482791118046,27.485015869140625,-5.066497802734375,-10.383926391601562,0.9882563465138309,1.1840165722079172
(9)EcWY2vxWAAEiPAT.jpg,0,11,1,5,4,0,1,0,0,0,0,0.1700574623388725,0.00278472900390625,0.012660793207904936,0.02412523079564889,3,1.0,1.379958892413731,21.57154083251953,4.715034484863281,-1.719696044921875,0.909033878652535,1.0891012041762578
(10)EcWY2vxWAAEiPAT.jpg,1,11,1,5,4,0,1,0,0,0,0,0.23670212765957446,0.0038760503133138022,0.008636433775777731,0.016456785500760355,3,0.9076106315404228,1.2524653618434487,-10.133934020996094,-3.3900833129882812,2.520416259765625,0.926278679643634,1.1097619671755703
(0)ECXpBRbVUAA0kq0.jpg,1,8,3,5,0,0,0,0,0,0,0,0.4435353577198724,0.0057290774828767125,0.5547187511755194,0.8838503209393019,2,1.0,1.3672627088798717,-11.261077880859375,-0.6315765380859375,-1.9142074584960938,0.9411562571954569,1.2404873097559224
(1)ECXpBRbVUAA0kq0.jpg,1,8,3,5,0,0,0,0,0,0,0,0.36687518124197355,0.004738869863013698,0.5719600372631458,0.9113213884120748,2,0.999238055506656,1.366220930587886,11.362594604492188,9.681182861328125,2.8315277099609375,0.9542552949340843,1.2577524450196478
(2)ECXpBRbVUAA0kq0.jpg,0,8,3,5,0,0,0,0,0,0,0,0.03372136376817598,0.0004355736301369863,0.5250874426808311,0.836637852517453,1,0.15877547720580867,0.2170877890681083,12.97467041015625,-8.902816772460938,-4.214324951171875,0.9841695466613589,1.2971808070634883
(3)ECXpBRbVUAA0kq0.jpg,1,8,3,5,0,0,0,0,0,0,0,0.8067442727536352,0.010420590753424658,0.5723253321661506,0.9119034239329112,2,0.972292281499752,1.3293789786263417,17.908767700195312,-12.390235900878906,-30.6082763671875,0.8497995298352355,1.1200749339312235
(4)ECXpBRbVUAA0kq0.jpg,1,8,3,5,0,0,0,0,0,0,0,1.0,0.012916845034246576,0.6678152917635168,1.0640504917177325,2,0.9319665358083032,1.2742430903346507,-9.646270751953125,-0.8580093383789062,47.98699951171875,0.9190449226277074,1.2113435520394347
(5)ECXpBRbVUAA0kq0.jpg,0,8,3,5,0,0,0,0,0,0,0,0.04722647997017275,0.0006100171232876712,0.8586593197614393,1.368128107694953,1,0.26222657822289797,0.35853262168133904,-0.13368988037109375,-22.745582580566406,3.0868148803710938,0.9924082450919276,1.3080397911842345
(6)ECXpBRbVUAA0kq0.jpg,0,8,3,5,0,0,0,0,0,0,0,0.0782965325821285,0.0010113441780821917,1.0,1.5933305284278043,1,0.6782389352139307,0.9273308038283987,-10.089805603027344,-35.32273864746094,5.114227294921875,1.0,1.318046073935097
(7)ECXpBRbVUAA0kq0.jpg,0,8,3,5,0,0,0,0,0,0,0,0.057666017647789884,0.0007448630136986301,0.8052461745179275,1.2830233127591173,2,0.22125566634012306,0.3025146217152177,-27.410171508789062,4.8276824951171875,2.995758056640625,0.9979127274238494,1.3152949525108693
(0)EcZvzNsX0AImQSy.jpg,1,4,1,0,0,0,3,0,0,0,0,0.8892670992447612,0.03342274495087336,0.15677016203720143,0.5847127823711382,5,0.9119305215814798,0.6967528394459208,12.961395263671875,-4.307403564453125,-7.335151672363281,0.9233519565408157,1.0808642558146389
(1)EcZvzNsX0AImQSy.jpg,1,4,1,0,0,0,3,0,0,0,0,1.0,0.0375845963257369,0.24509719314490033,0.9141501156393731,1,0.9498746602444079,0.7257437392217901,2.482513427734375,-1.882720947265625,-1.5382537841796875,0.946923916532495,1.108457297464703
(2)EcZvzNsX0AImQSy.jpg,0,4,1,0,0,0,3,0,0,0,0,0.04122965641952984,0.0015495999931768559,0.5787486698735312,2.1585851584120026,5,0.9286689896759273,0.7095417251085652,77.65524291992188,-30.454483032226562,-14.124160766601562,0.9683721035960995,1.1335642770783334
(3)EcZvzNsX0AImQSy.jpg,0,4,1,0,0,0,3,0,0,0,0,0.019969506790057795,0.0007505458515283843,1.0,3.7297453467732358,5,1.0,0.764041583165354,12.6134033203125,14.879287719726562,4.3045501708984375,1.0,1.1705874971705446
(0)EcZvzOMWsAAkZIb.jpg,1,4,1,1,0,1,0,1,0,0,0,1.0,0.03025039611571285,0.5942407592764096,0.6728348441886014,2,0.736981137395352,0.8074798109856463,-0.06301116943359375,-2.125335693359375,3.5207061767578125,0.975848068260628,1.226899317071022
(1)EcZvzOMWsAAkZIb.jpg,1,4,1,1,0,1,0,1,0,0,0,0.6364152013613159,0.019251811935240965,1.0,1.1322596669536664,6,0.6190557724267335,0.6782738563369162,9.980438232421875,-4.2755889892578125,11.637428283691406,1.0,1.2572646879937706
(2)EcZvzOMWsAAkZIb.jpg,0,4,1,1,0,1,0,1,0,0,0,0.13270399481403453,0.004014348409262048,0.14579856705208302,0.1650818369727133,1,1.0,1.0956587217950402,30.6959228515625,13.282272338867188,4.084922790527344,0.9864095465348082,1.2401778907581622
(3)EcZvzOMWsAAkZIb.jpg,1,4,1,1,0,1,0,1,0,0,0,0.603030548577911,0.01824191296435743,0.6340990436084333,0.7179647719317231,4,0.5842724511179008,0.6401632069718943,-17.451156616210938,-7.9674224853515625,5.649192810058594,0.9909922518439871,1.2459395643188744
(0)Ec_HU-iWsAEK5Bd.jpg,0,5,0,1,0,3,1,0,0,0,0,0.07672991071428571,0.0017903645833333333,0.7531296214830592,1.995107173799534,4,1.0,0.9923706071527784,18.592086791992188,0.2674713134765625,-2.2343292236328125,0.9921502144520561,1.1170589177951427
(1)Ec_HU-iWsAEK5Bd.jpg,0,5,0,1,0,3,1,0,0,0,0,0.125,0.002916666666666667,0.5426052545207611,1.4374094511167008,4,0.9006221844533504,0.8937509840012329,-9.241226196289062,8.112457275390625,-3.2588958740234375,1.0,1.1258969675394073
(2)Ec_HU-iWsAEK5Bd.jpg,1,5,0,1,0,3,1,0,0,0,0,0.5440848214285714,0.0126953125,0.35260013484882446,0.9340690346693483,2,0.7739937031913067,0.7680886011683843,-37.85304260253906,3.0258941650390625,6.2535552978515625,0.9949123033833013,1.1201687453469058
(3)Ec_HU-iWsAEK5Bd.jpg,1,5,0,1,0,3,1,0,0,0,0,1.0,0.023333333333333334,0.19802905931164344,0.5245965443178633,5,0.6837493562389338,0.6785327637911521,79.75738525390625,-20.22978973388672,7.7723846435546875,0.9133005307185375,1.0282822979881328
(4)Ec_HU-iWsAEK5Bd.jpg,0,5,0,1,0,3,1,0,0,0,0,0.04241071428571429,0.0009895833333333334,1.0,2.6490887051697407,4,0.6825011881373111,0.677294118454316,-0.4334259033203125,3.416412353515625,-2.56024169921875,0.9961307151247984,1.121540551431872
(0)Ed0J1ihWoAIppe5.jpg,1,6,1,4,1,0,0,0,0,0,0,0.9317642279519113,0.021693638392857144,0.2011903444918141,0.5116413174545374,2,0.7405287958332799,1.2601200166426192,42.476043701171875,-2.1364288330078125,-8.735626220703125,0.9340568021752169,0.9826122984601241
(1)Ed0J1ihWoAIppe5.jpg,1,6,1,4,1,0,0,0,0,0,0,0.7535768239580556,0.017545021186440676,0.2138837143022949,0.5439214572851856,1,0.7515129545378012,1.2788111983055437,16.41693115234375,-12.627288818359375,2.082550048828125,0.935700489105232,0.9843414299096138
(2)Ed0J1ihWoAIppe5.jpg,1,6,1,4,1,0,0,0,0,0,0,1.0,0.023282325873940676,0.16603983434627795,0.42225107675741025,2,0.777731697949161,1.3234262943960264,44.788330078125,-5.292381286621094,-8.399032592773438,0.9495101106529814,0.9988689232465267
(3)Ed0J1ihWoAIppe5.jpg,1,6,1,4,1,0,0,0,0,0,0,0.7052722448616877,0.016420378234715496,0.17881270708590016,0.45473339817639546,2,0.5300306315504016,0.9019260452915044,24.526199340820312,-11.4273681640625,-1.1711883544921875,0.9579029188317538,1.007698018560509
(4)Ed0J1ihWoAIppe5.jpg,0,6,1,4,1,0,0,0,0,0,0,0.0744563354534029,0.001733516665405569,0.8184450802434584,2.081363895358236,2,1.0,1.7016489078249408,20.78588104248047,5.5936431884765625,2.1409835815429688,0.996949042444428,1.048773894438356
(5)Ed0J1ihWoAIppe5.jpg,0,6,1,4,1,0,0,0,0,0,0,0.042033235581622676,0.0009786314883474577,1.0,2.543070934874585,3,0.9730962916371284,1.6558682418728194,23.954727172851562,-27.998214721679688,4.723869323730469,1.0,1.0519834512974287
(0)ED70F61WwAAJo85.jpg,0,42,0,0,0,22,5,15,0,0,0,0.024154031065088757,0.0009965896606445312,0.2686772867759436,1.1540385166787657,6,0.6305092421524027,0.8524830826179526,22.876876831054688,-12.338851928710938,-6.5926513671875,0.9959481809406986,1.2157371177501262
(1)ED70F61WwAAJo85.jpg,0,42,0,0,0,22,5,15,0,0,0,0.0035364275147928993,0.00014591217041015625,0.605451464898029,2.6005708143635595,6,0.6096499956261139,0.8242802370591554,-4.4909515380859375,3.4216690063476562,4.939117431640625,0.9781968610882705,1.1940683815180184
(2)ED70F61WwAAJo85.jpg,0,42,0,0,0,22,5,15,0,0,0,0.008629191321499015,0.0003560384114583333,0.4542368451451953,1.95106486775472,6,0.9949021790885488,1.345162322502036,6.5248870849609375,2.0261383056640625,7.452735900878906,0.9803571472711373,1.1967054063630191
(3)ED70F61WwAAJo85.jpg,0,42,0,0,0,22,5,15,0,0,0,0.00641025641025641,0.0002644856770833333,0.6043638684887016,2.5958993061686293,4,0.6394170946901853,0.864526987898376,33.79423522949219,26.72412872314453,9.667724609375,0.9667674380642123,1.1801166779347145
(4)ED70F61WwAAJo85.jpg,0,42,0,0,0,22,5,15,0,0,0,0.0015101084812623273,6.230672200520833e-05,0.34401500589078504,1.477633527855712,4,0.45076598211473434,0.6094603350470702,21.285919189453125,13.71014404296875,0.8877410888671875,0.9934290903146547,1.2126621063834049
(5)ED70F61WwAAJo85.jpg,1,42,0,0,0,22,5,15,0,0,0,1.0,0.041259765625,0.06094602956221521,0.26177897803505923,5,0.7278785142448884,0.984131679777778,1.7669448852539062,-12.552352905273438,-15.592658996582031,0.8906610028088963,1.0872148382505034
(6)ED70F61WwAAJo85.jpg,0,42,0,0,0,22,5,15,0,0,0,0.0014022435897435897,5.7856241861979164e-05,0.43337945233968417,1.8614769649442706,4,0.43375510253646854,0.5864606927080962,4.351165771484375,10.633598327636719,-0.38545989990234375,0.9887884964073752,1.2069974118044602
(7)ED70F61WwAAJo85.jpg,0,42,0,0,0,22,5,15,0,0,0,0.0043685281065088755,0.00018024444580078125,0.6196386908415,2.661508623361323,6,0.9349124043456486,1.2640528562493225,14.531982421875,-3.5057525634765625,-1.034912109375,0.9809237387847891,1.197397035051068
(8)ED70F61WwAAJo85.jpg,0,42,0,0,0,22,5,15,0,0,0,0.01171875,0.00048351287841796875,0.15844318642893584,0.6805545122122245,4,0.47215833267234997,0.6383839665001869,-4.07440185546875,8.380348205566406,11.330154418945312,1.0,1.2206831048196014
(9)ED70F61WwAAJo85.jpg,0,42,0,0,0,22,5,15,0,0,0,0.007373335798816568,0.00030422210693359375,0.3782743647142336,1.6247863449524127,5,0.4030841112617464,0.5449918300161462,20.4622802734375,-3.2093582153320312,-0.1558990478515625,0.9834343802732757,1.200461732698323
(10)ED70F61WwAAJo85.jpg,0,42,0,0,0,22,5,15,0,0,0,0.026950813609467456,0.0011119842529296875,0.32547370701875916,1.3979938482075618,4,0.7472706120470914,1.0103508597796709,33.889404296875,2.6918792724609375,-2.6696548461914062,0.9891849055261857,1.2074813017183885
(11)ED70F61WwAAJo85.jpg,0,42,0,0,0,22,5,15,0,0,0,0.0035441321499013806,0.00014623006184895834,0.5774915154925327,2.480475591855077,4,0.5935032001712175,0.8024488838551932,34.420654296875,1.3493194580078125,-3.3840408325195312,0.9915966971253853,1.2104253349758773
(12)ED70F61WwAAJo85.jpg,0,42,0,0,0,22,5,15,0,0,0,0.026442307692307692,0.00109100341796875,0.31965644665010484,1.3730072086313834,4,0.867342508400524,1.172694650315918,24.099082946777344,0.1453399658203125,2.9165802001953125,0.9827296533682243,1.1996014844718148
(13)ED70F61WwAAJo85.jpg,0,42,0,0,0,22,5,15,0,0,0,0.002311390532544379,9.5367431640625e-05,0.7161897790141147,3.0762205475269253,4,0.8595425690200308,1.1621487043998566,11.248046875,7.3462371826171875,0.45046234130859375,0.9711620626817963,1.1854811219574235
(14)ED70F61WwAAJo85.jpg,0,42,0,0,0,22,5,15,0,0,0,0.043569711538461536,0.0017976760864257812,0.19676787985400304,0.8451689940806376,4,0.73230143118282,0.9901117061014837,64.786865234375,6.389213562011719,1.9295806884765625,0.959279745408653,1.1709765780159913
(15)ED70F61WwAAJo85.jpg,0,42,0,0,0,22,5,15,0,0,0,0.08068293885601578,0.0033289591471354165,0.1573624960393483,0.6759126671602881,6,0.6654251369495491,0.8996912877307349,18.148162841796875,6.0842437744140625,15.139144897460938,0.9593364826893304,1.1710458362559277
(16)ED70F61WwAAJo85.jpg,0,42,0,0,0,22,5,15,0,0,0,0.01098680966469428,0.0004533131917317708,0.706032145943545,3.0325908833212463,5,0.9149188833207087,1.2370205190586048,32.211517333984375,-7.386962890625,7.503730773925781,0.9738157878590432,1.1887204794461232
(17)ED70F61WwAAJo85.jpg,0,42,0,0,0,22,5,15,0,0,0,0.006864829881656805,0.00028324127197265625,0.2903663230044505,1.247198543332642,4,0.3345713525834064,0.45235882194573684,23.080841064453125,5.490119934082031,10.599128723144531,0.9504403433424026,1.160186469257012
(18)ED70F61WwAAJo85.jpg,0,42,0,0,0,22,5,15,0,0,0,0.004430165187376726,0.0001827875773111979,0.27240844591128893,1.1700648112930818,6,0.2998692267314943,0.40543964417342504,35.16093444824219,-17.177001953125,11.645767211914062,0.9998091526300077,1.2204501406594526
(19)ED70F61WwAAJo85.jpg,0,42,0,0,0,22,5,15,0,0,0,0.003467085798816568,0.0001430511474609375,0.5703361888869504,2.4497416113189976,4,0.8550521282063807,1.1560773820920882,2.790985107421875,3.2753448486328125,-0.0139617919921875,0.9777051303858952,1.193468134157508
(20)ED70F61WwAAJo85.jpg,0,42,0,0,0,22,5,15,0,0,0,0.01275887573964497,0.00052642822265625,0.2765352032948771,1.1877903028178667,6,0.5751352696711455,0.7776144342275241,49.219451904296875,-10.812713623046875,12.036186218261719,0.9886327584394468,1.2068073050982309
(21)ED70F61WwAAJo85.jpg,0,42,0,0,0,22,5,15,0,0,0,0.06548939842209073,0.0027020772298177085,0.39670978453304195,1.7039712466511923,5,0.7253416304243406,0.9807016736890466,58.87156677246094,2.40972900390625,11.562240600585938,0.9657261307190755,1.1788455716515815
(22)ED70F61WwAAJo85.jpg,0,42,0,0,0,22,5,15,0,0,0,0.03974821252465483,0.001640001932779948,0.23020858838124827,0.9888054961778607,4,0.8250543761557085,1.1155187757622786,18.673805236816406,-20.92889404296875,1.8724822998046875,0.9574685114628068,1.1687656353394211
(23)ED70F61WwAAJo85.jpg,0,42,0,0,0,22,5,15,0,0,0,0.04476392998027613,0.0018469492594401042,0.29804913101047176,1.2801981930670476,6,0.7728468557786602,1.0449313443157018,19.97821044921875,-6.968971252441406,-1.83062744140625,0.9805493965095798,1.1969400817603004
(24)ED70F61WwAAJo85.jpg,0,42,0,0,0,22,5,15,0,0,0,0.0038060897435897435,0.00015703837076822916,0.3538002735280571,1.519663786106903,4,0.5051944632114519,0.6830506272197063,7.2686920166015625,2.7328262329101562,-4.2691497802734375,0.9871571353051172,1.2050060368690738
(25)ED70F61WwAAJo85.jpg,0,42,0,0,0,22,5,15,0,0,0,0.005424063116370809,0.00022379557291666666,0.27100451711651213,1.1640345735930937,6,0.3368876128406583,0.4554905328743616,8.1197509765625,13.904449462890625,13.904983520507812,0.9478641753621956,1.157041784528396
(26)ED70F61WwAAJo85.jpg,0,42,0,0,0,22,5,15,0,0,0,0.0025425295857988165,0.0001049041748046875,1.0,4.295258935084997,6,0.9222455571887821,1.2469265840404118,39.97590637207031,3.6981124877929688,-1.49908447265625,0.9721709946060556,1.18671270811128
(27)ED70F61WwAAJo85.jpg,0,42,0,0,0,22,5,15,0,0,0,0.0036597016765285996,0.0001509984334309896,0.5994191037101506,2.5746602610716645,6,1.0,1.3520548560204861,11.999176025390625,11.349746704101562,1.5267791748046875,0.9750688437572007,1.1902500636103988
(28)ED70F61WwAAJo85.jpg,0,42,0,0,0,22,5,15,0,0,0,0.002080251479289941,8.58306884765625e-05,0.7408529075100484,3.1821550705662336,5,0.6947337550016012,0.9393181470912616,37.720733642578125,3.6141510009765625,-2.4548187255859375,0.9616835506838227,1.1739108625026673
(29)ED70F61WwAAJo85.jpg,0,42,0,0,0,22,5,15,0,0,0,0.0026349852071005917,0.0001087188720703125,0.6706607935764697,2.8806617660205256,6,0.6767514202719808,0.9150050440974925,9.235176086425781,8.466316223144531,24.276596069335938,0.9787558051066202,1.194750675037758
(30)ED70F61WwAAJo85.jpg,0,42,0,0,0,22,5,15,0,0,0,0.005778476331360947,0.0002384185791015625,0.24847447276853532,1.067262199299585,6,0.41043181204220625,0.5549263245369525,38.20831298828125,7.9779052734375,5.377326965332031,0.9780067108345822,1.193836268315964
(31)ED70F61WwAAJo85.jpg,0,42,0,0,0,22,5,15,0,0,0,0.03710552268244576,0.0015309651692708333,0.20271856231064442,0.87072871607238,4,0.6202994471525445,0.8386788797094208,19.326446533203125,-29.106903076171875,-3.653106689453125,0.9323233540426583,1.1380713665086166
(32)ED70F61WwAAJo85.jpg,0,42,0,0,0,22,5,15,0,0,0,0.0064718934911242604,0.00026702880859375,0.2389431846006805,1.0263228486337366,6,0.2879837166915756,0.3893697826076727,16.428497314453125,-12.179206848144531,9.911796569824219,0.987340852905628,1.2052302978400753
(33)ED70F61WwAAJo85.jpg,0,42,0,0,0,22,5,15,0,0,0,0.024500739644970414,0.001010894775390625,0.16143079821118347,0.6933870784144889,4,0.34232519224230856,0.4628424385093598,27.37859344482422,-4.100494384765625,-2.809356689453125,0.8907541777399984,1.0873285753146924
(34)ED70F61WwAAJo85.jpg,0,42,0,0,0,22,5,15,0,0,0,0.0016179733727810651,6.67572021484375e-05,0.6492400205751436,2.7886539993901525,4,0.3808761844390884,0.5149654947134238,27.995933532714844,7.343925476074219,-1.3338775634765625,0.9849920720134799,1.2023631806881072
(35)ED70F61WwAAJo85.jpg,0,42,0,0,0,22,5,15,0,0,0,0.0011017628205128205,4.5458475748697914e-05,0.8964956027272435,3.850680747878602,4,0.6193582372823223,0.8374063123338523,-6.323020935058594,10.106025695800781,-2.4786300659179688,0.9806464920173984,1.1970586046062484
(36)ED70F61WwAAJo85.jpg,0,42,0,0,0,22,5,15,0,0,0,0.003143491124260355,0.00012969970703125,0.46327875680849645,1.9899022196167635,4,0.800555203937223,1.082394550995793,18.182579040527344,1.3851699829101562,0.6032180786132812,0.9820056241161592,1.1987176741964238
(37)ED70F61WwAAJo85.jpg,0,42,0,0,0,22,5,15,0,0,0,0.006379437869822485,0.000263214111328125,0.12358456151826085,0.5308276920998712,4,0.6359552509154383,0.859846385211945,33.59394836425781,1.0348434448242188,1.50225830078125,0.9897341960888786,1.2081518114279046
(38)ED70F61WwAAJo85.jpg,0,42,0,0,0,22,5,15,0,0,0,0.0015717455621301775,6.4849853515625e-05,0.998077786036815,4.28700252838448,4,0.8130016343558384,1.099222807683403,11.054946899414062,6.607246398925781,0.7774658203125,0.922216660599037,1.125734296576397
(39)ED70F61WwAAJo85.jpg,0,42,0,0,0,22,5,15,0,0,0,0.010817307692307692,0.000446319580078125,0.18311082899332576,0.7865084243444033,4,0.7249419690075669,0.9801613095297337,43.021148681640625,17.24077606201172,15.524246215820312,0.9976806716065266,1.2178519398351602
(40)ED70F61WwAAJo85.jpg,0,42,0,0,0,22,5,15,0,0,0,0.001941568047337278,8.0108642578125e-05,0.3594778996403922,1.544050660395982,4,0.29248505490300597,0.39545583879502777,22.23493194580078,9.268501281738281,4.90765380859375,0.9917306826219532,1.2105888888078287
(0)EdeUpCVWAAA4bJj.jpg,0,7,1,3,2,0,1,0,0,0,0,0.011124178484953303,0.0006146839117954071,0.9004006024864455,0.8267352660076829,3,0.809355657500738,0.8151693058562007,-42.10390090942383,4.6991119384765625,6.8698577880859375,1.0,1.0796429104402834
(1)EdeUpCVWAAA4bJj.jpg,0,7,1,3,2,0,1,0,0,0,0,0.08517468004150813,0.004706460399269311,1.0,0.9181860426621922,5,0.9169663209542075,0.9235529429101124,-27.538002014160156,-4.4880218505859375,-1.46221923828125,0.9815685542264283,1.059743530681682
(2)EdeUpCVWAAA4bJj.jpg,0,7,1,3,2,0,1,0,0,0,0,0.026122448979591838,0.0014434368475991649,0.5674050046109809,0.5209833557704794,2,0.6831864524238451,0.688093820104295,-26.750869750976562,-1.071624755859375,2.7050933837890625,0.9743063554554771,1.0519029492644165
(3)EdeUpCVWAAA4bJj.jpg,0,7,1,3,2,0,1,0,0,0,0,0.05162227602905569,0.0028524697449112736,0.5538889827654616,0.5085731331596063,2,0.9329010642790839,0.9396021464150924,-5.5147247314453125,3.587249755859375,-1.64666748046875,0.9660618918727503,1.0430018726069425
(4)EdeUpCVWAAA4bJj.jpg,0,7,1,3,2,0,1,0,0,0,0,0.030134901418194398,0.001665151193893528,0.279695850013288,0.25681282567273894,2,0.7393840834553405,0.744695121959858,-81.32061004638672,5.792793273925781,-0.40184783935546875,0.9830123650803593,1.0613023308341454
(0)EdfZ2ypX0AAgI6-.jpg,1,16,1,12,1,1,1,0,0,0,0,0.5709864603481625,0.0072890328697850825,0.10892750513273437,0.3796485753638046,2,0.6368285237421014,0.8563501426225035,61.01727294921875,-7.4032745361328125,-21.861968994140625,0.9095486082470082,1.016283178245398
(1)EdfZ2ypX0AAgI6-.jpg,0,16,1,12,1,1,1,0,0,0,0,0.03172147001934236,0.00040494627054361566,0.42675563939918476,1.4873853057493869,2,0.6989408747222118,0.9398732868244694,49.7117919921875,-34.5850830078125,-26.240692138671875,0.9920998366037829,1.108521706194089
(2)EdfZ2ypX0AAgI6-.jpg,0,16,1,12,1,1,1,0,0,0,0,0.015159574468085106,0.00019352234118204804,0.47285050857399125,1.6480412520365222,2,0.6552523501237826,0.88112485945977,-18.265647888183594,6.498298645019531,0.32098388671875,0.99119479647826,1.107510460564261
(3)EdfZ2ypX0AAgI6-.jpg,0,16,1,12,1,1,1,0,0,0,0,0.008897485493230174,0.00011358249051833123,0.28192692323195784,0.9826090722567041,2,0.5548167894276054,0.7460680843311274,-12.40460205078125,9.29443359375,-1.5994720458984375,1.0,1.1173489454336054
(4)EdfZ2ypX0AAgI6-.jpg,0,16,1,12,1,1,1,0,0,0,0,0.008897485493230174,0.00011358249051833123,0.5249329458364047,1.8295658640622492,2,0.7164843396082431,0.9634641721211364,-13.48291015625,10.252967834472656,-2.6364288330078125,0.9766091251681474,1.0912131761074653
(5)EdfZ2ypX0AAgI6-.jpg,0,16,1,12,1,1,1,0,0,0,0,0.007446808510638298,9.506360619469026e-05,0.752029562182632,2.621073084949439,2,0.662148554555487,0.8903982594857959,-4.762336730957031,5.267051696777344,-2.4028167724609375,0.9852528096025083,1.1008711877948594
(6)EdfZ2ypX0AAgI6-.jpg,1,16,1,12,1,1,1,0,0,0,0,0.5947775628626693,0.007592742572692794,0.22288600598276248,0.7768318436814642,1,0.8393868274677456,1.1287324650498118,-67.35881805419922,-9.323013305664062,17.947921752929688,0.9432518775917015,1.053941490705356
(7)EdfZ2ypX0AAgI6-.jpg,0,16,1,12,1,1,1,0,0,0,0,0.00851063829787234,0.0001086441213653603,0.5910901014624537,2.060145549633356,2,0.808395385906311,1.087057941356587,9.432601928710938,11.524032592773438,1.5278091430664062,0.972588083026067,1.0867202689104678
(8)EdfZ2ypX0AAgI6-.jpg,1,16,1,12,1,1,1,0,0,0,0,1.0,0.012765684260429835,0.03742654347303232,0.13044394887236077,3,0.6651615496755059,0.8944498663227314,64.63124084472656,-24.842178344726562,-31.420509338378906,0.9340508347997923,1.0436607152449267
(9)EdfZ2ypX0AAgI6-.jpg,0,16,1,12,1,1,1,0,0,0,0,0.011025145067698259,0.00014074352085967132,0.7479338484791568,2.606798160808584,2,0.6123970265677864,0.8234968464686732,8.310165405273438,-3.925750732421875,12.241867065429688,0.9828895831226784,1.0982306391798007
(10)EdfZ2ypX0AAgI6-.jpg,0,16,1,12,1,1,1,0,0,0,0,0.009042553191489361,0.00011543437895069532,1.0,3.4853325145121166,2,1.0,1.3447107199132031,-17.319374084472656,4.311424255371094,3.3616943359375,0.9529589563784633,1.064787684950985
(11)EdfZ2ypX0AAgI6-.jpg,1,16,1,12,1,1,1,0,0,0,0,0.9782398452611218,0.012487900995575221,0.18198454591423568,0.6342766550136089,4,0.9989158307621456,1.3432528259168603,-82.7638931274414,13.23468017578125,-22.742385864257812,0.9456727769453449,1.0566464800451503
(12)EdfZ2ypX0AAgI6-.jpg,0,16,1,12,1,1,1,0,0,0,0,0.0613394584139265,0.000783040158817952,0.35766894371426566,1.2465951989585342,5,0.7225714291301389,0.9716495466543011,-35.48419189453125,1.2935256958007812,0.14133453369140625,0.9860190879815105,1.101727388133546
(13)EdfZ2ypX0AAgI6-.jpg,0,16,1,12,1,1,1,0,0,0,0,0.013926499032882012,0.00017778128950695323,0.6329180185074116,2.205929748924463,2,0.7076357034171299,0.9515653161783346,9.266578674316406,-1.0476837158203125,-3.13800048828125,0.9706958999135584,1.0846060401051392
(0)EdOdkRWXsAA9-20.jpg,1,3,2,1,0,0,0,0,0,0,0,1.0,0.012988074351165254,0.8431967819743478,0.36740512508469453,1,0.6341716353853232,0.9899059103251543,-36.21683120727539,-5.1759490966796875,9.439529418945312,0.8795461618441605,1.0656186484859984
(1)EdOdkRWXsAA9-20.jpg,1,3,2,1,0,0,0,0,0,0,0,0.7437275985663082,0.009659589347192797,1.0,0.43572880368970857,2,0.5128245245703807,0.8004899612444191,-4.546875,-6.527366638183594,-5.2725982666015625,1.0,1.2115551118450638
(2)EdOdkRWXsAA9-20.jpg,0,3,2,1,0,0,0,0,0,0,0,0.12777777777777777,0.0016595872782044492,0.2419935327985174,0.10544355254694424,1,1.0,1.5609432133048442,16.62835693359375,0.910797119140625,-2.4981536865234375,0.9978423761672082,1.2089410316610063
(0)EdoIcraXYAMivIA.jpg,0,4,1,1,2,0,0,0,0,0,0,0.06985223565534446,0.0006109617276117775,1.0,1.0432092283948184,3,0.7010928172770324,0.8340730913657695,24.860137939453125,-26.217300415039062,-0.6061935424804688,1.0,1.0555320436852433
(1)EdoIcraXYAMivIA.jpg,1,4,1,1,2,0,0,0,0,0,0,1.0,0.008746487809299375,0.6943460087673919,0.7243481640452528,1,1.0,1.189675704573922,-40.20640182495117,-3.3938369750976562,9.019790649414062,0.9783087618962055,1.0326362467994818
(2)EdoIcraXYAMivIA.jpg,1,4,1,1,2,0,0,0,0,0,0,0.9885242755709077,0.00864611552547744,0.5600284401509873,0.5842268369290652,3,0.9585474016676537,1.1403605554464682,68.71633911132812,4.300712585449219,10.32989501953125,0.8767321146395859,0.9254188407300071
(3)EdoIcraXYAMivIA.jpg,1,4,1,1,2,0,0,0,0,0,0,0.9047015927844944,0.007912961452343307,0.8807476036139336,0.918804027976677,2,0.9546828294859088,1.135762967813274,74.77923583984375,-28.430511474609375,-30.032424926757812,0.9522587330131799,1.0051396065745224
(0)EdOixzgX0AAs75o.jpg,1,8,1,0,0,4,2,1,0,0,0,0.5737990252958923,0.004715919494628906,0.42385766073810327,0.39048163297832345,6,0.7251874178206937,0.9236435459081457,24.951248168945312,-17.332000732421875,-17.232986450195312,0.9774020738617021,1.0363195944174224
(1)EdOixzgX0AAs75o.jpg,0,8,1,0,0,4,2,1,0,0,0,0.18759186199427555,0.0015417734781901042,1.0,0.921256518752878,1,0.7905499072046922,1.0068932548529677,67.0045166015625,-34.76316833496094,-29.235916137695312,0.9899246585384515,1.0495970369564926
(2)EdOixzgX0AAs75o.jpg,1,8,1,0,0,4,2,1,0,0,0,0.391235398777752,0.0032154719034830728,0.29889575927173756,0.27535966665667916,5,0.826448323002282,1.052615697417421,-35.23200225830078,-7.880134582519531,-5.975433349609375,0.9830534983794008,1.0423116852065515
(3)EdOixzgX0AAs75o.jpg,0,8,1,0,0,4,2,1,0,0,0,0.27500580181016476,0.0022602081298828125,0.5507375759177185,0.5073705819363562,4,1.0,1.2736618468696614,-37.55810546875,16.259353637695312,-28.05804443359375,1.0,1.0602797171515486
(4)EdOixzgX0AAs75o.jpg,1,8,1,0,0,4,2,1,0,0,0,0.49106521234625206,0.00403594970703125,0.364800703290314,0.3360750259518362,5,0.6916750136831347,0.8809600753612596,9.654327392578125,-17.331817626953125,-1.077728271484375,0.9729074301539826,1.0315540148583047
(5)EdOixzgX0AAs75o.jpg,1,8,1,0,0,4,2,1,0,0,0,0.5477682370232846,0.0045019785563151045,0.24602020595880444,0.2266477184844742,4,0.8110897475928591,1.0330540658961684,-52.88151931762695,-16.727142333984375,-7.700653076171875,0.9529714233584863,1.0104162712120446
(6)EdOixzgX0AAs75o.jpg,0,8,1,0,0,4,2,1,0,0,0,1.0,0.008218765258789062,0.28443221395214446,0.2620350312467264,4,0.7600554001684487,0.968053564701806,-63.334449768066406,5.599617004394531,-33.11078643798828,0.9513631992890781,1.008711103850616
(7)EdOixzgX0AAs75o.jpg,0,8,1,0,0,4,2,1,0,0,0,0.2202753925891545,0.0018103917439778645,0.7625707778747614,0.7025233001275768,4,0.6763019868877465,0.8613800376610686,51.421112060546875,-1.7591705322265625,-12.371490478515625,0.9920329662690289,1.0518324328807378
(0)EdOixzhXoAE-zm3.jpg,0,4,1,1,0,2,0,0,0,0,0,0.21172696489039386,0.00377655029296875,0.8520066020955328,0.375880003510958,4,0.9358666736706466,1.0304614080539882,-43.79597473144531,-8.593849182128906,6.7357177734375,1.0,1.1246302667086003
(1)EdOixzhXoAE-zm3.jpg,1,4,1,1,0,2,0,0,0,0,0,0.9190518624131171,0.016393025716145832,0.9337010756967784,0.4119211784837066,2,0.8298244412816822,0.9137007292362105,79.38099670410156,-21.96381378173828,-28.431747436523438,0.966073142020454,1.0864750953704787
(2)EdOixzhXoAE-zm3.jpg,0,4,1,1,0,2,0,0,0,0,0,0.19060773480662985,0.0033998489379882812,0.12097723466003077,0.05337156223545275,4,0.74668981940057,0.8221630968663725,-76.86505126953125,-3.5335159301757812,-3.0401229858398438,0.9775453692011348,1.0993771092844293
(3)EdOixzhXoAE-zm3.jpg,1,4,1,1,0,2,0,0,0,0,0,1.0,0.017836888631184895,1.0,0.4411702944395867,1,1.0,1.101077148107351,-55.907066345214844,-19.260818481445312,34.209625244140625,0.9381459620628222,1.0550673435263083
(0)EdqEo6nXsAIqOTl.jpg,1,7,1,2,2,1,1,0,0,0,0,0.585381834065374,0.0075894385269007734,0.846601152631724,0.5839569791118484,4,0.946002635387897,1.0437271125922951,2.0882110595703125,-8.276382446289062,3.890594482421875,0.9953499000211695,1.0501444125715014
(1)EdqEo6nXsAIqOTl.jpg,1,7,1,2,2,1,1,0,0,0,0,0.5151301900070373,0.006678630396262887,0.477243419479217,0.3291864470934919,5,0.8009147871825218,0.8836513208186998,13.202682495117188,-15.336555480957031,2.7800750732421875,0.984799555135234,1.039013265893904
(2)EdqEo6nXsAIqOTl.jpg,1,7,1,2,2,1,1,0,0,0,0,1.0,0.012964936875805412,0.6144330361090672,0.4238152269429441,3,0.9133177918322039,1.0076658416044755,43.76734924316406,-15.80145263671875,-26.95885467529297,0.968507313985361,1.0218241286754821
(3)EdqEo6nXsAIqOTl.jpg,1,7,1,2,2,1,1,0,0,0,0,0.5658472663738504,0.00733617408988402,1.0,0.6897663407338553,2,0.7839157928366458,0.8648962871413158,0.7619247436523438,-21.847579956054688,8.5430908203125,0.9887423758904126,1.0431731409144709
(4)EdqEo6nXsAIqOTl.jpg,1,7,1,2,2,1,1,0,0,0,0,0.7178043631245602,0.009306288257087628,0.678821094152056,0.4682279421262156,2,0.8491420195236153,0.9368605488659848,19.718002319335938,-21.56011199951172,-0.9928131103515625,0.9915912486032621,1.04617884550284
(5)EdqEo6nXsAIqOTl.jpg,1,7,1,2,2,1,1,0,0,0,0,0.7100390691353831,0.009205611710695876,0.9231076971182598,0.6367286183445181,1,0.797455493750248,0.8798346735805066,-10.953903198242188,-9.423187255859375,13.058792114257812,1.0,1.0550505028926678
(6)EdqEo6nXsAIqOTl.jpg,0,7,1,2,2,1,1,0,0,0,0,0.3213861049770681,0.00416675056378866,0.7894878327807897,0.5445621334711072,3,1.0,1.1033025422432647,-36.92406463623047,-4.4962921142578125,1.5640182495117188,0.9963256457519556,1.0511738735954628
(0)EduhIQdWoAEV1vD.jpg,1,9,2,3,2,0,2,0,0,0,0,0.9007407407407407,0.010012379550321198,0.056199138217560014,0.35129210892450585,2,0.34828396999481986,0.6664319453629729,22.17491912841797,-14.456100463867188,-5.141487121582031,0.9091370735610222,0.9617451566476668
(1)EduhIQdWoAEV1vD.jpg,0,9,2,3,2,0,2,0,0,0,0,0.14826572604350383,0.0016480799150160599,0.0795480480272415,0.49724252788605855,2,0.7339123941230555,1.4043214924554217,-4.7302703857421875,-0.217864990234375,3.7852630615234375,0.9481181781123009,1.0029819399592563
(2)EduhIQdWoAEV1vD.jpg,0,9,2,3,2,0,2,0,0,0,0,0.009312169312169312,0.00010351144271948608,0.7184183210736768,4.4907216570292094,5,0.9853673024480292,1.885473650358562,-0.79083251953125,0.1247406005859375,-0.5209808349609375,0.9985028567663952,1.056282176055691
(3)EduhIQdWoAEV1vD.jpg,1,9,2,3,2,0,2,0,0,0,0,0.6817636684303351,0.007578292291220557,0.04780161985675492,0.29880052225142534,2,0.336998436801342,0.6448373831995184,4.502288818359375,-11.198188781738281,-1.0629959106445312,0.9127640346537762,0.9655819953002173
(4)EduhIQdWoAEV1vD.jpg,1,9,2,3,2,0,2,0,0,0,0,0.6929570840681952,0.007702715136509636,0.05256513783225168,0.32857653534675046,1,0.3484515847389782,0.6667526716370606,-4.599456787109375,-7.732933044433594,0.687255859375,0.9363443050802276,0.9905267605447508
(5)EduhIQdWoAEV1vD.jpg,1,9,2,3,2,0,2,0,0,0,0,1.0,0.011115717428399358,0.0680359215471011,0.42528200824679935,3,0.3754127258365272,0.7183420850433464,58.2869873046875,-14.421981811523438,-2.1898040771484375,0.9642713771836052,1.020069859287353
(6)EduhIQdWoAEV1vD.jpg,0,9,2,3,2,0,2,0,0,0,0,0.15261610817166374,0.001696437533458244,0.13196984711461407,0.8249230749387494,3,0.5320281302954774,1.0180214204688023,68.50593566894531,1.0272445678710938,-13.978500366210938,0.9702969632907176,1.0264441216763895
(7)EduhIQdWoAEV1vD.jpg,0,9,2,3,2,0,2,0,0,0,0,0.010817166372721928,0.0001202405647751606,1.0,6.250845120873063,5,1.0,1.9134729208837402,10.125015258789062,4.611968994140625,0.27099609375,1.0,1.0578659529091499
(8)EduhIQdWoAEV1vD.jpg,0,9,2,3,2,0,2,0,0,0,0,0.004232804232804233,4.7050655781584585e-05,0.8517461547217806,5.324133295465034,1,0.6173897635242915,1.1813585941345477,7.9850616455078125,15.033111572265625,1.3766098022460938,0.9845346101373347,1.04150564352497
(0)Edy8KYnWoAI7GxA.jpg,1,6,1,1,0,0,1,2,0,1,0,1.0,0.023407696464903358,0.41600118376209094,0.5219316459143144,1,0.7665514941270297,1.1383399981578812,18.780029296875,-2.1591949462890625,-1.8124465942382812,0.9613693146366575,1.053217998250654
(1)Edy8KYnWoAI7GxA.jpg,1,6,1,1,0,0,1,2,0,1,0,0.7644087938205585,0.017893049020854528,0.40131213993258164,0.5035021867634774,6,0.8203717668069499,1.2182638774702401,24.058204650878906,2.07635498046875,-4.9096832275390625,0.8976709157142945,0.9834338901213672
(2)Edy8KYnWoAI7GxA.jpg,0,6,1,1,0,0,1,2,0,1,0,0.054483914778032425,0.0012753429393438454,1.0,1.2546398094213227,6,0.4763165535477643,0.7073369354078614,28.964553833007812,-17.880630493164062,-12.69842529296875,0.9800869147613049,1.0737238673638032
(3)Edy8KYnWoAI7GxA.jpg,1,6,1,1,0,0,1,2,0,1,0,0.8190836940836941,0.019172862490462867,0.6628804001771897,0.8316761389474394,2,0.8655320442779275,1.285327539294638,29.451004028320312,4.2786865234375,12.744583129882812,0.8938473867250892,0.9792450633230143
(4)Edy8KYnWoAI7GxA.jpg,1,6,1,1,0,0,1,2,0,1,0,0.5999915117562177,0.014044419188708036,0.3116981860855572,0.39106895278735543,8,1.0,1.485014388308322,32.24363708496094,-1.9434127807617188,8.47052001953125,0.8702198568180395,0.9533601724975614
(5)Edy8KYnWoAI7GxA.jpg,0,6,1,1,0,0,1,2,0,1,0,0.015130294542059247,0.0003541653420651068,0.5508056182433987,0.6910626559010914,5,0.33375444087163014,0.4956301468561698,68.8656005859375,-8.112258911132812,-9.55255126953125,1.0,1.0955394375664154
(0)Edy8KYtWsBUB0lk.jpg,1,10,2,2,2,2,0,2,0,0,0,0.6214700193423598,0.00817108154296875,0.177017582122149,0.32086422282655885,1,0.9597752317477025,1.1296904597282325,5.7994537353515625,-5.05303955078125,4.576507568359375,0.9517006579747177,1.0804695530266177
(1)Edy8KYtWsBUB0lk.jpg,1,10,2,2,2,2,0,2,0,0,0,0.5514023210831721,0.0072498321533203125,0.4515304092560365,0.818449512820277,1,1.0,1.1770364793339403,-3.4853668212890625,-5.922431945800781,-4.0443115234375,0.9620411114885603,1.0922091111456276
(2)Edy8KYtWsBUB0lk.jpg,1,10,2,2,2,2,0,2,0,0,0,0.7059961315280464,0.009282430013020834,0.27450972067290025,0.4975796591847416,4,0.9023306852818858,1.0620761329991726,-7.3322601318359375,-7.371986389160156,-5.510337829589844,0.95126548772752,1.0799755025092201
(3)Edy8KYtWsBUB0lk.jpg,1,10,2,2,2,2,0,2,0,0,0,1.0,0.013147989908854166,0.3017693975564459,0.5469908811259975,2,0.7873114623599703,0.9266943117954354,4.539985656738281,-1.1974639892578125,-5.4887542724609375,0.9554599735130815,1.0847375189520232
(4)Edy8KYtWsBUB0lk.jpg,1,10,2,2,2,2,0,2,0,0,0,0.8207930367504835,0.010791778564453125,0.20363479950933525,0.3691109148690013,6,0.9102588327053637,1.0714078517301435,0.17889404296875,-4.209465026855469,-2.573638916015625,0.9001048877483339,1.0218926692896666
(5)Edy8KYtWsBUB0lk.jpg,0,10,2,2,2,2,0,2,0,0,0,0.1548597678916828,0.0020360946655273438,0.6979955481691665,1.265195221936515,3,0.9207220043610063,1.0837233864583677,-79.80541229248047,-26.326026916503906,26.021636962890625,1.0,1.1353039886784664
(6)Edy8KYtWsBUB0lk.jpg,1,10,2,2,2,2,0,2,0,0,0,0.7345261121856866,0.009657541910807291,0.5980068744013476,1.083954535472776,2,0.9056454676437824,1.0659777527601775,-4.87103271484375,-6.35028076171875,-0.13421630859375,0.9752266042861308,1.1071786537114006
(7)Edy8KYtWsBUB0lk.jpg,1,10,2,2,2,2,0,2,0,0,0,0.7307059961315281,0.009607315063476562,0.3273967079111743,0.593443255638891,3,0.7434943197445426,0.8751199365168992,0.8793487548828125,-2.9095687866210938,4.4488067626953125,0.9133294666361012,1.036906586449542
(8)Edy8KYtWsBUB0lk.jpg,0,10,2,2,2,2,0,2,0,0,0,0.14361702127659576,0.001888275146484375,1.0,1.812612165299773,6,0.993135608372992,1.1689568399805172,-54.797916412353516,2.7577285766601562,-18.702041625976562,0.9982278000942619,1.1332920030567464
(9)Edy8KYtWsBUB0lk.jpg,0,10,2,2,2,2,0,2,0,0,0,0.09429400386847195,0.001239776611328125,0.8211894456975012,1.488497979287068,4,0.7791914147271282,0.9171367195176511,-38.09468078613281,2.2333984375,13.775115966796875,0.9805165387171689,1.1131843373708057
(0)EeCgub_XgAAK7p5.jpg,1,6,0,2,2,1,0,1,0,0,0,1.0,0.021227820444915255,0.1766047188501959,0.30106333786127953,6,0.8568041716567817,1.162151060502554,32.88935852050781,1.2955169677734375,5.084175109863281,0.9700749003125169,1.0536544751574084
(1)EeCgub_XgAAK7p5.jpg,1,6,0,2,2,1,0,1,0,0,0,0.6953666216824111,0.014761117788461538,0.14233751840160377,0.24264701799518532,2,0.7771493730140359,1.0541089759994147,0.0278472900390625,-2.0889129638671875,0.8095321655273438,0.9786271311053037,1.0629435478305556
(2)EeCgub_XgAAK7p5.jpg,1,6,0,2,2,1,0,1,0,0,0,0.6650472334682861,0.014117503259452413,0.11326677995655361,0.19308926207937097,4,0.7950487311668613,1.0783872868990887,-2.5119781494140625,0.8873519897460938,-1.679107666015625,0.9433989633997527,1.0246801966784007
(3)EeCgub_XgAAK7p5.jpg,0,6,0,2,2,1,0,1,0,0,0,0.10818713450292397,0.0022965770656779663,0.24439519462997697,0.4166277862312981,3,1.0,1.3563788540563833,81.93292236328125,-20.35315704345703,-24.67633056640625,0.9628560555037892,1.0458136701476795
(4)EeCgub_XgAAK7p5.jpg,1,6,0,2,2,1,0,1,0,0,0,0.7351177088019193,0.015604946728324642,0.20305298211121572,0.34615048202049487,2,0.7983935017782247,1.0829240630280113,10.017684936523438,-3.453948974609375,0.9667282104492188,0.9802094832614918,1.0646622320580368
(5)EeCgub_XgAAK7p5.jpg,0,6,0,2,2,1,0,1,0,0,0,0.005937921727395412,0.00012604913624511083,1.0,1.7047298612482435,3,0.8767443046958673,1.1891974353038408,-13.516738891601562,8.863525390625,0.480133056640625,1.0,1.086157857313869
(0)Eessv5UXsAIbQtC.jpg,0,17,0,0,0,8,4,5,0,0,0,0.04182000669120107,0.0010029251026995305,0.6930032140486232,1.5127400297035938,5,0.6638921359224083,1.198322059414982,-36.93077087402344,-2.37567138671875,-3.00213623046875,0.9770687409984387,1.0483817673695783
(1)Eessv5UXsAIbQtC.jpg,0,17,0,0,0,8,4,5,0,0,0,0.09941213019165511,0.0023840962441314555,0.3253415531362923,0.7101802427148296,6,0.656252164200517,1.184531947810589,9.943977355957031,0.6537551879882812,0.362213134765625,0.975117766602831,1.0462883977844766
(2)Eessv5UXsAIbQtC.jpg,1,17,0,0,0,8,4,5,0,0,0,0.7555321894565789,0.018119131455399062,0.2483680888180635,0.542156720834055,5,0.42001745843383087,0.758129458908818,30.965011596679688,-3.810638427734375,-6.2013092041015625,0.9596831148010426,1.029727221630015
(3)Eessv5UXsAIbQtC.jpg,0,17,0,0,0,8,4,5,0,0,0,0.03211776513884242,0.0007702464788732394,0.5805835194092607,1.2673417851348665,4,0.5339122961931935,0.9637090842057894,6.643951416015625,-0.429473876953125,-16.709381103515625,0.9957196364728754,1.0683939302195886
(4)Eessv5UXsAIbQtC.jpg,1,17,0,0,0,8,4,5,0,0,0,1.0,0.023981945055751172,0.10170321191276631,0.22200549245803988,6,0.3915890800007153,0.7068163748300799,35.47813415527344,-0.75128173828125,0.9210968017578125,0.9221436556697817,0.9894478811304788
(5)Eessv5UXsAIbQtC.jpg,0,17,0,0,0,8,4,5,0,0,0,0.01644123691631219,0.00039429284037558685,0.4416360428767114,0.9640366842117121,4,0.5480657836129763,0.989256059798765,-6.497314453125,6.8689117431640625,-12.900230407714844,0.9844587881903472,1.0563111897437714
(6)Eessv5UXsAIbQtC.jpg,0,17,0,0,0,8,4,5,0,0,0,0.04064904650384744,0.0009748431998239436,0.369677168241372,0.8069593894076177,5,0.6849023248884204,1.2362453477748732,71.22232055664062,-2.7650299072265625,-11.435104370117188,0.9755857679169262,1.0467905569716602
(7)Eessv5UXsAIbQtC.jpg,0,17,0,0,0,8,4,5,0,0,0,0.04839172202838981,0.001160527618838028,1.0,2.182875921838734,5,0.835237952029446,1.507600419738147,-4.099937438964844,-2.08026123046875,-1.8546142578125,0.9911732956898127,1.0635157670103748
(8)Eessv5UXsAIbQtC.jpg,0,17,0,0,0,8,4,5,0,0,0,0.05197629403049276,0.001246492627640845,0.3026586600217487,0.6606663014974506,4,0.4182470186680717,0.7549338237877196,61.740875244140625,-0.44721221923828125,-2.7643890380859375,0.9838950784552097,1.055706336693409
(9)Eessv5UXsAIbQtC.jpg,0,17,0,0,0,8,4,5,0,0,0,0.03086316493810639,0.0007401587257922535,0.6954333685610644,1.5180447554751497,6,0.8055150967033073,1.4539508111965047,48.965301513671875,-8.438209533691406,-3.0359344482421875,0.984505483961278,1.056361293685084
(10)Eessv5UXsAIbQtC.jpg,0,17,0,0,0,8,4,5,0,0,0,0.0933422549347608,0.002238528829225352,0.6558340656312689,1.4316043905881009,6,0.351650908663039,0.6347281708326973,18.369140625,-18.501022338867188,-3.2007522583007812,0.9649331667615184,1.0353604575756061
(11)Eessv5UXsAIbQtC.jpg,1,17,0,0,0,8,4,5,0,0,0,0.5411150408641209,0.012976991178843897,0.1691471948155213,0.369227338809367,4,0.39231634724138853,0.7081290886437144,16.177749633789062,-7.2438507080078125,4.8456573486328125,0.9616768549859305,1.0318664783383737
(12)Eessv5UXsAIbQtC.jpg,0,17,0,0,0,8,4,5,0,0,0,0.03481814271375998,0.0008350067855046948,0.8091924155395809,1.7663666400158746,6,1.0,1.8049951107645514,34.70310974121094,13.747673034667969,13.5487060546875,0.9799925822422126,1.051519010146912
(13)Eessv5UXsAIbQtC.jpg,0,17,0,0,0,8,4,5,0,0,0,0.028497347416718444,0.0006834218199823944,0.6050082020932391,1.3206578368642745,4,0.6967726659163991,1.2576712552934826,-59.067596435546875,8.194625854492188,-4.9343109130859375,0.9940878743192463,1.0666430711256827
(14)Eessv5UXsAIbQtC.jpg,0,17,0,0,0,8,4,5,0,0,0,0.17037470725995316,0.004085916868397888,0.24338469246542704,0.5312785849269058,4,0.6005428869582218,1.083976974764019,3.7148590087890625,-5.1333160400390625,0.01019287109375,0.9690725830559604,1.0398019962192546
(15)Eessv5UXsAIbQtC.jpg,0,17,0,0,0,8,4,5,0,0,0,0.03387420541987287,0.0008123693331866197,0.47127706661513874,1.0287393612289755,4,0.4372380799738417,0.7892125965928642,78.39163208007812,-6.214714050292969,-4.690589904785156,0.9808894231915658,1.0524813085606055
(16)Eessv5UXsAIbQtC.jpg,0,17,0,0,0,8,4,5,0,0,0,0.03650289155474836,0.0008754103396420188,0.5592266762896029,1.2207224465224782,4,0.4936871623629072,0.8911029143122728,7.0599365234375,-7.602684020996094,3.7379608154296875,1.0,1.0729867033697824
(0)EeWIO6iXYAI842o.jpg,0,14,1,2,2,6,2,1,0,0,0,0.023679417122040074,0.00033473968505859375,0.5012966283649638,2.4648354798838676,5,0.7219054024898159,1.1096136825653466,54.44856262207031,10.290687561035156,13.28533935546875,0.9950557176844588,1.1462429900335331
(1)EeWIO6iXYAI842o.jpg,0,14,1,2,2,6,2,1,0,0,0,0.01870966291124154,0.0002644856770833333,0.8891155441821151,4.37171011136507,4,0.7485656216614904,1.1505921042131864,-3.0681533813476562,7.3896331787109375,-10.884658813476562,0.9683562556618404,1.1154868518221874
(2)EeWIO6iXYAI842o.jpg,1,14,1,2,2,6,2,1,0,0,0,0.4383727990285367,0.0061969757080078125,0.1682429984905846,0.8272373849275708,2,0.6465537657159081,0.9937935115572737,-1.5367584228515625,-6.949249267578125,12.606765747070312,0.9573594939897159,1.1028192586857202
(3)EeWIO6iXYAI842o.jpg,1,14,1,2,2,6,2,1,0,0,0,0.5009107468123861,0.007081031799316406,0.15100713506361402,0.7424900211964505,3,0.6903013207958536,1.0610362355042988,-1.108612060546875,-0.0169677734375,-8.142135620117188,0.9322991603527684,1.073951295566934
(4)EeWIO6iXYAI842o.jpg,1,14,1,2,2,6,2,1,0,0,0,0.5102880658436214,0.007213592529296875,0.22499458468652633,1.1062804011387313,4,0.5613172717628324,0.8627796978109976,11.11859130859375,-6.481040954589844,-4.469207763671875,0.9569859206477989,1.1023889251708974
(5)EeWIO6iXYAI842o.jpg,1,14,1,2,2,6,2,1,0,0,0,0.5402415165620994,0.00763702392578125,0.1772859823384318,0.87170101418614,6,0.6533945245224271,1.0043081850098663,0.5463714599609375,-10.009666442871094,-12.1129150390625,0.9442023355140595,1.0876630212977514
(6)EeWIO6iXYAI842o.jpg,1,14,1,2,2,6,2,1,0,0,0,1.0,0.014136314392089844,0.20304035763570993,0.998333220355218,1,0.543540961830708,0.8354563994145907,-15.310760498046875,0.03973388671875,5.182868957519531,0.9284085409582095,1.0694695413006707
(7)EeWIO6iXYAI842o.jpg,1,14,1,2,2,6,2,1,0,0,0,0.8086532190964492,0.011431376139322916,0.0678912106570499,0.33381565989296,2,0.4384756450434849,0.6739644467735935,0.731689453125,-1.6921234130859375,1.15753173828125,0.8761879690204182,1.0093146540361402
(8)EeWIO6iXYAI842o.jpg,0,14,1,2,2,6,2,1,0,0,0,0.041287188828172436,0.000583648681640625,0.2671626963848374,1.3136176381209688,4,0.46334286928896967,0.712186923257415,-36.2234001159668,-22.545028686523438,38.67840576171875,0.9768151666016183,1.1252309969948833
(9)EeWIO6iXYAI842o.jpg,0,14,1,2,2,6,2,1,0,0,0,0.011873439924441747,0.0001678466796875,0.29568917601580774,1.4538800598730048,4,0.6562787883430827,1.008741478608293,50.058502197265625,3.3267364501953125,-0.912353515625,0.9902166961320625,1.1406687348089486
(10)EeWIO6iXYAI842o.jpg,0,14,1,2,2,6,2,1,0,0,0,0.015111650812925858,0.000213623046875,1.0,4.916920123566779,4,0.8776229087684915,1.3489612133995008,33.9482421875,1.094879150390625,0.48044586181640625,0.978647525593885,1.1273417618624009
(11)EeWIO6iXYAI842o.jpg,0,14,1,2,2,6,2,1,0,0,0,0.15867233353572152,0.0022430419921875,0.07982451891268677,0.39249078339582655,3,1.0,1.537062444384464,47.66387939453125,-23.585433959960938,-21.67340087890625,0.9077895499299677,1.0457177317209172
(12)EeWIO6iXYAI842o.jpg,0,14,1,2,2,6,2,1,0,0,0,0.012413141739189098,0.00017547607421875,0.33579572988190637,1.65108078166414,4,0.6757182028817218,1.0386210726364564,-5.6595458984375,4.6359405517578125,8.138694763183594,1.0,1.1519384991836379
(13)EeWIO6iXYAI842o.jpg,0,14,1,2,2,6,2,1,0,0,0,0.038228878544604106,0.0005404154459635416,0.31896571226750087,1.5683289293758862,5,0.6170372873956737,0.9484248412407531,-18.909042358398438,-4.548431396484375,8.11090087890625,0.9839895843494461,1.1334954850078325
(0)EeYD8T6X0AQe2Vn.jpg,0,10,0,0,0,4,5,1,0,0,0,0.09959401709401709,0.0014816919962565105,0.43132281248071236,0.47854027138448324,5,1.0,1.2254128321450963,-53.19054412841797,-29.831939697265625,27.290557861328125,0.9574974947701667,1.0464314136001358
(1)EeYD8T6X0AQe2Vn.jpg,0,10,0,0,0,4,5,1,0,0,0,0.25576923076923075,0.0038051605224609375,0.7698119979000368,0.8540843000428783,5,0.9335580720471987,1.1439940410392735,2.603179931640625,-7.9738922119140625,5.972412109375,0.9882464804376845,1.0800364148816843
(2)EeYD8T6X0AQe2Vn.jpg,0,10,0,0,0,4,5,1,0,0,0,0.5085470085470085,0.007565816243489583,0.25819220333476367,0.2864568334388772,4,0.7908818461314134,0.9691567629600376,-15.236747741699219,-11.7371826171875,-9.467964172363281,0.9202507702533422,1.0057251529561109
(3)EeYD8T6X0AQe2Vn.jpg,1,10,0,0,0,4,5,1,0,0,0,1.0,0.0148773193359375,0.2979405376941432,0.33055646870282285,5,0.5755048533799013,0.7052310322935134,-38.368812561035156,-9.327743530273438,9.14581298828125,0.8604074580698801,0.9403234969677721
(4)EeYD8T6X0AQe2Vn.jpg,0,10,0,0,0,4,5,1,0,0,0,0.051153846153846154,0.0007610321044921875,0.4481150889100513,0.49717081975135974,4,0.7374096302720762,0.9036312234827731,63.37202453613281,-24.691848754882812,9.019851684570312,0.9842801309233806,1.075701664397474
(5)EeYD8T6X0AQe2Vn.jpg,0,10,0,0,0,4,5,1,0,0,0,0.12923076923076923,0.001922607421875,0.584015687791223,0.647948630681121,5,0.828010233770358,1.0146543656096576,36.41864013671875,-30.381805419921875,-24.932662963867188,0.9852763920859697,1.0767904599111722
(6)EeYD8T6X0AQe2Vn.jpg,0,10,0,0,0,4,5,1,0,0,0,0.3257264957264957,0.004845937093098958,0.24236643586775236,0.268898599004268,4,0.7788682560035151,0.9544351554571794,0.9730453491210938,-3.98193359375,0.62042236328125,0.9668759365415883,1.0566809402399846
(7)EeYD8T6X0AQe2Vn.jpg,0,10,0,0,0,4,5,1,0,0,0,0.031794871794871796,0.0004730224609375,0.7418611386286875,0.8230736245253641,5,0.7839383662156789,0.9606481335715549,-15.386154174804688,-3.672393798828125,4.532478332519531,0.9905664906978683,1.0825719114541468
(8)EeYD8T6X0AQe2Vn.jpg,0,10,0,0,0,4,5,1,0,0,0,0.010769230769230769,0.00016021728515625,1.0,1.1094712765879553,6,0.9022265001444699,1.105599930778393,69.07902526855469,-7.9734039306640625,9.632789611816406,0.9843008160521175,1.0757242707944858
(9)EeYD8T6X0AQe2Vn.jpg,0,10,0,0,0,4,5,1,0,0,0,0.025833333333333333,0.00038433074951171875,0.28411921725907047,0.3152221106755915,4,0.7259662714877518,0.8896083847856219,35.13616943359375,6.094917297363281,-0.7974472045898438,1.0,1.0928816203861886
(0)EeyOEENXgAAIU2Q.jpg,1,3,0,1,0,0,1,0,0,0,1,1.0,0.044302133413461536,1.0,0.478156047111651,9,0.9522575281638695,1.5060406668882538,-7.382354736328125,8.411544799804688,2.9349822998046875,0.9733083479718162,1.0345576040379612
(1)EeyOEENXgAAIU2Q.jpg,1,3,0,1,0,0,1,0,0,0,1,0.9224247562526494,0.040865384615384616,0.6678271751821397,0.319325602238832,2,1.0,1.5815476615786714,-12.20849609375,-14.268508911132812,29.469345092773438,0.9465410350099153,1.0061058526252624
(2)EeyOEENXgAAIU2Q.jpg,0,3,0,1,0,0,1,0,0,0,1,0.06683623004097781,0.002960987580128205,0.544703190349883,0.2604531243468053,5,0.6991597328316107,1.1057544405298028,-38.510169982910156,-0.9684906005859375,14.1768798828125,1.0,1.0629289332550946
(0)EgoC6T5XYAEi6Q6.jpg,1,9,1,3,1,1,1,2,0,0,0,0.5440310265422373,0.008837890625,0.026468574909958516,0.4714511667533275,2,0.5707903228437218,0.8311438765143215,-4.719268798828125,-5.6318511962890625,2.7214813232421875,0.9338706634788625,1.1469571478869338
(1)EgoC6T5XYAEi6Q6.jpg,1,9,1,3,1,1,1,2,0,0,0,1.0,0.016245195942540324,0.04522401089402078,0.8055179689039293,3,0.896553419465026,1.3054967029641689,11.375907897949219,0.7453536987304688,-9.825813293457031,1.0,1.2281755844158118
(2)EgoC6T5XYAEi6Q6.jpg,0,9,1,3,1,1,1,2,0,0,0,0.018131135619924858,0.00029454385080645163,0.3663098891840738,6.524613630941582,4,0.9147338697093924,1.3319697689713086,73.28874206542969,-16.81475830078125,-18.720596313476562,0.9926572144829017,1.2191573545221095
(3)EgoC6T5XYAEi6Q6.jpg,1,9,1,3,1,1,1,2,0,0,0,0.8518967397891165,0.013839229460685484,0.01652480519279039,0.29433540396545227,1,0.574855656578919,0.8370635235454108,-1.2382736206054688,1.6806564331054688,-3.0194168090820312,0.918242915834584,1.127763529790819
(4)EgoC6T5XYAEi6Q6.jpg,1,9,1,3,1,1,1,2,0,0,0,0.61214398254757,0.009944398941532259,0.036524157372619374,0.6505585082151496,2,0.5754707707350595,0.8379592086048321,-1.0851058959960938,-7.591888427734375,-1.8000640869140625,0.9025295710332943,1.108464783356368
(5)EgoC6T5XYAEi6Q6.jpg,0,9,1,3,1,1,1,2,0,0,0,0.014931523451702823,0.00024256552419354838,0.718190676446988,12.792219963263017,6,1.0,1.4561281844679814,23.04975128173828,4.706520080566406,9.447830200195312,0.9586918644495613,1.1774419408950243
(6)EgoC6T5XYAEi6Q6.jpg,0,9,1,3,1,1,1,2,0,0,0,0.01999757605138771,0.00032486454133064514,0.5056307147678653,9.006158859498742,6,0.8608761138485562,1.2535459727101494,-34.3272705078125,-5.1214599609375,16.346176147460938,0.991340000504164,1.2175395844739727
(7)EgoC6T5XYAEi6Q6.jpg,0,9,1,3,1,1,1,2,0,0,0,0.09075263604411586,0.0014742943548387098,0.05291122337621327,0.9424405386357378,2,0.7862637140965212,1.1449007545204193,23.558555603027344,-6.313270568847656,-4.1941986083984375,0.987099283510835,1.2123312394023489
(8)EgoC6T5XYAEi6Q6.jpg,0,9,1,3,1,1,1,2,0,0,0,0.005235729002545146,8.50554435483871e-05,1.0,17.811732152453324,5,0.8575174959456588,1.2486553945208818,59.5787353515625,2.0084152221679688,1.147491455078125,0.9549121188583357,1.1727997496445777
(0)EgoC6T8WAAEmcNC.jpg,0,13,0,0,0,2,8,3,0,0,0,0.005354375088065379,9.007129854368932e-05,0.2810349718144341,2.5788632388826973,4,0.7827834853264328,1.3866953308810974,-11.105796813964844,13.162948608398438,-2.312957763671875,1.0,1.1312427151518727
(1)EgoC6T8WAAEmcNC.jpg,0,13,0,0,0,2,8,3,0,0,0,0.08131957164999296,0.0013679578466322816,0.14918230023688794,1.3689426176714439,6,0.7497130161738829,1.3281112319271386,23.666122436523438,-10.262039184570312,7.2502899169921875,0.9584283727287464,1.0842151146442582
(2)EgoC6T8WAAEmcNC.jpg,0,13,0,0,0,2,8,3,0,0,0,0.01268141468226011,0.00021332675970873785,0.8078405859406652,7.412993395481893,5,1.0,1.7714928289561753,3.698211669921875,-0.796051025390625,3.8045883178710938,0.9820416670619034,1.110927481839379
(3)EgoC6T8WAAEmcNC.jpg,0,13,0,0,0,2,8,3,0,0,0,0.009986614062279837,0.00016799482327063106,0.49392324631559176,4.532391447687658,5,0.6909265718311531,1.2239714673341615,21.972633361816406,1.5556869506835938,-1.93853759765625,0.9842576905930246,1.113434342315565
(4)EgoC6T8WAAEmcNC.jpg,0,13,0,0,0,2,8,3,0,0,0,0.017859659010849654,0.00030043518658980583,0.2926497190179606,2.685443727420145,5,0.5639178168192747,0.9989763686159673,63.1099853515625,0.1498870849609375,-2.6351165771484375,0.9690501293565463,1.096230899451573
(5)EgoC6T8WAAEmcNC.jpg,0,13,0,0,0,2,8,3,0,0,0,0.014794983795970128,0.00024888121966019417,0.4741226713770546,4.350695289063485,6,0.6274344224052054,1.1114955799310813,-15.530014038085938,2.6450042724609375,0.0307769775390625,0.9878785435817425,1.117530405881688
(6)EgoC6T8WAAEmcNC.jpg,0,13,0,0,0,2,8,3,0,0,0,0.007291813442299564,0.00012266288683252427,0.8421800367781407,7.728102745882094,5,0.8525415625667616,1.5102712644741108,57.22013854980469,7.976829528808594,0.41484832763671875,0.9780438693648803,1.1064050023179706
(7)EgoC6T8WAAEmcNC.jpg,0,13,0,0,0,2,8,3,0,0,0,0.3024517401719036,0.005087843219053398,0.14521778373009855,1.3325629962553103,4,0.7477962794875511,1.3247157466323047,67.95687866210938,9.935134887695312,-1.392425537109375,0.9325408865197536,1.0549300844567406
(8)EgoC6T8WAAEmcNC.jpg,0,13,0,0,0,2,8,3,0,0,0,0.11762012117796251,0.0019786056962985436,0.32248446831262423,2.959216552561965,5,0.7824119718519297,1.3860371974251544,-85.27729797363281,-7.532012939453125,6.933769226074219,0.9641121869333692,1.0906448880575144
(9)EgoC6T8WAAEmcNC.jpg,0,13,0,0,0,2,8,3,0,0,0,0.01268141468226011,0.00021332675970873785,0.5722563110750581,5.251199714833115,5,0.6634756465707475,1.1753423500871412,18.779998779296875,7.523834228515625,2.4715118408203125,0.9809563118658251,1.1096996816804632
(10)EgoC6T8WAAEmcNC.jpg,1,13,0,0,0,2,8,3,0,0,0,1.0,0.01682200015169903,0.08070764257577037,0.7405981226883322,6,0.9227801245475342,1.6346983733392433,50.9041748046875,10.026229858398438,12.032981872558594,0.9367650068536617,1.0597085898123988
(11)EgoC6T8WAAEmcNC.jpg,0,13,0,0,0,2,8,3,0,0,0,0.004685078202057207,7.881238622572816e-05,1.0,9.176307212703431,5,0.8963010863729189,1.5877909470952554,-3.7808151245117188,5.7913970947265625,-2.3929367065429688,0.9557993967017672,1.0812411046654289
(12)EgoC6T8WAAEmcNC.jpg,0,13,0,0,0,2,8,3,0,0,0,0.015112019163026631,0.00025421438865291264,0.5992104921378627,5.498539560932242,5,0.653189464256284,1.1571204518797331,19.472015380859375,6.742057800292969,-7.7872161865234375,0.9624526504515902,1.088767549501973
(0)EgX_AhoU0AESSm2.jpg,0,5,0,0,0,2,1,2,0,0,0,0.07156676972175127,0.0014010425818543899,0.47308607652070217,0.27097468730277463,4,1.0,1.1016645901962345,-12.03131103515625,4.153533935546875,16.689468383789062,0.9386269725289214,1.3779223759731722
(1)EgX_AhoU0AESSm2.jpg,0,5,0,0,0,2,1,2,0,0,0,0.01005285728532961,0.0001968019680196802,1.0,0.5727809393496637,6,0.6344587316077693,0.6989607185530959,9.462066650390625,9.529067993164062,1.096160888671875,0.9877886035600553,1.4500925920651133
(2)EgX_AhoU0AESSm2.jpg,0,5,0,0,0,2,1,2,0,0,0,0.009334796050663209,0.00018274468458970305,0.7529471696529498,0.43127378711448716,6,0.5461207807755148,0.6016419261507052,-7.777717590332031,11.312301635742188,-1.4149246215820312,1.0,1.4680191559599736
(3)EgX_AhoU0AESSm2.jpg,1,5,0,0,0,2,1,2,0,0,0,1.0,0.019576719576719578,0.8054738430946718,0.4613600644693497,4,0.9305461339323579,1.0251497252972814,-29.649024963378906,-9.37518310546875,0.4483489990234375,0.8272099990549895,1.2143601246143563
(4)EgX_AhoU0AESSm2.jpg,1,5,0,0,0,2,1,2,0,0,0,0.7008876034706293,0.013721080067943536,0.725424564732749,0.41550936361494484,5,0.7957360885653173,0.8766342719136648,-15.56976318359375,0.18830108642578125,4.6770782470703125,0.8660950916148664,1.2714441853735323
(0)EH2lcSgU4AA_OKm.jpg,0,25,0,0,0,3,3,19,0,0,0,0.014375684556407448,0.00010013580322265625,0.4650126068296772,2.5230905355941187,6,0.9814764288647251,1.304385099620324,9.214256286621094,10.639892578125,3.986358642578125,0.9538209000527518,1.0825353637032509
(1)EH2lcSgU4AA_OKm.jpg,0,25,0,0,0,3,3,19,0,0,0,0.04271631982475356,0.00029754638671875,0.31354824846873747,1.7012670335050704,6,0.7053103979674409,0.9373596213412598,4.1598358154296875,-6.427520751953125,19.28954315185547,0.9338654571430597,1.0598870104883986
(2)EH2lcSgU4AA_OKm.jpg,0,25,0,0,0,3,3,19,0,0,0,0.024278933917488133,0.00016911824544270834,0.9659086892868042,5.240879572712955,6,0.8445624985401363,1.122426078095556,17.24078369140625,-0.6223983764648438,9.648818969726562,0.8931152807711527,1.0136377544726265
(3)EH2lcSgU4AA_OKm.jpg,0,25,0,0,0,3,3,19,0,0,0,0.022042716319824754,0.00015354156494140625,0.602022162904279,3.266484390170617,6,0.8926366162876885,1.1863167238850159,39.88655090332031,7.105155944824219,8.244621276855469,0.9347531690659266,1.0608945157225902
(4)EH2lcSgU4AA_OKm.jpg,1,25,0,0,0,3,3,19,0,0,0,1.0,0.00696563720703125,0.08905123451358354,0.48317900135230385,5,0.7919504667083014,1.0525045309611272,8.977043151855469,-9.038215637207031,-1.8917999267578125,0.9462887999723588,1.0739868356729607
(5)EH2lcSgU4AA_OKm.jpg,0,25,0,0,0,3,3,19,0,0,0,0.007028112449799197,4.8955281575520836e-05,0.14896600941656724,0.8082678253534566,4,0.7052821392722496,0.9373220654511148,-1.4668426513671875,13.420166015625,-1.3860321044921875,1.0,1.1349461556602296
(6)EH2lcSgU4AA_OKm.jpg,1,25,0,0,0,3,3,19,0,0,0,0.6996166484118291,0.0048732757568359375,0.07513553462254383,0.4076744447540985,5,0.9447090206100235,1.2555211044507566,-13.973617553710938,-14.349853515625,5.819892883300781,0.9436705770021528,1.0710152935782642
(7)EH2lcSgU4AA_OKm.jpg,0,25,0,0,0,3,3,19,0,0,0,0.041894852135815994,0.0002918243408203125,0.5396966607620676,2.9283153120175105,6,0.956924778657589,1.2717558833096256,18.363815307617188,-2.1243209838867188,1.2217254638671875,0.9477719399301312,1.0756701196663405
(8)EH2lcSgU4AA_OKm.jpg,0,25,0,0,0,3,3,19,0,0,0,0.04764512595837897,0.000331878662109375,0.5641731535280328,3.061121189396583,6,1.0,1.3290029808755648,6.5806732177734375,2.32373046875,6.178375244140625,0.9355162408344571,1.0617605610927767
(9)EH2lcSgU4AA_OKm.jpg,0,25,0,0,0,3,3,19,0,0,0,0.08045819642205185,0.0005604426066080729,0.44279744203524757,2.402554293745477,6,0.9868464490831332,1.3115218724979503,15.011688232421875,2.7367401123046875,3.622833251953125,0.9476350220852975,1.0755147252847053
(10)EH2lcSgU4AA_OKm.jpg,0,25,0,0,0,3,3,19,0,0,0,0.061746987951807226,0.00043010711669921875,0.37750383596730724,2.0482807168891584,6,0.9540314085590389,1.2679105858238766,5.3846588134765625,-1.462615966796875,4.395881652832031,0.9505417513933803,1.0788137065384586
(11)EH2lcSgU4AA_OKm.jpg,0,25,0,0,0,3,3,19,0,0,0,0.035779481562614096,0.0002492268880208333,0.5725560551270228,3.1066055899796745,6,0.8745403816685344,1.1622667741335364,-17.03851318359375,15.196548461914062,6.6125640869140625,0.9399549158293141,1.066798218214415
(12)EH2lcSgU4AA_OKm.jpg,0,25,0,0,0,3,3,19,0,0,0,0.029116465863453816,0.00020281473795572916,0.43992708983170115,2.3869801816198626,5,0.8302643273710254,1.1034237659907384,4.239646911621094,-4.186576843261719,-3.5754547119140625,0.9401267271693318,1.0669932148342667
(13)EH2lcSgU4AA_OKm.jpg,0,25,0,0,0,3,3,19,0,0,0,0.012139466958744067,8.455912272135417e-05,0.6044939870951258,3.2798961474648927,6,0.6336130079590009,0.8420735762990451,-16.693771362304688,5.653472900390625,6.007484436035156,0.9181565173746873,1.0420582096887863
(14)EH2lcSgU4AA_OKm.jpg,0,25,0,0,0,3,3,19,0,0,0,0.008214676889375685,5.7220458984375e-05,0.2528682945800698,1.372026460006249,4,0.7227333648161063,0.9605147962188323,-6.976348876953125,13.779304504394531,-1.475372314453125,0.9449984471217772,1.0725223546657479
(15)EH2lcSgU4AA_OKm.jpg,0,25,0,0,0,3,3,19,0,0,0,0.0651697699890471,0.000453948974609375,0.19588561779975203,1.0628467724759734,6,0.6262696687416852,0.8323142565896521,32.504730224609375,1.6600799560546875,10.69244384765625,0.9651636505912581,1.0954087748215415
(16)EH2lcSgU4AA_OKm.jpg,0,25,0,0,0,3,3,19,0,0,0,0.1522909821102592,0.001060803731282552,0.05808623390026908,0.3151674273978455,4,0.48139171859424396,0.6397710289805613,-87.81999206542969,-26.8240966796875,23.852371215820312,0.944316154450491,1.0717479892214365
(17)EH2lcSgU4AA_OKm.jpg,0,25,0,0,0,3,3,19,0,0,0,0.009583789704271631,6.67572021484375e-05,0.36263063987591027,1.9675809256553602,6,0.8006993015301626,1.0641317585185688,40.57373046875,14.47442626953125,4.740966796875,0.9629117979839509,1.0928530433617647
(18)EH2lcSgU4AA_OKm.jpg,0,25,0,0,0,3,3,19,0,0,0,0.007667031763417305,5.340576171875e-05,0.8499712418481965,4.611819904099637,6,0.9620533886317316,1.2785718212530095,28.7943115234375,6.398597717285156,-0.9867324829101562,0.9093836583636868,1.0321014870801022
(19)EH2lcSgU4AA_OKm.jpg,0,25,0,0,0,3,3,19,0,0,0,0.008305951077035415,5.7856241861979164e-05,1.0,5.4258540489812255,6,0.8179886649443798,1.0871093740335043,69.14520263671875,18.61212158203125,2.8889617919921875,0.8827163730121046,1.0018355540884294
(0)EhKAKTGWkAEjsBQ.jpg,0,44,0,1,13,7,7,16,0,0,0,0.12422360248447205,0.0002288818359375,0.3964948190791216,3.2261346312313197,6,0.9076986043122937,1.5159487983308857,15.166969299316406,2.8715057373046875,9.389450073242188,0.9935126753099913,1.0925554963107067
(1)EhKAKTGWkAEjsBQ.jpg,0,44,0,1,13,7,7,16,0,0,0,0.1349206349206349,0.0002485911051432292,0.3027568621777305,2.463422851736164,6,0.8264385748551111,1.3802363014484225,9.24658203125,3.4212112426757812,2.174560546875,0.9788965265940451,1.0764822704613042
(2)EhKAKTGWkAEjsBQ.jpg,0,44,0,1,13,7,7,16,0,0,0,0.07142857142857142,0.0001316070556640625,0.27190237490169766,2.2123710721409506,6,0.7859583023461456,1.3126301377124254,31.3798828125,6.253898620605469,2.63177490234375,0.9986866610807006,1.0982452743398174
(3)EhKAKTGWkAEjsBQ.jpg,0,44,0,1,13,7,7,16,0,0,0,0.3036576949620428,0.0005594889322916666,0.2662992576889527,2.1667805382599066,6,0.8757769110936786,1.4626363306840835,18.369171142578125,1.31048583984375,6.42181396484375,0.9665008330164848,1.0628508559003162
(4)EhKAKTGWkAEjsBQ.jpg,0,44,0,1,13,7,7,16,0,0,0,0.07867494824016563,0.00014495849609375,0.2055763687665301,1.6727004004260055,3,0.7090647841056332,1.1842101577517268,15.663131713867188,3.9359207153320312,2.70025634765625,0.9894822025856538,1.0881232276168713
(5)EhKAKTGWkAEjsBQ.jpg,0,44,0,1,13,7,7,16,0,0,0,0.06746031746031746,0.0001242955525716146,1.0,8.136637544783493,5,0.8611208212398398,1.43815917307185,42.99835205078125,9.563758850097656,8.699798583984375,0.966035819945125,1.0623394858900523
(6)EhKAKTGWkAEjsBQ.jpg,1,44,0,1,13,7,7,16,0,0,0,0.9195997239475501,0.0016943613688151042,0.12045380432870104,0.9800889467129134,4,0.9429564363755952,1.5748329564580308,22.253929138183594,-3.513946533203125,2.7574462890625,0.9726091451737513,1.0695681028831197
(7)EhKAKTGWkAEjsBQ.jpg,1,44,0,1,13,7,7,16,0,0,0,0.8438578329882678,0.0015548070271809895,0.18423950772057704,1.4990900957516755,4,0.8359028292995968,1.3960425669687775,1.4048309326171875,-5.2145538330078125,3.678009033203125,0.9800602657107187,1.0777620221945137
(8)EhKAKTGWkAEjsBQ.jpg,1,44,0,1,13,7,7,16,0,0,0,0.4968944099378882,0.00091552734375,0.07524205491490751,0.612217328967298,4,1.0,1.670101497489274,-15.090499877929688,-10.11944580078125,-1.819427490234375,0.9789599867661256,1.0765520569487104
(9)EhKAKTGWkAEjsBQ.jpg,0,44,0,1,13,7,7,16,0,0,0,0.06832298136645963,0.000125885009765625,0.24582890771391802,2.000220720098182,3,0.7787100983679102,1.3005249013942666,8.846450805664062,11.8099365234375,3.7157821655273438,0.9867812278172201,1.0851529939178115
(10)EhKAKTGWkAEjsBQ.jpg,0,44,0,1,13,7,7,16,0,0,0,0.035886818495514144,6.612141927083333e-05,0.23194829483345522,1.8872792041904032,5,0.675496053134449,1.1281469698879376,1.3794479370117188,16.02216339111328,-0.299652099609375,0.9904031859751226,1.0891360234162413
(11)EhKAKTGWkAEjsBQ.jpg,0,44,0,1,13,7,7,16,0,0,0,0.04917184265010352,9.059906005859375e-05,0.09573042065566001,0.7789237348847605,3,0.6572937841246647,1.097747333156994,10.561546325683594,10.416183471679688,1.270263671875,1.0,1.0996895394110726
(12)EhKAKTGWkAEjsBQ.jpg,0,44,0,1,13,7,7,16,0,0,0,0.052795031055900624,9.72747802734375e-05,0.4743108208163375,3.8592952325512884,3,0.6997002191750433,1.168570383837813,36.0694580078125,4.701393127441406,-1.2845611572265625,0.9651259763733103,1.0613389404316274
(13)EhKAKTGWkAEjsBQ.jpg,0,44,0,1,13,7,7,16,0,0,0,0.057971014492753624,0.0001068115234375,0.2503656840031757,2.0371348243856398,3,0.72624501421323,1.2129028857816344,4.364433288574219,5.5157012939453125,2.4225082397460938,0.9929571211822708,1.091944559247876
(14)EhKAKTGWkAEjsBQ.jpg,1,44,0,1,13,7,7,16,0,0,0,0.6675293305728088,0.0012299219767252605,0.2058161127446212,1.6746511102792772,5,0.8839342172908112,1.476259859979393,9.40557861328125,-0.6655197143554688,6.007110595703125,0.9788424282878052,1.0764227791198324
(15)EhKAKTGWkAEjsBQ.jpg,1,44,0,1,13,7,7,16,0,0,0,0.8281573498964804,0.00152587890625,0.15566039095645887,1.2665521812920002,4,0.976291840809204,1.6305064653220114,24.583633422851562,3.8441390991210938,1.4346923828125,0.9798408729273016,1.0775207582455675
(16)EhKAKTGWkAEjsBQ.jpg,1,44,0,1,13,7,7,16,0,0,0,0.8985507246376812,0.00165557861328125,0.15883852111827176,1.2924114744888158,5,0.8912560240592994,1.4884880204277722,10.886306762695312,1.4445037841796875,-2.9052276611328125,0.9748972595652545,1.0720843183444317
(17)EhKAKTGWkAEjsBQ.jpg,0,44,0,1,13,7,7,16,0,0,0,0.13664596273291926,0.00025177001953125,0.5132210574078985,4.175893724478591,5,0.786417900423631,1.3133977131498769,-21.53057861328125,2.0407867431640625,7.0299072265625,0.9593870374754001,1.055027889358276
(18)EhKAKTGWkAEjsBQ.jpg,1,44,0,1,13,7,7,16,0,0,0,0.6418219461697723,0.00118255615234375,0.17617213311280763,1.4334487926302661,3,0.7852446729949372,1.3114383042643198,4.3855438232421875,-4.506538391113281,-2.3169097900390625,0.9874716094292872,1.0859121993548033
(19)EhKAKTGWkAEjsBQ.jpg,1,44,0,1,13,7,7,16,0,0,0,1.0,0.001842498779296875,0.13415497875569535,1.0915704369632229,2,0.9266155258562843,1.5475419773293912,8.18353271484375,-5.808250427246094,-1.6524200439453125,0.9868968517018848,1.0852801442942832
(20)EhKAKTGWkAEjsBQ.jpg,0,44,0,1,13,7,7,16,0,0,0,0.24292615596963424,0.0004475911458333333,0.1937265352540336,1.5762826001687928,6,0.8394488020723626,1.4019647014066299,19.66241455078125,1.54718017578125,1.6532135009765625,0.9931240454176817,1.0921281240834315
(21)EhKAKTGWkAEjsBQ.jpg,0,44,0,1,13,7,7,16,0,0,0,0.2111801242236025,0.00038909912109375,0.23744769518118425,1.9320258315335304,6,0.8404807511857443,1.4036881611662213,17.295608520507812,6.468269348144531,0.33982086181640625,0.9815924430106696,1.0794469415437928
(22)EhKAKTGWkAEjsBQ.jpg,1,44,0,1,13,7,7,16,0,0,0,0.9761904761904762,0.0017986297607421875,0.09890128889480804,0.8047239404489739,4,0.8589307709463022,1.434501566797036,13.953750610351562,1.1025466918945312,-4.856025695800781,0.9870957691342193,1.085498891713828
(23)EhKAKTGWkAEjsBQ.jpg,0,44,0,1,13,7,7,16,0,0,0,0.09489302967563837,0.00017484029134114584,0.2900667820003826,2.3601682689188417,6,0.8288659493857002,1.3842902632869267,49.51155090332031,9.521621704101562,-3.2813186645507812,0.9880151133715905,1.086509884954783
(24)EhKAKTGWkAEjsBQ.jpg,0,44,0,1,13,7,7,16,0,0,0,0.23464458247066944,0.0004323323567708333,0.2647127181346346,2.153871440955958,6,0.8060344214824033,1.3461592943456624,54.807891845703125,-10.625350952148438,-5.1888580322265625,0.9729490724848264,1.069941917391269
(25)EhKAKTGWkAEjsBQ.jpg,0,44,0,1,13,7,7,16,0,0,0,0.0759144237405107,0.00013987223307291666,0.2493266250945274,2.02868037865829,6,0.783110249740453,1.30787360079073,23.19873046875,5.8719635009765625,3.8838958740234375,0.9913002636934115,1.0901225303990825
(26)EhKAKTGWkAEjsBQ.jpg,0,44,0,1,13,7,7,16,0,0,0,0.21428571428571427,0.0003948211669921875,0.27766450234555606,2.259255414638476,6,0.8954310892980261,1.4954608031350851,28.576263427734375,3.4722061157226562,2.84100341796875,0.9893644396377911,1.0879937249349765
(27)EhKAKTGWkAEjsBQ.jpg,0,44,0,1,13,7,7,16,0,0,0,0.028985507246376812,5.340576171875e-05,0.4663984724404859,3.794915321688927,4,0.7840654885367015,1.3094689465348044,-2.1819305419921875,12.395164489746094,-0.12247467041015625,0.9790814404181699,1.0766856182593867
(28)EhKAKTGWkAEjsBQ.jpg,0,44,0,1,13,7,7,16,0,0,0,0.4306418219461698,0.00079345703125,0.264159936274997,2.149373655322756,6,0.8992305780921759,1.5018063350598885,24.142433166503906,13.758392333984375,7.6147918701171875,0.9765893430997928,1.0739450849071732
(29)EhKAKTGWkAEjsBQ.jpg,0,44,0,1,13,7,7,16,0,0,0,0.0986887508626639,0.00018183390299479166,0.29303044280946083,2.3842825027279915,6,0.8453068530618635,1.4117482411365638,16.03900909423828,5.893180847167969,-4.9973297119140625,0.9763314988693528,1.0736615363041606
(30)EhKAKTGWkAEjsBQ.jpg,0,44,0,1,13,7,7,16,0,0,0,0.031055900621118012,5.7220458984375e-05,0.3450915059674983,2.8078845038410236,5,0.7218522569556206,1.2055665353075942,-1.1087799072265625,5.9009552001953125,-0.852630615234375,0.9941619387676014,1.0932694845433626
(31)EhKAKTGWkAEjsBQ.jpg,0,44,0,1,13,7,7,16,0,0,0,0.040372670807453416,7.43865966796875e-05,0.29235785933061365,2.3788099347420024,3,0.7689251512620225,1.2841830465798705,14.188911437988281,16.37603759765625,2.7133636474609375,0.9648823623166967,1.0610710406019157
(32)EhKAKTGWkAEjsBQ.jpg,0,44,0,1,13,7,7,16,0,0,0,0.06073153899240856,0.00011189778645833333,0.1897596686641427,1.5440056445383394,6,0.8437705346969052,1.4091824335346268,15.144927978515625,4.90472412109375,0.4571685791015625,0.9943628125265714,1.093490383314844
(33)EhKAKTGWkAEjsBQ.jpg,0,44,0,1,13,7,7,16,0,0,0,0.03140096618357488,5.7856241861979164e-05,0.24077965335185283,1.9591367674826405,6,0.6944847181451419,1.1598599677576178,-0.2658843994140625,12.895225524902344,0.09748077392578125,0.9803162115384197,1.0780434831438923
(34)EhKAKTGWkAEjsBQ.jpg,0,44,0,1,13,7,7,16,0,0,0,0.029158040027605244,5.3723653157552086e-05,0.39905239018586214,3.246944660321878,3,0.7247047487500183,1.2103304861249937,-6.6856536865234375,8.582611083984375,0.8173370361328125,0.967216755887426,1.0636381487925153
(35)EhKAKTGWkAEjsBQ.jpg,0,44,0,1,13,7,7,16,0,0,0,0.033126293995859216,6.103515625e-05,0.18463538124299197,1.5023111751171425,3,0.7355985932203994,1.2285243120883924,9.204208374023438,8.74932861328125,0.2525482177734375,0.990045417326518,1.0887425889758418
(36)EhKAKTGWkAEjsBQ.jpg,0,44,0,1,13,7,7,16,0,0,0,0.03140096618357488,5.7856241861979164e-05,0.8444649324583183,6.871105074693411,3,0.5357247291415356,0.8947146723813142,-5.7773895263671875,4.255096435546875,-2.009490966796875,0.9796384499501027,1.0772981558150054
(37)EhKAKTGWkAEjsBQ.jpg,0,44,0,1,13,7,7,16,0,0,0,0.028985507246376812,5.340576171875e-05,0.2951652529711932,2.4016526792409287,5,0.6640824475787095,1.1090850901575449,8.541641235351562,5.4825286865234375,-1.2617340087890625,0.9950118278345174,1.0942040986599098
(38)EhKAKTGWkAEjsBQ.jpg,0,44,0,1,13,7,7,16,0,0,0,0.04106280193236715,7.565816243489583e-05,0.17707012106215209,1.4407553950936651,3,0.2896578020149678,0.48375792890464936,4.7924652099609375,1.5127944946289062,-0.9528045654296875,0.9943460743663762,1.0934719765351684
(39)EhKAKTGWkAEjsBQ.jpg,0,44,0,1,13,7,7,16,0,0,0,0.04589371980676329,8.455912272135417e-05,0.3182749252699681,2.5896877065147828,3,0.5862347593747441,0.9790715495120244,45.639801025390625,16.509201049804688,0.7801513671875,0.9773847762855137,1.0748198144608108
(40)EhKAKTGWkAEjsBQ.jpg,0,44,0,1,13,7,7,16,0,0,0,0.035196687370600416,6.4849853515625e-05,0.1475498257545319,1.2005594519605867,3,0.6944109754308782,1.159736809940097,5.8538665771484375,8.264991760253906,-1.128326416015625,0.9952324914821356,1.094446760164924
(0)EhKAKTIX0Acnv0D.jpg,1,12,2,2,2,2,2,2,0,0,0,0.9426619132501486,0.007397827314972715,0.36120682700922835,0.6376316160473307,6,0.9735659504539097,1.6289568270794892,-2.9365081787109375,-3.5303802490234375,-10.237411499023438,0.9822947092232435,1.096083731056733
(1)EhKAKTIX0Acnv0D.jpg,1,12,2,2,2,2,2,2,0,0,0,0.7605466428995841,0.0059686221009549794,0.13706576380879956,0.24195961412416414,4,0.870494857677914,1.4564997273075408,-0.9765701293945312,-4.9644622802734375,9.89117431640625,0.9254012066561065,1.032599684994849
(2)EhKAKTIX0Acnv0D.jpg,1,12,2,2,2,2,2,2,0,0,0,0.7286308462779051,0.005718153137789905,0.2615046387437891,0.4616292188791204,6,1.0,1.673185906224446,5.527862548828125,-8.704566955566406,1.5029983520507812,1.0,1.1158400027660427
(3)EhKAKTIX0Acnv0D.jpg,1,12,2,2,2,2,2,2,0,0,0,0.8834139716492657,0.00693286099505457,0.18867358399353262,0.3330619281572006,5,0.9114171028198229,1.5249702511300445,-0.373992919921875,-12.290916442871094,-2.6237945556640625,0.9923823202769344,1.1073398910027863
(4)EhKAKTIX0Acnv0D.jpg,0,12,2,2,2,2,2,2,0,0,0,0.17613105848399965,0.0013822422834242837,0.3795975816862208,0.6700964692786932,1,0.3245331981466478,0.5430043732409167,-51.6087646484375,3.5693893432617188,5.186004638671875,0.9290793554003101,1.036703910499755
(5)EhKAKTIX0Acnv0D.jpg,1,12,2,2,2,2,2,2,0,0,0,1.0,0.007847805465552525,0.1553668706175351,0.27426621366030945,4,0.8822069134093363,1.4760961738902718,2.03631591796875,-3.83929443359375,3.5816497802734375,0.9673226272163316,1.079377283028727
(6)EhKAKTIX0Acnv0D.jpg,0,12,2,2,2,2,2,2,0,0,0,0.1650114591291062,0.0012949778308321966,0.4003463450719714,0.7067238709205282,3,0.38713287173761196,0.6477452648275684,3.502532958984375,-0.8027801513671875,-1.1568832397460938,0.9840259724071213,1.09801554377262
(7)EhKAKTIX0Acnv0D.jpg,0,12,2,2,2,2,2,2,0,0,0,0.15584415584415584,0.0012230346180081854,0.6844098639358976,1.2081758564575267,2,0.6010170899105798,1.0056133242384129,-8.60455322265625,10.351821899414062,-2.6859970092773438,0.9798235225344617,1.0933262820950873
(8)EhKAKTIX0Acnv0D.jpg,0,12,2,2,2,2,2,2,0,0,0,0.20244461420932008,0.0015887459498635744,0.7269753628400468,1.2833159308543491,3,0.6990453326723691,1.1696327984393873,39.18293762207031,9.701995849609375,4.06048583984375,0.9766942448513866,1.089834508876549
(9)EhKAKTIX0Acnv0D.jpg,0,12,2,2,2,2,2,2,0,0,0,0.1549104490280961,0.0012157070685538882,0.3381536605284469,0.5969362949764107,5,0.2222956783614308,0.37194199604894856,1.038665771484375,-0.6747283935546875,15.643356323242188,0.7504825277391161,0.8374184258282819
(10)EhKAKTIX0Acnv0D.jpg,0,12,2,2,2,2,2,2,0,0,0,0.06153976742212036,0.00048295212312414736,0.2991726573482612,0.5281238634431248,1,0.18637179335960924,0.31183465796707294,-6.8253173828125,-6.8890533447265625,6.234405517578125,0.9346334933754551,1.0429014398333039
(11)EhKAKTIX0Acnv0D.jpg,0,12,2,2,2,2,2,2,0,0,0,0.1259230965113318,0.0009882199650409276,1.0,1.7652811862026077,2,0.5028430815098573,0.8413499570247637,33.254302978515625,-30.289230346679688,3.8400650024414062,0.9688262012303138,1.081055031060648
(0)Ehrqq61XsAAVecK.jpg,1,9,0,0,0,2,5,2,0,0,0,0.47068024290007976,0.004878679911295573,0.294552881245205,0.8271866886210941,5,0.5289666220217973,0.7846285359204792,-27.488967895507812,-9.799690246582031,-2.4146575927734375,0.9814698945441198,1.1066903207007384
(1)Ehrqq61XsAAVecK.jpg,0,9,0,0,0,2,5,2,0,0,0,0.21640188922284243,0.0022430419921875,0.20299978193015494,0.5700800368875788,6,0.4847097582704561,0.7189812970135675,-13.265724182128906,-5.212158203125,11.935157775878906,0.9916757847485849,1.1181983251400007
(2)Ehrqq61XsAAVecK.jpg,1,9,0,0,0,2,5,2,0,0,0,0.7546157148990983,0.00782171885172526,0.5435011776455659,1.5263029765580312,5,0.720609425202443,1.068896778602019,3.2099990844726562,-6.956085205078125,-7.143424987792969,0.9563319466245814,1.078345158205709
(3)Ehrqq61XsAAVecK.jpg,0,9,0,0,0,2,5,2,0,0,0,0.11571489909832545,0.0011994043986002605,0.83730893088099,2.3513971377918397,4,1.0,1.483323338855484,51.02642822265625,5.7902679443359375,-1.3282699584960938,0.9890216828598855,1.1152056007714743
(4)Ehrqq61XsAAVecK.jpg,0,9,0,0,0,2,5,2,0,0,0,0.051524259338772006,0.0005340576171875,0.42131717228691623,1.183176192777067,5,0.49585775598812487,0.7355173822096933,-66.27928161621094,-1.0875091552734375,1.9677581787109375,0.9882794290271565,1.1143686467938225
(5)Ehrqq61XsAAVecK.jpg,1,9,0,0,0,2,5,2,0,0,0,1.0,0.010365168253580729,0.18985472944197498,0.5331650612353925,4,0.5238749296481267,0.7770759097883411,-58.127685546875,-9.258132934570312,11.12933349609375,0.9455297432846829,1.0661647602689392
(6)Ehrqq61XsAAVecK.jpg,0,9,0,0,0,2,5,2,0,0,0,0.2198675090474146,0.0022789637247721353,0.5702843399393703,1.6015175704026263,6,0.5550138212505534,0.8232649544483118,68.6343994140625,-3.4621429443359375,-18.318023681640625,0.9730087641345825,1.0971496805053802
(7)Ehrqq61XsAAVecK.jpg,0,9,0,0,0,2,5,2,0,0,0,0.09617861743237441,0.0009969075520833333,0.61059461701056,1.7147200774260032,5,0.7182331346575863,1.0653719713769314,-55.062957763671875,-4.0793914794921875,7.861328125,1.0,1.12758458191403
(8)Ehrqq61XsAAVecK.jpg,0,9,0,0,0,2,5,2,0,0,0,0.07599828252468871,0.0007877349853515625,1.0,2.8082790605347703,5,0.7212336217846402,1.069822663960426,36.78031921386719,0.22003173828125,-8.6700439453125,0.9916643894429298,1.118185475969038
(0)EhrqqsvXkAATPaX.jpg,1,6,1,1,1,1,1,1,0,0,0,0.7474691216459719,0.007252693176269531,1.0,0.41543706181023815,6,0.6223433246366702,0.8766945334027788,68.4912109375,15.931793212890625,13.977973937988281,0.8671151543490938,1.010250770181939
(1)EhrqqsvXkAATPaX.jpg,0,6,1,1,1,1,1,1,0,0,0,0.222782819513154,0.0021616617838541665,0.5556806440311313,0.23085033406111405,4,0.7335043973087129,1.033287045736166,-7.217872619628906,7.3997802734375,0.7776260375976562,0.9961174230407714,1.1605475798355702
(2)EhrqqsvXkAATPaX.jpg,0,6,1,1,1,1,1,1,0,0,0,0.11414343282115126,0.0011075337727864583,0.8996636591550972,0.3737536271768411,5,1.0,1.4086991837095726,17.084701538085938,-0.03472137451171875,-1.5339813232421875,1.0,1.1650710578807622
(3)EhrqqsvXkAATPaX.jpg,1,6,1,1,1,1,1,1,0,0,0,0.5032270746650067,0.0048828125,0.6156989735173588,0.2557841725176312,2,0.8652029087310109,1.2188106312725229,-39.386619567871094,-5.753570556640625,8.0791015625,0.9934877667915694,1.1574838434474495
(4)EhrqqsvXkAATPaX.jpg,1,6,1,1,1,1,1,1,0,0,0,0.6064934639452216,0.005884806315104167,0.5222696282434335,0.21697015983017737,3,0.7801265757595782,1.098963670462662,66.00155639648438,3.6772918701171875,0.7052078247070312,0.8794103518566675,1.0245755489489408
(5)EhrqqsvXkAATPaX.jpg,1,6,1,1,1,1,1,1,0,0,0,1.0,0.00970300038655599,0.23457790618277008,0.0974523561101677,1,0.8948558584886743,1.2605827173907245,-75.81305694580078,-18.860397338867188,20.2313232421875,0.9717190026444674,1.1321216863738286
(0)EiUoa3VWkAchNvG.jpg,0,6,0,1,1,1,1,2,0,0,0,0.19638269925956922,0.004488308878536453,0.35607543628090493,0.7184951080610247,6,0.9591397535552048,1.1739938169466944,-19.77392578125,-9.086746215820312,3.63079833984375,0.9285766013230895,1.0556880546709437
(1)EiUoa3VWkAchNvG.jpg,1,6,0,1,1,1,1,2,0,0,0,1.0,0.02285490980345484,0.20726947338429516,0.41823188994007837,2,0.9617805864679488,1.1772262150405686,-40.360450744628906,7.457588195800781,5.7994232177734375,0.9340174323401883,1.0618736728569398
(2)EiUoa3VWkAchNvG.jpg,1,6,0,1,1,1,1,2,0,0,0,0.8360707186944241,0.01910832086507073,0.2652354580146548,0.5351966455712361,3,0.8152988366902427,0.997931521126433,-27.164047241210938,0.3042755126953125,2.9792404174804688,0.9488996650118593,1.0787931119596812
(3)EiUoa3VWkAchNvG.jpg,0,6,0,1,1,1,1,2,0,0,0,0.10198649324080855,0.002330892104189336,0.5574736763561966,1.1248799229687325,6,0.8818863882032675,1.079435153388727,51.07757568359375,-30.068069458007812,-40.54963302612305,0.9225563753786715,1.0488437290580794
(4)EiUoa3VWkAchNvG.jpg,1,6,0,1,1,1,1,2,0,0,0,0.4685520335692948,0.010708714465451578,0.369460043215495,0.7455027969548916,5,0.6164672595058743,0.7545602695825644,-69.95907592773438,-13.976608276367188,3.8603897094726562,0.981253349926729,1.1155756441067857
(5)EiUoa3VWkAchNvG.jpg,0,6,0,1,1,1,1,2,0,0,0,0.012390882356359916,0.0002831924986398259,1.0,2.0178171107939327,4,1.0,1.224007046517568,29.2823486328125,2.73492431640625,-0.23431396484375,1.0,1.13688849489287
(0)EjCnkzUXgAAPrAb.jpg,1,5,2,1,1,0,1,0,0,0,0,1.0,0.04261564118955898,0.2261732699216012,0.4233333069120723,2,0.7779651068595852,1.2402636983698245,8.193099975585938,-3.50701904296875,-2.3704986572265625,0.8534960181334857,0.9869440064595713
(1)EjCnkzUXgAAPrAb.jpg,1,5,2,1,1,0,1,0,0,0,0,0.7698517548933062,0.03280772615568544,0.17649046486746323,0.3303409468178555,1,0.7341915376132265,1.170478089213789,-2.1621246337890625,-6.59942626953125,-5.864753723144531,0.8447912267008477,0.9768781812543046
(2)EjCnkzUXgAAPrAb.jpg,0,5,2,1,1,0,1,0,0,0,0,0.06068612827615598,0.0025861782678002127,0.4348751167030549,0.8139649805279442,5,1.0,1.5942407794822597,-57.168914794921875,6.608436584472656,-21.11443328857422,0.9922828174633398,1.1474307537485129
(3)EjCnkzUXgAAPrAb.jpg,0,5,2,1,1,0,1,0,0,0,0,0.020681257800371375,0.0008813450617693942,1.0,1.8717212120548683,1,0.5420952421649833,0.8642303414227273,43.407135009765625,5.27081298828125,0.319244384765625,0.9827014085584584,1.1363512479380569
(4)EjCnkzUXgAAPrAb.jpg,0,5,2,1,1,0,1,0,0,0,0,0.09887674652217589,0.004213695951780021,0.3078178464367487,0.5761491926247106,3,0.8287463040783662,1.3212211538069363,8.974205017089844,-9.92315673828125,2.9604644775390625,1.0,1.1563545529104207
(0)EJeXekNU0AAHXWL.jpg,1,8,1,1,1,3,1,1,0,0,0,0.9010315026484528,0.016358612804878048,0.7207238434488638,1.3042209987650921,6,0.9169227807896937,1.1999504175301743,2.57537841796875,-3.1453857421875,-11.209365844726562,0.946138228463028,1.201874025579966
(1)EJeXekNU0AAHXWL.jpg,1,8,1,1,1,3,1,1,0,0,0,0.6140802571377031,0.011148890053353658,0.2689665708648128,0.48672158258160525,4,0.6892822559267605,0.9020438232357127,7.186859130859375,-2.89892578125,-0.0755462646484375,0.9606630664561975,1.2203248449048612
(2)EJeXekNU0AAHXWL.jpg,1,8,1,1,1,3,1,1,0,0,0,0.7801866216238377,0.014164622237042682,0.5033294787610486,0.9108244183463373,1,0.7469200088104887,0.9774726893161967,14.07373046875,4.2015838623046875,-0.1609649658203125,0.9068764450466521,1.1520000047799153
(3)EJeXekNU0AAHXWL.jpg,1,8,1,1,1,3,1,1,0,0,0,0.7305793797864839,0.013263981516768292,0.3328747647952367,0.6023697733204545,2,0.7297040085522262,0.954942605942862,-6.671623229980469,-2.7217941284179688,0.978851318359375,0.9369509741311314,1.1902035085078033
(4)EJeXekNU0AAHXWL.jpg,1,8,1,1,1,3,1,1,0,0,0,1.0,0.018155428258384145,0.3286444884175235,0.5947146702840513,4,0.804547870862626,1.052888611550431,6.903533935546875,-9.496376037597656,4.987266540527344,0.9668061326662118,1.2281283470709536
(5)EJeXekNU0AAHXWL.jpg,1,8,1,1,1,3,1,1,0,0,0,0.8269076239361092,0.015012862042682927,0.5015883537572682,0.9076736806372324,5,1.0,1.3086711800275317,2.3630828857421875,-8.516777038574219,-5.3802642822265625,0.9530048464099029,1.2105966514137585
(6)EJeXekNU0AAHXWL.jpg,1,8,1,1,1,3,1,1,0,0,0,0.7559323701602191,0.013724275914634146,0.3306180480245535,0.5982860213711557,3,0.7267183635009632,0.9510353783104822,-5.480690002441406,-2.4671173095703125,-3.1854782104492188,0.896242571632958,1.138491855692666
(7)EJeXekNU0AAHXWL.jpg,0,8,1,1,1,3,1,1,0,0,0,0.1176798569999508,0.0021365282012195124,1.0,1.8095987951835093,4,0.8469307434506049,1.1083538554330978,-31.48358154296875,-5.31622314453125,1.2300262451171875,1.0,1.270294328485567
(0)EJfDcLnUcAE9l0V.jpg,0,15,0,0,0,6,6,3,0,0,0,0.06367058823529412,0.00040332388965201463,0.5037785398563345,2.1646163495751596,5,0.6464436491832507,0.5093137941809109,-38.18559265136719,-1.63958740234375,1.1873931884765625,0.9906729860529396,1.4044972660164958
(1)EJfDcLnUcAE9l0V.jpg,0,15,0,0,0,6,6,3,0,0,0,0.04291764705882353,0.0002718635531135531,0.8448945758915648,3.630310678108286,5,0.7706364161431684,0.6071615948826403,21.389816284179688,-2.1152801513671875,-3.833343505859375,0.9558056534102691,1.355065138503834
(2)EJfDcLnUcAE9l0V.jpg,0,15,0,0,0,6,6,3,0,0,0,0.19924705882352942,0.0012621384691697192,0.3537408324207286,1.5199400704694546,5,0.8777354552656922,0.6915417539847366,16.798439025878906,-2.56378173828125,-2.911041259765625,0.9752927111728799,1.3826923371209463
(3)EJfDcLnUcAE9l0V.jpg,0,15,0,0,0,6,6,3,0,0,0,0.13049411764705882,0.0008266202113858364,0.34106755979121056,1.4654860376630923,4,0.7373058988247615,0.5809014680194585,35.847686767578125,8.731155395507812,0.8643951416015625,0.9953663586120468,1.4111511558676022
(4)EJfDcLnUcAE9l0V.jpg,1,15,0,0,0,6,6,3,0,0,0,1.0,0.006334540025946276,0.20473429027359788,0.8796944629107829,6,1.0,0.7878703655367386,12.738479614257812,-9.882400512695312,11.822158813476562,0.9670838824640224,1.3710545134989223
(5)EJfDcLnUcAE9l0V.jpg,0,15,0,0,0,6,6,3,0,0,0,0.21938823529411763,0.0013897235576923077,0.19579627102413183,0.8412899238731949,4,0.7391025550875787,0.5823170002459881,19.094215393066406,-8.638961791992188,-1.2272872924804688,1.0,1.4177203636210207
(6)EJfDcLnUcAE9l0V.jpg,0,15,0,0,0,6,6,3,0,0,0,0.0796235294117647,0.0005043784340659341,0.3078759227588143,1.3228694819638789,6,0.6301266124561279,0.4964580844902364,23.264358520507812,4.6264495849609375,-5.473060607910156,0.9876126758371809,1.4001586019046173
(7)EJfDcLnUcAE9l0V.jpg,0,15,0,0,0,6,6,3,0,0,0,0.08762352941176471,0.0005550547542735043,0.46887660549942667,2.0146510537880338,6,0.771575141731976,0.6079011889554329,-8.037910461425781,5.693962097167969,-0.5425872802734375,0.9793647505766517,1.388465350305141
(8)EJfDcLnUcAE9l0V.jpg,0,15,0,0,0,6,6,3,0,0,0,0.36211764705882354,0.0022938487293956045,0.4597746116757483,1.975541955075562,4,0.8637956676222298,0.6805590083985774,-13.704360961914062,9.506584167480469,-14.919326782226562,0.97871538127032,1.3875447262160439
(9)EJfDcLnUcAE9l0V.jpg,0,15,0,0,0,6,6,3,0,0,0,0.0232,0.0001469613286019536,0.8682356301473673,3.7306016267319397,4,0.6070163994168024,0.478250232495311,76.85574340820312,-22.573593139648438,-9.168601989746094,0.974708191804443,1.3818636521093826
(10)EJfDcLnUcAE9l0V.jpg,0,15,0,0,0,6,6,3,0,0,0,0.051388235294117644,0.0003255208333333333,0.6714050562835224,2.8848675500016316,5,0.8228656275850253,0.6483114427930318,15.359527587890625,-2.9172210693359375,-1.3251113891601562,0.9673047136962882,1.3713675904338292
(11)EJfDcLnUcAE9l0V.jpg,0,15,0,0,0,6,6,3,0,0,0,0.11265882352941177,0.0007136418269230769,0.08474530893541132,0.3641304000835411,5,0.25878341734631716,0.20388778561948928,-14.970382690429688,-10.888320922851562,14.91241455078125,0.9739082651681353,1.3807295798276862
(12)EJfDcLnUcAE9l0V.jpg,0,15,0,0,0,6,6,3,0,0,0,0.03247058823529412,0.00020568624084249084,0.3850100599293487,1.6542964905008573,4,0.41606220101630026,0.32780307840073253,8.152107238769531,16.067947387695312,8.725860595703125,0.9639673503991593,1.366636142526688
(13)EJfDcLnUcAE9l0V.jpg,0,15,0,0,0,6,6,3,0,0,0,0.0128,8.108211233211233e-05,1.0,4.296761728263487,4,0.752449864523722,0.5928329498103744,23.98249053955078,-10.976585388183594,-14.220001220703125,0.9555728346192811,1.3547350665628166
(14)EJfDcLnUcAE9l0V.jpg,0,15,0,0,0,6,6,3,0,0,0,0.045741176470588236,0.0002897493131868132,0.2778408417936532,1.1938158955674796,5,0.478523198492965,0.3770142473144617,10.229667663574219,0.8454742431640625,0.6307525634765625,0.9820972470548899,1.392339266205862
(0)Ej_ZiuhXkAIYqVK.jpg,1,3,0,2,1,0,0,0,0,0,0,0.8357809776249493,0.008611662257495592,0.9661831151403533,0.5249955439348493,2,0.7956677309484826,1.0319888508714405,-1.1654891967773438,5.860687255859375,0.180633544921875,1.0,1.2252031333954496
(1)Ej_ZiuhXkAIYqVK.jpg,1,3,0,2,1,0,0,0,0,0,0,1.0,0.01030373086734694,1.0,0.5433706465244794,2,0.849057959455242,1.101236500890845,60.17828369140625,6.862274169921875,-12.671859741210938,0.9466095242972072,1.1597889552709144
(2)Ej_ZiuhXkAIYqVK.jpg,0,3,0,2,1,0,0,0,0,0,0,0.4361980721318783,0.00449446754010246,0.07040127590625714,0.038253986805331194,3,1.0,1.297009807902162,50.27178955078125,-8.166801452636719,-20.216392517089844,0.7801015605375416,0.955782876337276
(0)Ej_ZjLjXcAI9PMF.jpg,1,2,0,1,0,1,0,0,0,0,0,1.0,0.011616141663154937,1.0,0.7515912037160469,2,0.915524688708017,0.9941298818247797,-55.02970504760742,-0.9114761352539062,0.9066619873046875,1.0,1.2826280477503036
(1)Ej_ZjLjXcAI9PMF.jpg,0,2,0,1,0,1,0,0,0,0,0,0.3452054794520548,0.0040099557522123895,0.047198239774808345,0.03547378184562681,4,1.0,1.0858580812579615,18.9259033203125,-3.5505218505859375,-4.587127685546875,0.8860559056328937,1.1364801564395457
(0)EkAd71NXcAIy4ke.jpg,1,6,0,1,0,2,2,1,0,0,0,0.7661525688119559,0.009990020313681028,0.3440365054727096,0.43446306291848874,5,0.9441641580256446,1.4876602063693478,21.285552978515625,-4.699127197265625,-0.446380615234375,0.9374645142768357,0.9790156295634287
(1)EkAd71NXcAIy4ke.jpg,1,6,0,1,0,2,2,1,0,0,0,1.0,0.013039204879482657,0.24331433318107665,0.3072670741745041,2,0.9651761941532293,1.5207675529426055,21.574264526367188,-0.349334716796875,-6.103797912597656,0.8949550507133996,0.9346220246864857
(2)EkAd71NXcAIy4ke.jpg,1,6,0,1,0,2,2,1,0,0,0,0.757453580234489,0.009876592419375158,0.2652999234899958,0.33503135719022537,4,1.0,1.5756372382110075,11.723396301269531,-4.4619293212890625,7.976165771484375,0.8869026886014981,0.9262127587970592
(3)EkAd71NXcAIy4ke.jpg,0,6,0,1,0,2,2,1,0,0,0,0.10601066774014996,0.001382294816074578,1.0,1.262840006822916,4,0.6512973698455451,1.0262083890775278,61.148223876953125,-13.534149169921875,-20.719871520996094,0.9667917462997003,1.0096427286002023
(4)EkAd71NXcAIy4ke.jpg,0,6,0,1,0,2,2,1,0,0,0,0.01924721984602224,0.00025096844293272865,0.4979737192943999,0.6288611350713728,5,0.6475348949123412,1.0202800934649363,-6.604408264160156,3.6592483520507812,3.3419265747070312,1.0,1.0443228673232987
(5)EkAd71NXcAIy4ke.jpg,0,6,0,1,0,2,2,1,0,0,0,0.32758013384994716,0.004271384479717813,0.5362165190860251,0.6771556726211562,6,0.8829849935121022,1.3912640365591733,-42.655574798583984,-11.493255615234375,12.047958374023438,0.9143798943253251,0.9549078330645985
(0)EKfrCyWWkAIRC1R.jpg,1,1,0,1,0,0,0,0,0,0,0,1.0,0.010362896048415806,1.0,0.18390518496242458,2,1.0,0.7534742932951275,-12.990219116210938,-4.286170959472656,-4.321357727050781,1.0,1.01924548315702
(0)EkVbU1CXcAAzoES.jpg,0,4,0,0,0,1,2,1,0,0,0,0.2212186661430722,0.003326562106324011,0.7673870911861853,0.8386335140228577,5,1.0,1.66775291199392,85.97998046875,-35.988548278808594,-6.050148010253906,0.9829095249552162,1.1275370951501416
(1)EkVbU1CXcAAzoES.jpg,0,4,0,0,0,1,2,1,0,0,0,0.26382616663394204,0.003967269778281683,1.0,1.09284287376602,5,0.6554421271719827,1.0931155162345634,-43.339637756347656,5.340797424316406,-4.561370849609375,0.967988120519999,1.1104201209167177
(0)Ekz6KfaWAAEoJ-7.jpg,0,3,0,1,0,1,0,1,0,0,0,0.06729168492070446,0.001486129458388375,1.0,0.6690315469505318,6,0.9050312885281404,1.0692672480788656,5.08551025390625,3.7291412353515625,2.73712158203125,1.0,1.049825841120157
(1)Ekz6KfaWAAEoJ-7.jpg,1,3,0,1,0,1,0,1,0,0,0,1.0,0.022084889985138707,0.46144637473414346,0.3087221819230988,2,0.7708088137016998,0.9106874308866776,-49.028770446777344,-0.1120147705078125,7.8599395751953125,0.9517182847059418,0.9991384487508485
(2)Ekz6KfaWAAEoJ-7.jpg,0,3,0,1,0,1,0,1,0,0,0,0.05417798417009843,0.00119651482001321,0.9893458320423613,0.661903572480362,4,1.0,1.1814699244462847,-22.05902099609375,-10.564910888671875,8.862274169921875,0.9811318570245541,1.0300175770505842
(0)Ekz6KjQWAAkifa0.jpg,1,5,1,0,1,0,2,1,0,0,0,1.0,0.029382705688476562,0.4816690604783163,0.36263813805711675,1,0.6801162827435229,0.946595518968663,-10.299240112304688,-3.0485382080078125,0.8903350830078125,0.9812958188549012,1.0033586837988007
(1)Ekz6KjQWAAkifa0.jpg,0,5,1,0,1,0,2,1,0,0,0,0.16703296703296702,0.004907880510602679,1.0,0.7528782058307893,5,0.8283635892518934,1.1529282294191745,2.7442474365234375,-2.2234268188476562,-5.4223175048828125,0.9791328327657883,1.0011470664314912
(2)Ekz6KjQWAAkifa0.jpg,1,5,1,0,1,0,2,1,0,0,0,0.7920619464923262,0.023272923060825894,0.6766628671321019,0.5094447253587346,6,1.0,1.3918142279290666,4.5628204345703125,-1.46099853515625,-2.6622390747070312,0.9465423909297301,0.9678238807042688
(3)Ekz6KjQWAAkifa0.jpg,0,5,1,0,1,0,2,1,0,0,0,0.2827282422219131,0.008307320731026786,0.5748103202421356,0.4327621625969206,3,0.8445126797089442,1.1754047632854112,-3.4758148193359375,8.032791137695312,-1.285186767578125,1.0,1.0224833985022428
(4)Ekz6KjQWAAkifa0.jpg,1,5,1,0,1,0,2,1,0,0,0,0.7070988083646311,0.020776476178850447,0.6371828167246405,0.47972105584185604,5,0.7984483117220578,1.1112917205207025,-3.2002639770507812,-4.0658721923828125,-1.3035507202148438,0.969218812944023,0.9910101457513141
(0)Ekz6KtDXIAA46L-.jpg,1,6,0,0,1,1,3,1,0,0,0,1.0,0.04017758433709569,0.05244927448934663,0.2651303809099724,3,0.5758199142224963,0.9293386700374359,6.9705657958984375,-5.0060272216796875,-1.0865936279296875,0.9029711325531378,0.9487075394196726
(1)Ekz6KtDXIAA46L-.jpg,0,6,0,0,1,1,3,1,0,0,0,0.005765340802070282,0.00023163746630727763,0.8697137893155401,4.396391570501533,6,0.3761328029856601,0.6070556961478734,23.365570068359375,3.1339187622070312,1.9486770629882812,0.9845924428146693,1.034463052116387
(2)Ekz6KtDXIAA46L-.jpg,1,6,0,0,1,1,3,1,0,0,0,0.7149022594567149,0.028723045822102427,0.04473171493970496,0.22611822062723097,4,0.7377723926522156,1.1907202186703396,-2.4978179931640625,-9.212753295898438,0.2582550048828125,0.857956206343627,0.901412561383517
(3)Ekz6KtDXIAA46L-.jpg,1,6,0,0,1,1,3,1,0,0,0,0.4638233054074638,0.018635299970518868,0.07979751577437877,0.40337537475809854,5,0.6257223951804971,1.0098782695538866,3.6668853759765625,-6.9959716796875,6.0254364013671875,0.9307709850131227,0.977915482700174
(4)Ekz6KtDXIAA46L-.jpg,0,6,0,0,1,1,3,1,0,0,0,0.002456821364518586,9.870914757412399e-05,0.2991813310834614,1.5123576263656877,5,1.0,1.6139397875675767,14.379478454589844,1.4893341064453125,-2.2130126953125,0.9878529830819468,1.0378887420666307
(5)Ekz6KtDXIAA46L-.jpg,0,6,0,0,1,1,3,1,0,0,0,0.0023585485099378426,9.476078167115903e-05,1.0,5.054986622623828,5,0.44888039350152137,0.7244659269310957,23.347183227539062,7.2491455078125,2.6157760620117188,1.0,1.0506510177542616
(0)El1zsMjXIAUVzp-.jpg,1,10,1,0,1,1,5,2,0,0,0,0.6257387706855791,0.005385080973307292,0.3090918899338961,0.7784187165421564,5,0.8116315048074741,1.552070798190363,7.7813262939453125,-3.795928955078125,2.1641464233398438,0.9650853455987604,1.083526493624329
(1)El1zsMjXIAUVzp-.jpg,1,10,1,0,1,1,5,2,0,0,0,0.9042553191489362,0.007781982421875,0.33162549517750556,0.8351674719900894,1,0.7490831596450163,1.4324605324148736,2.8534927368164062,1.44903564453125,2.9451751708984375,0.9588998632697578,1.07658189125327
(2)El1zsMjXIAUVzp-.jpg,1,10,1,0,1,1,5,2,0,0,0,0.7180851063829787,0.0061798095703125,0.24414944373604586,0.614867302659217,6,0.8490781538258333,1.6236794655316653,2.269256591796875,-0.1413726806640625,0.1557159423828125,0.9461281850842079,1.0622427949803892
(3)El1zsMjXIAUVzp-.jpg,1,10,1,0,1,1,5,2,0,0,0,0.6257387706855791,0.005385080973307292,0.3285254930632303,0.8273604096061874,5,0.8019701651092637,1.5335955626577715,1.30645751953125,0.23114013671875,8.916069030761719,1.0,1.1227260869369902
(4)El1zsMjXIAUVzp-.jpg,1,10,1,0,1,1,5,2,0,0,0,1.0,0.00860595703125,0.3048443149874858,0.7677216004227125,3,0.8468368537875217,1.6193934609608207,9.775161743164062,3.1429290771484375,-4.868156433105469,0.941805143543888,1.0573892034681598
(5)El1zsMjXIAUVzp-.jpg,1,10,1,0,1,1,5,2,0,0,0,0.7978723404255319,0.006866455078125,0.3328109515260253,0.8381529317817678,4,0.7493698045104095,1.433008679107545,0.0371246337890625,0.5694580078125,0.0251007080078125,0.981410460575621,1.1018551260810963
(6)El1zsMjXIAUVzp-.jpg,0,10,1,0,1,1,5,2,0,0,0,0.412677304964539,0.003551483154296875,0.6277201001702829,1.580853754612475,6,0.6762270502319461,1.2931388830949508,10.510848999023438,-10.641525268554688,-1.7569656372070312,0.96971621728788,1.088725694074962
(7)El1zsMjXIAUVzp-.jpg,0,10,1,0,1,1,5,2,0,0,0,0.29683806146572106,0.0025545756022135415,0.43456311243972107,1.0944061337689481,5,0.5998072845230817,1.1470025070933654,-24.349746704101562,1.6570358276367188,15.823074340820312,0.9247902470707775,1.0382861353312665
(8)El1zsMjXIAUVzp-.jpg,0,10,1,0,1,1,5,2,0,0,0,0.1675531914893617,0.00144195556640625,1.0,2.5184055029998778,5,1.0,1.9122850567001182,17.356201171875,3.0828704833984375,-4.906524658203125,0.983443371565271,1.1041375282815973
(9)El1zsMjXIAUVzp-.jpg,0,10,1,0,1,1,5,2,0,0,0,0.14657210401891252,0.0012613932291666667,0.6788446358288196,1.7096060665532473,5,0.7068400212547109,1.3516796101229775,-30.786468505859375,-4.846549987792969,9.037628173828125,0.9694409058380922,1.0884165947282525
(0)El1zsMKWoAAbftC.jpg,0,16,0,0,0,8,5,3,0,0,0,0.09924812030075188,0.001007080078125,0.29896542853185387,1.0910982808262044,4,0.7628244013247256,1.2405333460162946,78.03378295898438,7.59588623046875,4.6811981201171875,0.9771427141755644,1.128757554025262
(1)El1zsMKWoAAbftC.jpg,0,16,0,0,0,8,5,3,0,0,0,0.06516290726817042,0.0006612141927083334,0.5189069268952866,1.893792398086361,4,1.0,1.6262371049772093,34.43994140625,2.8075790405273438,-3.899322509765625,0.9829677498917032,1.1354864104877553
(2)El1zsMKWoAAbftC.jpg,0,16,0,0,0,8,5,3,0,0,0,0.040100250626566414,0.0004069010416666667,0.3312454435994506,1.2089067816895278,6,0.9471652964355837,1.5403153496102837,6.846015930175781,9.505668640136719,2.8662872314453125,0.9912971823121224,1.1451082493746407
(3)El1zsMKWoAAbftC.jpg,0,16,0,0,0,8,5,3,0,0,0,0.02606516290726817,0.0002644856770833333,0.552233174118919,2.0154192070142707,5,0.9072440185912672,1.475393886301752,-5.9807281494140625,12.4393310546875,1.51629638671875,0.9637315835010816,1.1132655334255743
(4)El1zsMKWoAAbftC.jpg,0,16,0,0,0,8,5,3,0,0,0,0.18859649122807018,0.0019137064615885417,0.2440309260660709,0.8906104134068704,5,0.7469309518666867,1.2146868287815518,-29.186553955078125,-19.27325439453125,21.607757568359375,0.9861799242746041,1.1391969903722965
(5)El1zsMKWoAAbftC.jpg,1,16,0,0,0,8,5,3,0,0,0,1.0,0.0101470947265625,0.08818623897890245,0.3218427435403533,5,0.526060016583987,0.8554983184138059,-31.366302490234375,-15.917770385742188,1.624481201171875,0.9418619834544051,1.0880026154320395
(6)El1zsMKWoAAbftC.jpg,0,16,0,0,0,8,5,3,0,0,0,0.03195488721804511,0.000324249267578125,0.4666316356063801,1.7030095348800296,4,0.8528417128005806,1.3869228380286207,1.8902130126953125,8.916427612304688,1.671661376953125,0.9791770823543474,1.1311075776360988
(7)El1zsMKWoAAbftC.jpg,0,16,0,0,0,8,5,3,0,0,0,0.06516290726817042,0.0006612141927083334,0.44806555698542844,1.6352511436691002,4,0.857468372890244,1.3944468843385485,58.617828369140625,-6.788276672363281,-14.159065246582031,0.9849773638508773,1.1378078389794024
(8)El1zsMKWoAAbftC.jpg,0,16,0,0,0,8,5,3,0,0,0,0.07167919799498747,0.0007273356119791666,0.350005769131964,1.2773740925648531,4,0.8514811594046935,1.3847102556129263,-29.130111694335938,7.137794494628906,8.310272216796875,1.0,1.1551614085130013
(9)El1zsMKWoAAbftC.jpg,1,16,0,0,0,8,5,3,0,0,0,0.6864661654135338,0.00696563720703125,0.28396015568997973,1.0363353355535785,5,0.8072834892847747,1.312834364510372,-6.652076721191406,1.2349395751953125,5.8648223876953125,0.9829211050347126,1.1354325281490543
(10)El1zsMKWoAAbftC.jpg,0,16,0,0,0,8,5,3,0,0,0,0.22556390977443608,0.002288818359375,0.2451492845239378,0.8946919521878536,4,0.6519380561434005,1.060205857047113,-46.61397171020508,-20.131515502929688,0.0472869873046875,0.9713231571495329,1.1220350263341496
(11)El1zsMKWoAAbftC.jpg,0,16,0,0,0,8,5,3,0,0,0,0.2706766917293233,0.00274658203125,0.11989310049762515,0.43755947461311295,5,0.6532539737225259,1.0623458510413786,15.107826232910156,-16.092384338378906,-5.6917724609375,0.9952506884475972,1.1496751870906605
(12)El1zsMKWoAAbftC.jpg,0,16,0,0,0,8,5,3,0,0,0,0.05012531328320802,0.0005086263020833334,0.804148660031792,2.9348049531951124,6,0.6607775323381395,1.0745809412235603,45.124908447265625,-11.9925537109375,-9.890792846679688,0.9680421092527515,1.1182448864243049
(13)El1zsMKWoAAbftC.jpg,0,16,0,0,0,8,5,3,0,0,0,0.042105263157894736,0.00042724609375,0.23401130241059576,0.8540429942283358,4,0.9695167731832092,1.5766641504483077,22.170394897460938,10.481369018554688,3.4488372802734375,0.9933058936393463,1.1474286351806926
(14)El1zsMKWoAAbftC.jpg,0,16,0,0,0,8,5,3,0,0,0,0.046992481203007516,0.000476837158203125,0.40615587558785265,1.4822984041251808,4,0.6971947701436866,1.1338040046037197,2.888031005859375,0.4987945556640625,-2.7007598876953125,0.9844096835242203,1.137152076573676
(15)El1zsMKWoAAbftC.jpg,0,16,0,0,0,8,5,3,0,0,0,0.019548872180451128,0.0001983642578125,1.0,3.649580107587427,6,0.8857804182085692,1.4404889829530052,-2.2729949951171875,8.388504028320312,4.76025390625,0.9395664100110239,1.0853508575798383
(0)El6D7bIXIAEasqg.jpg,0,4,1,1,1,0,1,0,0,0,0,0.21800739858298326,0.005794381932593857,0.23172125251475312,0.4353475369787077,3,0.7870379781501821,1.069875469568561,40.616058349609375,-5.167655944824219,-21.225143432617188,0.9960012613451872,1.1800095048258585
(1)El6D7bIXIAEasqg.jpg,1,4,1,1,1,0,1,0,0,0,0,0.9430058310865885,0.025063993174061435,0.1735533851089248,0.3260643463709789,2,0.9675988621541326,1.3153244388971783,55.93914794921875,-0.3470916748046875,-6.088836669921875,0.8887876466048682,1.052988496569858
(2)El6D7bIXIAEasqg.jpg,0,4,1,1,1,0,1,0,0,0,0,0.4079566116997931,0.010843010078924915,0.4589348704106414,0.8622263314159957,5,0.8511069294514455,1.1569688516685093,9.849998474121094,-8.690811157226562,-7.2314910888671875,1.0,1.184746998444713
(3)El6D7bIXIAEasqg.jpg,1,4,1,1,1,0,1,0,0,0,0,1.0,0.02657883159129693,1.0,1.878755324572528,1,1.0,1.3593695593739292,-67.67277526855469,-13.074478149414062,8.380027770996094,0.8162963117081635,0.9671046051377366
(0)El6p_gmWkAIlMuR.jpg,1,5,1,0,0,1,2,1,0,0,0,0.4737677371172517,0.009679794311523438,0.41946627230296346,0.5978993854966542,5,0.8943463068254234,0.9359966142417168,-20.794158935546875,5.6825714111328125,6.9232025146484375,0.9632720754168624,1.038651763396674
(1)El6p_gmWkAIlMuR.jpg,1,5,1,0,0,1,2,1,0,0,0,0.32074620363455314,0.006553332010904948,0.4165420482449546,0.593731251172674,6,0.811178063914301,0.8489551704708325,-8.725509643554688,6.521049499511719,0.7771453857421875,0.9981112305187338,1.0762172143271906
(2)El6p_gmWkAIlMuR.jpg,1,5,1,0,0,1,2,1,0,0,0,1.0,0.0204315185546875,0.5925014535379117,0.844540499123436,1,1.0,1.04657067077756,-31.779678344726562,16.1922607421875,1.5002059936523438,0.978429205036028,1.0549949958112184
(3)El6p_gmWkAIlMuR.jpg,0,5,1,0,0,1,2,1,0,0,0,0.1095344784665173,0.0022379557291666665,0.4110016438911714,0.5858340623466378,4,0.9873835226754835,1.0333666356411908,-20.481475830078125,1.0019073486328125,1.6943359375,0.9975187163936549,1.0755783337278704
(4)El6p_gmWkAIlMuR.jpg,1,5,1,0,0,1,2,1,0,0,0,0.34867438386855865,0.0071239471435546875,1.0,1.4253813118610303,5,0.9679316056167213,1.0130088297570927,-21.575111389160156,8.616874694824219,2.991729736328125,1.0,1.0782537871734634
(0)El6p_gmX0AANVrE.jpg,0,5,0,1,0,1,1,2,0,0,0,0.16471767457400602,0.004738634965551181,0.21807995847466857,0.17464263721753162,6,0.7286500125236971,1.2056453196142614,51.136749267578125,3.22967529296875,7.903541564941406,0.9409124111890361,0.9865817477319123
(1)El6p_gmX0AANVrE.jpg,1,5,0,1,0,1,1,2,0,0,0,0.6937437353825593,0.019957775206077756,0.6283637557973465,0.5032058159397923,5,1.0,1.654628832624979,-23.992294311523438,0.9605560302734375,-4.550567626953125,1.0,1.048537287849316
(2)El6p_gmX0AANVrE.jpg,0,5,0,1,0,1,1,2,0,0,0,0.11263782158369529,0.0032403900867372048,0.5167147217055392,0.41379511587838236,6,0.8553234225008225,1.4152427960893377,-63.970924377441406,-19.608436584472656,33.65827941894531,0.9939028373982174,1.0421441855112668
(3)El6p_gmX0AANVrE.jpg,0,5,0,1,0,1,1,2,0,0,0,0.16396592048112263,0.004717008335383859,1.0,0.8008192886638756,4,0.5693097635072172,0.9419963493939496,16.58013916015625,-0.8491287231445312,3.3552398681640625,0.9984923699690819,1.046956481545617
(0)ELDl9ocXsAAkgi5.jpg,0,4,3,1,0,0,0,0,0,0,0,0.024165341812400636,0.0003398294413919414,0.5732414576925815,1.0186094928072968,1,0.5309144125712267,0.6379508450045183,-31.894744873046875,8.832229614257812,16.169357299804688,1.0,1.125942561310169
(1)ELDl9ocXsAAkgi5.jpg,0,4,3,1,0,0,0,0,0,0,0,0.03968203497615262,0.0005580357142857143,1.0,1.7769292139256923,1,0.9937848197085036,1.1941394892922559,-1.5120620727539062,-8.485885620117188,5.5556793212890625,0.9702474266041151,1.0924428726152375
(2)ELDl9ocXsAAkgi5.jpg,1,4,3,1,0,0,0,0,0,0,0,1.0,0.014062678857600732,0.7378031388858535,1.311023951612348,2,0.4651422028368727,0.5589184514881409,13.037384033203125,-1.6341705322265625,-8.228240966796875,0.8874806046231128,0.999252185082445
(3)ELDl9ocXsAAkgi5.jpg,0,4,3,1,0,0,0,0,0,0,0,0.02232114467408585,0.0003138950892857143,0.8963716185309891,1.5927889155015709,1,1.0,1.2016076977735686,63.39619445800781,-1.1144943237304688,-6.574150085449219,0.9997593580918348,1.1256716123437307
(0)ELI37OgXYAEhcE-.jpg,0,4,1,2,1,0,0,0,0,0,0,0.045124899274778404,0.0004653359351521136,0.16480436854055888,0.2278476623127966,1,0.2774107243042995,0.33892942952198585,27.31281280517578,6.142303466796875,4.79559326171875,1.0,1.0469057539032052
(1)ELI37OgXYAEhcE-.jpg,1,4,1,2,1,0,0,0,0,0,0,1.0,0.01031217670578166,0.21252203929555244,0.29381897016596953,2,0.9787217549121646,1.1957634546574578,0.164794921875,1.1762008666992188,4.1732177734375,0.9759568517819028,1.0217348436917317
(2)ELI37OgXYAEhcE-.jpg,0,4,1,2,1,0,0,0,0,0,0,0.11751275852806876,0.0012118123311252958,1.0,1.3825341180608484,3,1.0,1.221760371276075,43.91523742675781,-1.1842117309570312,-2.7446365356445312,0.9931524842179767,1.039737050231062
(3)ELI37OgXYAEhcE-.jpg,0,4,1,2,1,0,0,0,0,0,0,0.050362610797743755,0.000519348141910841,0.6590676175014135,0.9111834673047814,2,0.3626804778996237,0.44310863533322853,12.339874267578125,-1.6182861328125,-1.2809829711914062,0.9965821269802567,1.0433275629727254
(0)ElJky7dUwAE07WE.jpg,1,5,1,1,1,0,1,1,0,0,0,1.0,0.02932143073017408,0.28763516986353554,0.09664127783968107,1,1.0,1.5064396794737231,-17.320762634277344,-1.9238739013671875,7.906585693359375,0.9621130518959117,0.9813888198087513
(1)ElJky7dUwAE07WE.jpg,1,5,1,1,1,0,1,1,0,0,0,0.6126070991432069,0.017962516622340427,0.21474534408065055,0.07215134530287848,5,0.6760190625642412,1.0183819399274023,-16.20562744140625,-7.373054504394531,20.411346435546875,0.9341726639386273,0.9528886510309095
(2)ElJky7dUwAE07WE.jpg,1,5,1,1,1,0,1,1,0,0,0,0.7524318752818399,0.02206237911025145,0.17597849876717303,0.05912624315460787,6,0.6733019700698593,1.0142888039810651,1.8213348388671875,-2.0772628784179688,3.0165863037109375,0.9370860998821638,0.9558604571576235
(3)ElJky7dUwAE07WE.jpg,0,5,1,1,1,0,1,1,0,0,0,0.07289183791792823,0.002137292976305609,1.0,0.3359856094285381,3,0.9938139031062081,1.4971206976518459,-29.088104248046875,-22.8834228515625,-10.245750427246094,1.0,1.0200348263386048
(4)ElJky7dUwAE07WE.jpg,1,5,1,1,1,0,1,1,0,0,0,0.6466211428203311,0.01895985704787234,0.2036316582738131,0.0684173068040709,2,0.780114761318782,1.175195830993786,8.987937927246094,-16.337936401367188,-1.131927490234375,0.9658986983560903,0.985250311038339
(0)Elqo3K2WMAA9M4v.jpg,0,7,0,1,1,2,3,0,0,0,0,0.13205980066445183,0.00308344414893617,0.3891563738856935,1.0372084416288614,2,0.9216679861430557,1.3945849772092151,-38.52009201049805,-18.03369903564453,10.538848876953125,0.9888492761298869,1.0781199629586073
(1)Elqo3K2WMAA9M4v.jpg,1,7,0,1,1,2,3,0,0,0,0,0.7676939962031324,0.017924770057624113,0.18387387389052062,0.49007429144734344,4,0.6270022817516052,0.9487233753944969,-10.270767211914062,-6.4671173095703125,10.259376525878906,0.9655230753026894,1.05268793466183
(2)Elqo3K2WMAA9M4v.jpg,0,7,0,1,1,2,3,0,0,0,0,0.016907925961082107,0.00039478058510638295,1.0,2.665274196263119,5,0.8558782251913383,1.2950378369625433,53.50358581542969,-7.370567321777344,-0.047119140625,0.9901772461166165,1.0795678185494073
(3)Elqo3K2WMAA9M4v.jpg,1,7,0,1,1,2,3,0,0,0,0,1.0,0.023348847517730496,0.19445103278966128,0.5182653201309978,3,0.8809313309373409,1.3329459399140393,0.6121902465820312,-6.133514404296875,-6.117774963378906,0.9744516100221207,1.06242251378663
(4)Elqo3K2WMAA9M4v.jpg,1,7,0,1,1,2,3,0,0,0,0,0.6457937826293308,0.015078540558510638,0.26791870937872736,0.7140768228032397,5,0.7725218443042754,1.1689104697464012,4.767951965332031,0.06707763671875,-3.9649887084960938,0.9577162544010691,1.0441763346996797
(5)Elqo3K2WMAA9M4v.jpg,0,7,0,1,1,2,3,0,0,0,0,0.07552206929283341,0.001763353280141844,0.4924585540602194,1.312537076865749,4,1.0,1.5131099248062156,40.30122375488281,-31.181686401367188,-26.942764282226562,0.9822115125413674,1.0708829596994345
(6)Elqo3K2WMAA9M4v.jpg,0,7,0,1,1,2,3,0,0,0,0,0.014460726150925486,0.00033764128989361705,0.3983147064632608,1.0616179091286475,5,0.5331725443374435,0.8067486684711678,5.1398468017578125,7.4500274658203125,5.866767883300781,1.0,1.0902773445697447
(0)ElRNod3W0AEyPv0.jpg,1,4,2,1,0,0,0,1,0,0,0,0.6514156153711993,0.0131046500748503,0.3585976870558374,0.44975331350381065,6,0.6032531893479794,0.6716570087656983,39.42231750488281,-3.8120040893554688,0.4550323486328125,0.9649085483322223,1.0091192071500896
(1)ElRNod3W0AEyPv0.jpg,0,4,2,1,0,0,0,1,0,0,0,0.20652869019243067,0.004154776384730539,1.0,1.254200263243135,2,0.8061419526572294,0.8975516451848617,-14.498870849609375,-14.691574096679688,-3.393646240234375,1.0,1.0458184963686792
(2)ElRNod3W0AEyPv0.jpg,1,4,2,1,0,0,0,1,0,0,0,1.0,0.0201171875,0.4973272829766374,0.6237480092272918,1,0.7940204365598714,0.8840556514836823,-67.34681701660156,-13.904670715332031,21.64794921875,0.9766792070564431,1.021429179758323
(3)ElRNod3W0AEyPv0.jpg,0,4,2,1,0,0,0,1,0,0,0,0.27905354339863964,0.00561377245508982,0.30019790926851997,0.37650829682961656,1,1.0,1.1133915586781273,-46.11228561401367,-1.4852828979492188,20.565597534179688,0.9947570457612953,1.0403353178502273
(0)Em0LkUJWMAAQ5jt.jpg,0,3,1,0,0,0,1,1,0,0,0,0.340632603406326,0.00640869140625,0.18006734484534384,0.38610248175160544,5,0.9228945357239824,1.0592820182318412,68.53178405761719,-22.066650390625,-16.80388641357422,1.0,1.1209841771539302
(1)Em0LkUJWMAAQ5jt.jpg,0,3,1,0,0,0,1,1,0,0,0,0.7440862395241957,0.013999303181966146,1.0,2.144211556421965,1,0.814351995208884,0.9346988108010499,-38.833290100097656,-5.3407135009765625,10.433601379394531,0.9990284564366937,1.119895092192048
(2)Em0LkUJWMAAQ5jt.jpg,0,3,1,0,0,0,1,1,0,0,0,1.0,0.0188140869140625,0.6060577815874897,1.2995160991393546,6,1.0,1.147782305809046,68.40736389160156,17.498748779296875,32.93035888671875,0.9972765041636665,1.1179311814148556
(0)EmFe91qXYAMkiZc.jpg,1,5,0,1,1,2,0,1,0,0,0,0.7697938144329897,0.007121086120605469,0.9484377298204106,0.534956009174412,6,0.8836605144862459,1.202159598379067,9.584861755371094,0.1009979248046875,2.6653976440429688,0.9860182005070944,1.1260530964309918
(1)EmFe91qXYAMkiZc.jpg,1,5,0,1,1,2,0,1,0,0,0,0.9185567010309278,0.008497238159179688,0.8273589017859784,0.46666281015429334,2,0.8442283290205439,1.14851481119491,-5.0095367431640625,-3.223663330078125,7.1143341064453125,0.9648200017330995,1.1018443167594396
(2)EmFe91qXYAMkiZc.jpg,0,5,0,1,1,2,0,1,0,0,0,0.10360824742268042,0.0009584426879882812,0.30809641619707984,0.1737784401311589,4,1.0,1.36043149905594,0.0397796630859375,6.9716033935546875,1.212646484375,1.0,1.1420205994695427
(3)EmFe91qXYAMkiZc.jpg,1,5,0,1,1,2,0,1,0,0,0,1.0,0.009250640869140625,0.9880385191215696,0.5572924046367858,3,0.9885061422196687,1.3447948928859081,22.468551635742188,-4.6898040771484375,-1.3612747192382812,0.9659479414420284,1.103132447141996
(4)EmFe91qXYAMkiZc.jpg,0,5,0,1,1,2,0,1,0,0,0,0.0927147766323024,0.0008576711018880209,1.0,0.5640391481217301,4,0.9396399526277903,1.2783157893262773,-14.756492614746094,5.4996490478515625,0.7912139892578125,0.974475945712733,1.112871603691505
(0)EMYzh3XUEAI2A0-.jpg,1,5,1,1,1,1,1,0,0,0,0,0.8668497133166437,0.026325005493470617,0.13988532630723483,0.8521990735226047,5,0.40012839672830086,0.8418626108342513,1.8321990966796875,-7.7721099853515625,-3.8575592041015625,0.8887823115720677,1.1765407773076924
(1)EMYzh3XUEAI2A0-.jpg,1,5,1,1,1,1,1,0,0,0,0,1.0,0.03036859225891512,0.13351532635114535,0.8133922293437117,2,0.5075820128007199,1.0679429953057733,-7.51104736328125,-10.683731079101562,-12.559722900390625,0.8691767494960834,1.150587579382733
(2)EMYzh3XUEAI2A0-.jpg,0,5,1,1,1,1,1,0,0,0,0,0.04157312444480336,0.0012625172651933702,1.0,6.092126286719247,1,0.640283563023523,1.3471445577187013,-4.2097320556640625,-23.238723754882812,-1.728668212890625,1.0,1.3237670934591856
(3)EMYzh3XUEAI2A0-.jpg,0,5,1,1,1,1,1,0,0,0,0,0.07447306791569086,0.0022616422338021095,0.5320823309536911,3.2415127551018315,3,0.8483048684463262,1.7848174665257854,-7.865318298339844,2.0053482055664062,10.066795349121094,0.9668964503257247,1.2799457037236883
(4)EMYzh3XUEAI2A0-.jpg,0,5,1,1,1,1,1,0,0,0,0,0.11619155293547606,0.003528573895027624,0.28351789360470636,1.7272268123845025,4,1.0,2.1039811663402164,-2.107757568359375,4.992622375488281,-0.32503509521484375,0.6635248961250603,0.878352423181279
(0)EODzv4qXUAEiBY7.jpg,1,3,0,0,0,1,1,1,0,0,0,1.0,0.036226908365885414,0.5069286201678223,0.4740154682915636,6,1.0,0.7822003042869109,19.013465881347656,0.674285888671875,-0.0496673583984375,0.8921522952882813,1.0604155882801387
(1)EODzv4qXUAEiBY7.jpg,0,3,0,0,0,1,1,1,0,0,0,0.06292558792558793,0.0022795995076497397,0.289948249705757,0.2711228956043026,4,0.46440689494873777,0.3632592145418421,-70.66083526611328,-16.25939178466797,13.259468078613281,0.8577489032770597,1.0195235865769727
(2)EODzv4qXUAEiBY7.jpg,0,3,0,0,0,1,1,1,0,0,0,0.023938223938223938,0.0008672078450520834,1.0,0.9350733997513053,5,0.922584075153044,0.7216455443149692,9.281524658203125,-1.1795196533203125,1.58038330078125,1.0,1.1886037774946108
(0)EohMy-aXIAE_Hai.jpg,1,4,1,2,0,1,0,0,0,0,0,0.4270986745213549,0.009440104166666666,1.0,2.3399778459265628,2,0.7967297082208542,0.9916688917074199,6.476959228515625,-0.6052780151367188,2.9315414428710938,1.0,1.3537701921834016
(1)EohMy-aXIAE_Hai.jpg,1,4,1,2,0,1,0,0,0,0,0,1.0,0.022102864583333333,0.3726368586668289,0.8719619938560472,2,0.88881821171346,1.1062890737531395,5.7950592041015625,-5.582977294921875,-4.0014190673828125,0.9596321191794863,1.299121358406978
(2)EohMy-aXIAE_Hai.jpg,1,4,1,2,0,1,0,0,0,0,0,0.7472754050073638,0.016516927083333334,0.4832182037380388,1.130719891495439,1,1.0,1.2446741742841205,-4.324104309082031,-4.0596771240234375,7.3763427734375,0.987030916067466,1.3362130329356123
(3)EohMy-aXIAE_Hai.jpg,0,4,1,2,0,1,0,0,0,0,0,0.22164948453608246,0.004899088541666667,0.25505907127455396,0.5968325761850604,4,0.6382003138788862,0.7943514487050692,34.01188659667969,-43.02325439453125,2.9238052368164062,0.8907462009817698,1.2058656556897254
(0)Eq_nf5bXIAA6MxG.jpg,1,7,0,2,0,0,1,4,0,0,0,1.0,0.0356760386916475,0.224987602805911,0.46133099128562766,2,0.6621957777471134,0.9736765483940737,-4.7738494873046875,-3.8449554443359375,4.321197509765625,0.9956520249574141,1.0294921442662601
(1)Eq_nf5bXIAA6MxG.jpg,1,7,0,2,0,0,1,4,0,0,0,0.9369079426767063,0.033425164013446036,0.2819969787572827,0.5782271739740115,2,0.7946549181265997,1.1684412432804214,0.8604354858398438,-0.154754638671875,-6.302581787109375,0.9937021324833798,1.0274759790460186
(2)Eq_nf5bXIAA6MxG.jpg,0,7,0,2,0,0,1,4,0,0,0,0.031981216095862686,0.0011409631028419368,0.7169072842589465,1.4699989865325052,6,0.9399746453713642,1.3821158319626918,-5.240692138671875,2.1164932250976562,-5.2244720458984375,0.993300216014961,1.0270604022817307
(3)Eq_nf5bXIAA6MxG.jpg,0,7,0,2,0,0,1,4,0,0,0,0.013156829406525787,0.0004693835549666196,0.5824670207506201,1.1943328642239754,6,0.6827011061852566,1.0038270840638477,18.745994567871094,3.575775146484375,-0.0223236083984375,1.0,1.033987897840406
(4)Eq_nf5bXIAA6MxG.jpg,0,7,0,2,0,0,1,4,0,0,0,0.02422880738401749,0.0008643878696846825,0.9673731943982516,1.9835725575505563,5,1.0,1.4703756519056392,7.1937255859375,12.440322875976562,5.1522674560546875,0.9845859914709116,1.01804999956412
(5)Eq_nf5bXIAA6MxG.jpg,0,7,0,2,0,0,1,4,0,0,0,0.00619383045907214,0.00022097133510736247,0.830326780429952,1.70256259424748,6,0.6289649424654783,0.9248147373034706,23.952682495117188,-5.629753112792969,6.59442138671875,0.9943018356877057,1.0280960649015876
(6)Eq_nf5bXIAA6MxG.jpg,0,7,0,2,0,0,1,4,0,0,0,0.01554529997571047,0.0005545947234067136,1.0,2.0504729395405925,6,0.8608881402980119,1.2658289605085227,-12.286941528320312,-7.83349609375,2.9097747802734375,0.9867271695735379,1.0202639518093561
(0)ERgAg0eVAAApMkg.jpg,0,4,0,0,0,2,1,1,0,0,0,0.1865217391304348,0.0024547576904296875,0.09112080219928069,0.31043107069058024,4,1.0,0.8608737412555814,-14.229446411132812,3.59417724609375,2.0753936767578125,1.0,1.1029585956912416
(1)ERgAg0eVAAApMkg.jpg,1,4,0,0,0,2,1,1,0,0,0,0.624927536231884,0.0082244873046875,0.20146036647341845,0.6863367722475302,6,0.7329636768755252,0.6309891827162805,-10.076766967773438,0.3996124267578125,1.9739532470703125,0.9111368664773615,1.0049462387323889
(2)ERgAg0eVAAApMkg.jpg,0,4,0,0,0,2,1,1,0,0,0,0.018260869565217393,0.000240325927734375,1.0,3.406807920892413,4,0.8394450349586292,0.7226561878232575,11.725555419921875,-2.5496673583984375,-31.241531372070312,0.9817619706837423,1.0828428044884062
(3)ERgAg0eVAAApMkg.jpg,1,4,0,0,0,2,1,1,0,0,0,1.0,0.01316070556640625,0.06090317782481799,0.20748542862110908,5,0.4862426811223237,0.41859355605591947,-25.826126098632812,-46.30183410644531,24.423065185546875,0.9105557395290796,1.0043052797695935
(0)ETtT2GWVAAEs57z.jpg,1,14,3,1,4,1,3,2,0,0,0,0.44709997085397846,0.009986979166666667,0.19479009106978562,0.9066634190558268,1,0.47952814671101696,0.6383341593120525,3.93560791015625,-12.383758544921875,-10.478286743164062,0.9821363604634542,1.2125390973777157
(1)ETtT2GWVAAEs57z.jpg,1,14,3,1,4,1,3,2,0,0,0,0.7461381521422326,0.016666666666666666,0.11392135445671805,0.5302545122697981,5,0.6108389319520998,0.8131313224825086,-14.464805603027344,-9.989707946777344,9.459709167480469,0.9863830329178139,1.217782011286573
(2)ETtT2GWVAAEs57z.jpg,0,14,3,1,4,1,3,2,0,0,0,0.04153308073447974,0.000927734375,0.5154455185543866,2.399175407860433,3,1.0,1.3311714102503736,4.0843505859375,3.665863037109375,0.6452484130859375,0.9906280282030826,1.2230228545734902
(3)ETtT2GWVAAEs57z.jpg,1,14,3,1,4,1,3,2,0,0,0,0.7293791897406005,0.016292317708333334,0.2473703911752142,1.1514019188776174,6,0.6862969517101026,0.9135788810584698,1.7058563232421875,21.059494018554688,-2.1023941040039062,0.9942654048301455,1.2275135358574216
(4)ETtT2GWVAAEs57z.jpg,0,14,3,1,4,1,3,2,0,0,0,0.05129699795977849,0.0011458333333333333,0.32655603877825035,1.5199767760565557,3,0.9012481472520533,1.199715767163052,4.9165191650390625,2.8323898315429688,-2.1557693481445312,0.9825868692075905,1.2130952925131022
(5)ETtT2GWVAAEs57z.jpg,1,14,3,1,4,1,3,2,0,0,0,1.0,0.022337239583333335,0.1908147256123663,0.8881598164453174,6,0.5283429565259852,0.7033150385345475,4.5963897705078125,-8.404670715332031,5.13482666015625,0.9801727795492048,1.2101148732829388
(6)ETtT2GWVAAEs57z.jpg,1,14,3,1,4,1,3,2,0,0,0,0.7767414747886914,0.017350260416666666,0.14234594634531328,0.6625586634996846,4,0.6795992459949152,0.9046630866961418,-1.8538284301757812,-12.088325500488281,7.415473937988281,0.9881972202681798,1.2200217950689884
(7)ETtT2GWVAAEs57z.jpg,0,14,3,1,4,1,3,2,0,0,0,0.09180996793937628,0.00205078125,1.0,4.65456643136434,1,0.8167864378787815,1.0872827543844767,5.1331939697265625,3.3469161987304688,-4.6049957275390625,0.9556207600913302,1.1798031113823781
(8)ETtT2GWVAAEs57z.jpg,1,14,3,1,4,1,3,2,0,0,0,0.5897697464296123,0.013173828125,0.250526670545941,1.1660930308846102,5,0.4800475830053686,0.6390256180565398,-13.911598205566406,-4.81280517578125,2.163238525390625,0.9829753033962841,1.2135748508102076
(9)ETtT2GWVAAEs57z.jpg,1,14,3,1,4,1,3,2,0,0,0,0.39478286213931796,0.008818359375,0.46420201336002487,2.1606591087573124,5,0.47999094393929864,0.6389502217510842,14.053695678710938,-29.632301330566406,-7.5759124755859375,0.9585886779516879,1.1834672832716984
(10)ETtT2GWVAAEs57z.jpg,1,14,3,1,4,1,3,2,0,0,0,0.2602739726027397,0.005813802083333333,0.2451695118096027,1.1411577796629597,1,0.5537528368208693,0.7371399447209815,6.7377166748046875,15.419288635253906,10.5341796875,1.0,1.234593429374245
(11)ETtT2GWVAAEs57z.jpg,0,14,3,1,4,1,3,2,0,0,0,0.03963858933255611,0.0008854166666666666,0.8126676883870116,3.7826157422206403,2,0.9709338621657729,1.2924793985590537,9.605140686035156,-0.69769287109375,-5.3843994140625,0.951391387559792,1.1745815558445651
(12)ETtT2GWVAAEs57z.jpg,1,14,3,1,4,1,3,2,0,0,0,0.39347129116875545,0.0087890625,0.373295468929295,1.7375285586587064,3,0.7182282895246653,0.9560849650482622,-16.266921997070312,17.88526153564453,1.8174896240234375,0.9777753136475267,1.2071549776335782
(13)ETtT2GWVAAEs57z.jpg,0,14,3,1,4,1,3,2,0,0,0,0.20839405421160012,0.004654947916666667,0.3021126512310198,1.4062034049103875,3,0.5216163573383679,0.694360782007778,-16.369873046875,11.718124389648438,6.69378662109375,0.9933129773625973,1.226337675164031
(0)EumjoyVXUAcQMHR.jpg,1,8,1,3,3,0,0,1,0,0,0,0.5712412014165172,0.006618135697614108,0.2867567821507511,0.3449579345055848,2,0.7960776030248188,1.0079625406638206,8.740341186523438,-3.975250244140625,-7.800994873046875,0.9611593589263221,1.0947680202442427
(1)EumjoyVXUAcQMHR.jpg,1,8,1,3,3,0,0,1,0,0,0,0.788527958728632,0.00913551932053942,0.22589932408164365,0.27174863540087113,6,1.0,1.2661611592059776,3.8590621948242188,-3.2956085205078125,-6.362701416015625,0.9072128151124836,1.033322485306032
(2)EumjoyVXUAcQMHR.jpg,1,8,1,3,3,0,0,1,0,0,0,0.6456520788702838,0.007480225622406639,0.26489449354235445,0.31865839987782907,2,0.7781570260486722,0.9852722021460629,-0.5587615966796875,-4.576286315917969,-1.01800537109375,0.9687985509162879,1.103469119612887
(3)EumjoyVXUAcQMHR.jpg,1,8,1,3,3,0,0,1,0,0,0,0.7406112009793206,0.008580377982365146,0.22081451144668487,0.26563179153497385,2,0.7671562044376703,0.9713433891028586,4.3631744384765625,-4.576789855957031,-1.7720184326171875,0.9452769625191876,1.0766778466326616
(4)EumjoyVXUAcQMHR.jpg,1,8,1,3,3,0,0,1,0,0,0,1.0,0.011585536339470954,0.21129185409006637,0.2541763825709529,1,0.7747250370345887,0.9809267509576087,-6.2989959716796875,-3.5972442626953125,1.0281219482421875,0.9444223752991036,1.0757044651113057
(5)EumjoyVXUAcQMHR.jpg,0,8,1,3,3,0,0,1,0,0,0,0.03541293227823197,0.0004102778137966805,1.0,1.2029634728019676,3,0.9700069537440846,1.2281851289904693,70.15162658691406,-6.7360687255859375,-14.177818298339844,0.9858893571899081,1.1229356815048193
(6)EumjoyVXUAcQMHR.jpg,0,8,1,3,3,0,0,1,0,0,0,0.0571197481747038,0.0006617629181794606,0.7097199110288581,0.8537671288879786,3,0.8720897060410664,1.104206113132557,-29.259017944335938,3.797210693359375,0.45050048828125,0.9898493794170566,1.1274461777648581
(7)EumjoyVXUAcQMHR.jpg,0,8,1,3,3,0,0,1,0,0,0,0.08584357102260307,0.0009945438115923236,0.2568591572973354,0.3089921838833894,3,0.8743372236789595,1.1070518326702876,-47.962120056152344,-3.990509033203125,-4.045074462890625,1.0,1.1390078139250188
(0)EYeRBbYX0Aw0RZd.jpg,0,5,1,1,1,1,1,0,0,0,0,0.3208870551830841,0.005386677194148936,1.0,1.1767501165678425,1,0.9462484032969825,1.038228745595404,-13.091949462890625,0.3799591064453125,-2.26300048828125,1.0,1.316292010516158
(1)EYeRBbYX0Aw0RZd.jpg,0,5,1,1,1,1,1,0,0,0,0,0.16448341069279698,0.002761155437352246,0.9371183718478148,1.1027541533097827,4,0.9817200323273716,1.0771484043067203,6.4969024658203125,11.01556396484375,-13.659172058105469,0.9838571042286565,1.2950432457857433
(2)EYeRBbYX0Aw0RZd.jpg,1,5,1,1,1,1,1,0,0,0,0,1.0,0.01678683233599291,0.574335519928923,0.6758493900254124,3,0.8198183253429687,0.8995089963389,55.7762451171875,-23.599029541015625,-24.897201538085938,0.9356706825980566,1.2316158439780218
(3)EYeRBbYX0Aw0RZd.jpg,1,5,1,1,1,1,1,0,0,0,0,0.9617328519855596,0.016144448138297872,0.29965669156429775,0.3526210467286214,2,1.0,1.0972052813805948,-31.176002502441406,-10.943534851074219,9.514823913574219,0.9148190519953213,1.204169009209407
(4)EYeRBbYX0Aw0RZd.jpg,1,5,1,1,1,1,1,0,0,0,0,0.4519167955991061,0.0075862514775413715,0.866438116856704,1.0195811550099483,5,0.9029844179246763,0.990759272351337,-85.1568603515625,-24.154769897460938,31.858840942382812,0.9283099011591335,1.2219269061788116
(0)EZhsT_BXYAA5utf.jpg,0,8,2,1,0,3,0,2,0,0,0,0.02782516618624625,0.00047327260502049183,0.7813478705644847,1.5153127567674247,1,0.9756531261711404,1.1701601408376785,24.595252990722656,-0.490966796875,0.7188949584960938,1.0,1.1138523320091653
(1)EZhsT_BXYAA5utf.jpg,0,8,2,1,0,3,0,2,0,0,0,0.19765868580504736,0.003361936475409836,0.5104467349394417,0.9899386409605381,4,0.7745680007870097,0.928986518442518,52.90464782714844,1.4100723266601562,8.5859375,0.953125816253339,1.061641413131921
(2)EZhsT_BXYAA5utf.jpg,0,8,2,1,0,3,0,2,0,0,0,0.11867364746945899,0.002018495987021858,0.44663285710505707,0.8661807262286766,6,0.6282500739833459,0.753498528661179,30.046066284179688,-33.80017852783203,-9.524749755859375,0.9955201914445668,1.1088624868027415
(3)EZhsT_BXYAA5utf.jpg,0,8,2,1,0,3,0,2,0,0,0,0.0983391179873326,0.0016726301016051913,1.0,1.9393573769807388,1,0.9525245659081935,1.142420651659928,-46.01274490356445,-3.40240478515625,11.549972534179688,0.9882246243258664,1.1007363023542478
(4)EZhsT_BXYAA5utf.jpg,1,8,2,1,0,3,0,2,0,0,0,0.592976057415142,0.010085809426229508,0.28007926952614426,0.5431737974949045,2,0.5926677171893298,0.7108224437693864,-10.090164184570312,-6.2507781982421875,1.0185546875,0.8873366231147984,0.9883619669335562
(5)EZhsT_BXYAA5utf.jpg,1,8,2,1,0,3,0,2,0,0,0,1.0,0.017008797067110656,0.3184722884064272,0.617631581884942,4,0.5688647859162225,0.6822741404187928,-54.26983642578125,7.551971435546875,-30.855911254882812,0.8658960129420195,0.964480293292907
(6)EZhsT_BXYAA5utf.jpg,0,8,2,1,0,3,0,2,0,0,0,0.08875031864619487,0.0015095361594945355,0.392775119623847,0.7617313257369998,6,1.0,1.1993608275820964,6.115081787109375,19.88140869140625,11.725051879882812,0.9684382071395476,1.0786971554291604
(0)EZhsT_hXkAEgY7D.jpg,1,3,1,2,0,0,0,0,0,0,0,1.0,0.025486078477443608,0.737030153206165,0.5233185816964582,2,0.936953043215966,1.2009822277814637,38.43849182128906,-16.95037841796875,-18.972999572753906,0.9617436420265794,0.9640459297741149
(1)EZhsT_hXkAEgY7D.jpg,0,3,1,2,0,0,0,0,0,0,0,0.4334485738980121,0.011046904370300752,0.516093665710998,0.3664455300607725,1,0.8077641886051979,1.0353885307030786,12.800445556640625,-3.3101119995117188,3.4968719482421875,1.0,1.002393868435339
(2)EZhsT_hXkAEgY7D.jpg,0,3,1,2,0,0,0,0,0,0,0,0.2950158455776433,0.007518796992481203,1.0,0.710036868125358,2,1.0,1.2817955355150488,-49.59185028076172,-28.738296508789062,39.9906005859375,0.900446115719492,0.9026016652536365
